mutation1	101	101	4340	42.9703	42.9703
mutation2	101	101	2620	25.9406	25.9406
mutation3	101	101	5180	51.2871	51.2871
mutation4	101	101	5020	49.703	49.703
mutation5	101	101	2920	28.9109	28.9109
mutation6	101	101	3080	30.495	30.495
mutation7	101	101	2760	27.3267	27.3267
mutation8	101	101	4900	48.5149	48.5149
mutation9	101	101	2740	27.1287	27.1287
mutation10	101	101	2880	28.5149	28.5149
mutation11	101	101	3020	29.901	29.901
mutation12	101	101	2500	24.7525	24.7525
mutation13	101	101	2740	27.1287	27.1287
mutation14	101	101	4420	43.7624	43.7624
mutation15	101	101	5040	49.901	49.901
mutation16	101	101	3000	29.703	29.703
mutation17	101	101	4360	43.1683	43.1683
mutation18	101	101	3560	35.2475	35.2475
mutation19	101	101	4440	43.9604	43.9604
mutation20	101	101	3240	32.0792	32.0792
mutation21	101	101	3860	38.2178	38.2178
mutation22	101	101	3880	38.4158	38.4158
mutation23	101	101	3660	36.2376	36.2376
mutation24	101	101	3920	38.8119	38.8119
mutation25	101	101	5060	50.099	50.099
mutation26	101	101	5940	58.8119	58.8119
mutation27	101	101	5520	54.6535	54.6535
mutation28	101	101	4100	40.5941	40.5941
mutation29	101	101	2980	29.505	29.505
mutation30	101	101	4900	48.5149	48.5149
mutation31	101	101	2680	26.5347	26.5347
mutation32	101	101	4260	42.1782	42.1782
mutation33	101	101	3060	30.297	30.297
mutation34	101	101	3840	38.0198	38.0198
mutation35	101	101	4380	43.3663	43.3663
mutation36	101	101	3000	29.703	29.703
mutation37	101	101	4380	43.3663	43.3663
mutation38	101	101	3020	29.901	29.901
mutation39	101	101	4260	42.1782	42.1782
mutation40	101	101	3600	35.6436	35.6436
mutation41	101	101	3100	30.6931	30.6931
mutation42	101	101	2920	28.9109	28.9109
mutation43	101	101	3060	30.297	30.297
mutation44	101	101	4740	46.9307	46.9307
mutation45	101	101	2920	28.9109	28.9109
mutation46	101	101	4720	46.7327	46.7327
mutation47	101	101	3700	36.6337	36.6337
mutation48	101	101	2340	23.1683	23.1683
mutation49	101	101	3860	38.2178	38.2178
mutation50	101	101	3120	30.8911	30.8911
mutation51	101	101	2220	21.9802	21.9802
mutation52	101	101	7620	75.4455	75.4455
mutation53	101	101	5600	55.4455	55.4455
mutation54	101	101	2540	25.1485	25.1485
mutation55	101	101	3900	38.6139	38.6139
mutation56	101	101	5820	57.6238	57.6238
mutation57	101	101	2620	25.9406	25.9406
mutation58	101	101	3680	36.4356	36.4356
mutation59	101	101	4960	49.1089	49.1089
mutation60	101	101	6460	63.9604	63.9604
mutation61	101	101	5200	51.4851	51.4851
mutation62	101	101	3480	34.4554	34.4554
mutation63	101	101	3680	36.4356	36.4356
mutation64	101	101	3540	35.0495	35.0495
mutation65	101	101	2440	24.1584	24.1584
mutation66	101	101	5100	50.495	50.495
mutation67	101	101	3220	31.8812	31.8812
mutation68	101	101	5540	54.8515	54.8515
mutation69	101	101	3920	38.8119	38.8119
mutation70	101	101	4360	43.1683	43.1683
mutation71	101	101	2520	24.9505	24.9505
mutation72	101	101	3580	35.4455	35.4455
mutation73	101	101	3660	36.2376	36.2376
mutation74	101	101	5040	49.901	49.901
mutation75	101	101	3520	34.8515	34.8515
mutation76	101	101	4940	48.9109	48.9109
mutation77	101	101	6040	59.802	59.802
mutation78	101	101	2300	22.7723	22.7723
mutation79	101	101	4280	42.3762	42.3762
mutation80	101	101	5500	54.4554	54.4554
mutation81	101	101	5780	57.2277	57.2277
mutation82	101	101	5580	55.2475	55.2475
mutation83	101	101	3640	36.0396	36.0396
mutation84	101	101	4260	42.1782	42.1782
mutation85	101	101	3340	33.0693	33.0693
mutation86	101	101	3840	38.0198	38.0198
mutation87	101	101	3300	32.6733	32.6733
mutation88	101	101	4820	47.7228	47.7228
mutation89	101	101	4080	40.396	40.396
mutation90	101	101	5160	51.0891	51.0891
mutation91	101	101	3200	31.6832	31.6832
mutation92	101	101	4700	46.5347	46.5347
mutation93	101	101	4840	47.9208	47.9208
mutation94	101	101	4600	45.5446	45.5446
mutation95	101	101	4700	46.5347	46.5347
mutation96	101	101	3480	34.4554	34.4554
mutation97	101	101	3660	36.2376	36.2376
mutation98	101	101	4820	47.7228	47.7228
mutation99	101	101	3140	31.0891	31.0891
mutation100	101	101	3880	38.4158	38.4158
mutation101	101	101	2140	21.1881	21.1881
mutation102	101	101	3000	29.703	29.703
mutation103	101	101	5240	51.8812	51.8812
mutation104	101	101	2120	20.9901	20.9901
mutation105	101	101	3840	38.0198	38.0198
mutation106	101	101	4640	45.9406	45.9406
mutation107	101	101	5440	53.8614	53.8614
mutation108	101	101	4760	47.1287	47.1287
mutation109	101	101	5880	58.2178	58.2178
mutation110	101	101	3320	32.8713	32.8713
mutation111	101	101	3580	35.4455	35.4455
mutation112	101	101	4540	44.9505	44.9505
mutation113	101	101	1920	19.0099	19.0099
mutation114	101	101	3700	36.6337	36.6337
mutation115	101	101	3560	35.2475	35.2475
mutation116	101	101	3740	37.0297	37.0297
mutation117	101	101	4160	41.1881	41.1881
mutation118	101	101	2860	28.3168	28.3168
mutation119	101	101	4100	40.5941	40.5941
mutation120	101	101	5940	58.8119	58.8119
mutation121	101	101	4100	40.5941	40.5941
mutation122	101	101	3880	38.4158	38.4158
mutation123	101	101	4640	45.9406	45.9406
mutation124	101	101	3540	35.0495	35.0495
mutation125	101	101	3560	35.2475	35.2475
mutation126	101	101	3120	30.8911	30.8911
mutation127	101	101	4880	48.3168	48.3168
mutation128	101	101	5840	57.8218	57.8218
mutation129	101	101	6240	61.7822	61.7822
mutation130	101	101	5160	51.0891	51.0891
mutation131	101	101	4280	42.3762	42.3762
mutation132	101	101	2400	23.7624	23.7624
mutation133	101	101	3120	30.8911	30.8911
mutation134	101	101	4760	47.1287	47.1287
mutation135	101	101	2720	26.9307	26.9307
mutation136	101	101	2340	23.1683	23.1683
mutation137	101	101	2420	23.9604	23.9604
mutation138	101	101	4140	40.9901	40.9901
mutation139	101	101	5320	52.6733	52.6733
mutation140	101	101	3440	34.0594	34.0594
mutation141	101	101	5180	51.2871	51.2871
mutation142	101	101	4580	45.3465	45.3465
mutation143	101	101	3780	37.4257	37.4257
mutation144	101	101	4420	43.7624	43.7624
mutation145	101	101	2940	29.1089	29.1089
mutation146	101	101	3820	37.8218	37.8218
mutation147	101	101	4400	43.5644	43.5644
mutation148	101	101	5520	54.6535	54.6535
mutation149	101	101	3300	32.6733	32.6733
mutation150	101	101	3180	31.4851	31.4851
mutation151	101	101	4440	43.9604	43.9604
mutation152	101	101	2880	28.5149	28.5149
mutation153	101	101	3320	32.8713	32.8713
mutation154	101	101	6140	60.7921	60.7921
mutation155	101	101	3160	31.2871	31.2871
mutation156	101	101	3100	30.6931	30.6931
mutation157	101	101	3220	31.8812	31.8812
mutation158	101	101	2980	29.505	29.505
mutation159	101	101	3620	35.8416	35.8416
mutation160	101	101	1980	19.604	19.604
mutation161	101	101	2820	27.9208	27.9208
mutation162	101	101	3420	33.8614	33.8614
mutation163	101	101	4940	48.9109	48.9109
mutation164	101	101	2400	23.7624	23.7624
mutation165	101	101	3900	38.6139	38.6139
mutation166	101	101	4360	43.1683	43.1683
mutation167	101	101	4940	48.9109	48.9109
mutation168	101	101	3060	30.297	30.297
mutation169	101	101	4580	45.3465	45.3465
mutation170	101	101	3480	34.4554	34.4554
mutation171	101	101	3500	34.6535	34.6535
mutation172	101	101	3600	35.6436	35.6436
mutation173	101	101	3440	34.0594	34.0594
mutation174	101	101	5220	51.6832	51.6832
mutation175	101	101	4480	44.3564	44.3564
mutation176	101	101	4680	46.3366	46.3366
mutation177	101	101	2560	25.3465	25.3465
mutation178	101	101	3460	34.2574	34.2574
mutation179	101	101	5620	55.6436	55.6436
mutation180	101	101	3120	30.8911	30.8911
mutation181	101	101	4800	47.5248	47.5248
mutation182	101	101	2380	23.5644	23.5644
mutation183	101	101	5360	53.0693	53.0693
mutation184	101	101	3720	36.8317	36.8317
mutation185	101	101	4340	42.9703	42.9703
mutation186	101	101	3800	37.6238	37.6238
mutation187	101	101	5000	49.505	49.505
mutation188	101	101	5680	56.2376	56.2376
mutation189	101	101	3780	37.4257	37.4257
mutation190	101	101	3940	39.0099	39.0099
mutation191	101	101	3580	35.4455	35.4455
mutation192	101	101	4960	49.1089	49.1089
mutation193	101	101	3560	35.2475	35.2475
mutation194	101	101	2060	20.396	20.396
mutation195	101	101	5820	57.6238	57.6238
mutation196	101	101	3340	33.0693	33.0693
mutation197	101	101	4440	43.9604	43.9604
mutation198	101	101	5960	59.0099	59.0099
mutation199	101	101	2740	27.1287	27.1287
mutation200	101	101	4800	47.5248	47.5248
mutation201	101	101	3020	29.901	29.901
mutation202	101	101	2720	26.9307	26.9307
mutation203	101	101	4460	44.1584	44.1584
mutation204	101	101	4320	42.7723	42.7723
mutation205	101	101	1520	15.0495	15.0495
mutation206	101	101	5380	53.2673	53.2673
mutation207	101	101	4140	40.9901	40.9901
mutation208	101	101	3880	38.4158	38.4158
mutation209	101	101	5180	51.2871	51.2871
mutation210	101	101	3920	38.8119	38.8119
mutation211	101	101	3800	37.6238	37.6238
mutation212	101	101	4480	44.3564	44.3564
mutation213	101	101	5000	49.505	49.505
mutation214	101	101	3940	39.0099	39.0099
mutation215	101	101	5460	54.0594	54.0594
mutation216	101	101	4860	48.1188	48.1188
mutation217	101	101	3380	33.4653	33.4653
mutation218	101	101	3580	35.4455	35.4455
mutation219	101	101	3120	30.8911	30.8911
mutation220	101	101	6820	67.5248	67.5248
mutation221	101	101	2260	22.3762	22.3762
mutation222	101	101	4900	48.5149	48.5149
mutation223	101	101	5720	56.6337	56.6337
mutation224	101	101	4840	47.9208	47.9208
mutation225	101	101	4860	48.1188	48.1188
mutation226	101	101	3040	30.099	30.099
mutation227	101	101	3920	38.8119	38.8119
mutation228	101	101	2620	25.9406	25.9406
mutation229	101	101	3660	36.2376	36.2376
mutation230	101	101	2640	26.1386	26.1386
mutation231	101	101	3880	38.4158	38.4158
mutation232	101	101	3300	32.6733	32.6733
mutation233	101	101	4100	40.5941	40.5941
mutation234	101	101	2520	24.9505	24.9505
mutation235	101	101	5100	50.495	50.495
mutation236	101	101	4000	39.604	39.604
mutation237	101	101	3240	32.0792	32.0792
mutation238	101	101	2880	28.5149	28.5149
mutation239	101	101	5820	57.6238	57.6238
mutation240	101	101	4120	40.7921	40.7921
mutation241	101	101	3600	35.6436	35.6436
mutation242	101	101	6620	65.5446	65.5446
mutation243	101	101	4400	43.5644	43.5644
mutation244	101	101	4040	40	40
mutation245	101	101	2860	28.3168	28.3168
mutation246	101	101	5040	49.901	49.901
mutation247	101	101	3260	32.2772	32.2772
mutation248	101	101	4840	47.9208	47.9208
mutation249	101	101	3660	36.2376	36.2376
mutation250	101	101	3900	38.6139	38.6139
mutation251	101	101	3100	30.6931	30.6931
mutation252	101	101	5140	50.8911	50.8911
mutation253	101	101	5480	54.2574	54.2574
mutation254	101	101	4120	40.7921	40.7921
mutation255	101	101	4400	43.5644	43.5644
mutation256	101	101	5540	54.8515	54.8515
mutation257	101	101	3560	35.2475	35.2475
mutation258	101	101	5040	49.901	49.901
mutation259	101	101	4520	44.7525	44.7525
mutation260	101	101	4220	41.7822	41.7822
mutation261	101	101	2960	29.3069	29.3069
mutation262	101	101	2920	28.9109	28.9109
mutation263	101	101	4660	46.1386	46.1386
mutation264	101	101	2940	29.1089	29.1089
mutation265	101	101	3520	34.8515	34.8515
mutation266	101	101	4860	48.1188	48.1188
mutation267	101	101	4680	46.3366	46.3366
mutation268	101	101	2680	26.5347	26.5347
mutation269	101	101	4460	44.1584	44.1584
mutation270	101	101	2480	24.5545	24.5545
mutation271	101	101	2860	28.3168	28.3168
mutation272	101	101	5580	55.2475	55.2475
mutation273	101	101	3920	38.8119	38.8119
mutation274	101	101	6160	60.9901	60.9901
mutation275	101	101	4960	49.1089	49.1089
mutation276	101	101	3620	35.8416	35.8416
mutation277	101	101	3620	35.8416	35.8416
mutation278	101	101	4320	42.7723	42.7723
mutation279	101	101	3520	34.8515	34.8515
mutation280	101	101	3680	36.4356	36.4356
mutation281	101	101	4140	40.9901	40.9901
mutation282	101	101	2960	29.3069	29.3069
mutation283	101	101	3940	39.0099	39.0099
mutation284	101	101	7300	72.2772	72.2772
mutation285	101	101	5280	52.2772	52.2772
mutation286	101	101	3640	36.0396	36.0396
mutation287	101	101	2500	24.7525	24.7525
mutation288	101	101	5660	56.0396	56.0396
mutation289	101	101	6320	62.5743	62.5743
mutation290	101	101	4060	40.198	40.198
mutation291	101	101	4620	45.7426	45.7426
mutation292	101	101	3560	35.2475	35.2475
mutation293	101	101	4000	39.604	39.604
mutation294	101	101	4700	46.5347	46.5347
mutation295	101	101	3780	37.4257	37.4257
mutation296	101	101	5840	57.8218	57.8218
mutation297	101	101	2120	20.9901	20.9901
mutation298	101	101	3760	37.2277	37.2277
mutation299	101	101	3820	37.8218	37.8218
mutation300	101	101	1320	13.0693	13.0693
mutation301	101	101	5660	56.0396	56.0396
mutation302	101	101	2900	28.7129	28.7129
mutation303	101	101	3240	32.0792	32.0792
mutation304	101	101	4100	40.5941	40.5941
mutation305	101	101	4740	46.9307	46.9307
mutation306	101	101	3040	30.099	30.099
mutation307	101	101	2200	21.7822	21.7822
mutation308	101	101	4160	41.1881	41.1881
mutation309	101	101	4100	40.5941	40.5941
mutation310	101	101	3160	31.2871	31.2871
mutation311	101	101	3680	36.4356	36.4356
mutation312	101	101	5160	51.0891	51.0891
mutation313	101	101	2960	29.3069	29.3069
mutation314	101	101	2740	27.1287	27.1287
mutation315	101	101	4800	47.5248	47.5248
mutation316	101	101	4140	40.9901	40.9901
mutation317	101	101	2480	24.5545	24.5545
mutation318	101	101	3440	34.0594	34.0594
mutation319	101	101	3400	33.6634	33.6634
mutation320	101	101	3820	37.8218	37.8218
mutation321	101	101	3640	36.0396	36.0396
mutation322	101	101	3860	38.2178	38.2178
mutation323	101	101	3700	36.6337	36.6337
mutation324	101	101	5080	50.297	50.297
mutation325	101	101	3980	39.4059	39.4059
mutation326	101	101	3860	38.2178	38.2178
mutation327	101	101	3240	32.0792	32.0792
mutation328	101	101	4140	40.9901	40.9901
mutation329	101	101	4800	47.5248	47.5248
mutation330	101	101	4440	43.9604	43.9604
mutation331	101	101	2180	21.5842	21.5842
mutation332	101	101	2820	27.9208	27.9208
mutation333	101	101	4060	40.198	40.198
mutation334	101	101	3420	33.8614	33.8614
mutation335	101	101	2440	24.1584	24.1584
mutation336	101	101	5140	50.8911	50.8911
mutation337	101	101	3920	38.8119	38.8119
mutation338	101	101	4220	41.7822	41.7822
mutation339	101	101	5560	55.0495	55.0495
mutation340	101	101	3580	35.4455	35.4455
mutation341	101	101	6160	60.9901	60.9901
mutation342	101	101	5280	52.2772	52.2772
mutation343	101	101	3940	39.0099	39.0099
mutation344	101	101	2140	21.1881	21.1881
mutation345	101	101	3540	35.0495	35.0495
mutation346	101	101	5340	52.8713	52.8713
mutation347	101	101	5980	59.2079	59.2079
mutation348	101	101	3240	32.0792	32.0792
mutation349	101	101	3740	37.0297	37.0297
mutation350	101	101	4940	48.9109	48.9109
mutation351	101	101	2300	22.7723	22.7723
mutation352	101	101	3420	33.8614	33.8614
mutation353	101	101	3120	30.8911	30.8911
mutation354	101	101	3240	32.0792	32.0792
mutation355	101	101	3860	38.2178	38.2178
mutation356	101	101	3200	31.6832	31.6832
mutation357	101	101	4760	47.1287	47.1287
mutation358	101	101	3560	35.2475	35.2475
mutation359	101	101	3680	36.4356	36.4356
mutation360	101	101	4240	41.9802	41.9802
mutation361	101	101	2980	29.505	29.505
mutation362	101	101	4600	45.5446	45.5446
mutation363	101	101	4540	44.9505	44.9505
mutation364	101	101	4100	40.5941	40.5941
mutation365	101	101	2900	28.7129	28.7129
mutation366	101	101	3820	37.8218	37.8218
mutation367	101	101	2680	26.5347	26.5347
mutation368	101	101	4960	49.1089	49.1089
mutation369	101	101	4700	46.5347	46.5347
mutation370	101	101	3840	38.0198	38.0198
mutation371	101	101	5760	57.0297	57.0297
mutation372	101	101	4140	40.9901	40.9901
mutation373	101	101	4860	48.1188	48.1188
mutation374	101	101	3760	37.2277	37.2277
mutation375	101	101	5540	54.8515	54.8515
mutation376	101	101	5160	51.0891	51.0891
mutation377	101	101	3160	31.2871	31.2871
mutation378	101	101	3220	31.8812	31.8812
mutation379	101	101	3540	35.0495	35.0495
mutation380	101	101	4660	46.1386	46.1386
mutation381	101	101	3220	31.8812	31.8812
mutation382	101	101	5260	52.0792	52.0792
mutation383	101	101	3020	29.901	29.901
mutation384	101	101	5480	54.2574	54.2574
mutation385	101	101	3700	36.6337	36.6337
mutation386	101	101	3560	35.2475	35.2475
mutation387	101	101	3440	34.0594	34.0594
mutation388	101	101	4480	44.3564	44.3564
mutation389	101	101	4100	40.5941	40.5941
mutation390	101	101	2040	20.198	20.198
mutation391	101	101	3800	37.6238	37.6238
mutation392	101	101	3140	31.0891	31.0891
mutation393	101	101	3640	36.0396	36.0396
mutation394	101	101	3560	35.2475	35.2475
mutation395	101	101	3360	33.2673	33.2673
mutation396	101	101	3300	32.6733	32.6733
mutation397	101	101	4140	40.9901	40.9901
mutation398	101	101	4340	42.9703	42.9703
mutation399	101	101	2540	25.1485	25.1485
mutation400	101	101	3720	36.8317	36.8317
mutation401	101	101	3840	38.0198	38.0198
mutation402	101	101	5880	58.2178	58.2178
mutation403	101	101	5760	57.0297	57.0297
mutation404	101	101	4380	43.3663	43.3663
mutation405	101	101	3900	38.6139	38.6139
mutation406	101	101	4680	46.3366	46.3366
mutation407	101	101	2600	25.7426	25.7426
mutation408	101	101	2940	29.1089	29.1089
mutation409	101	101	4040	40	40
mutation410	101	101	3840	38.0198	38.0198
mutation411	101	101	4660	46.1386	46.1386
mutation412	101	101	3000	29.703	29.703
mutation413	101	101	4040	40	40
mutation414	101	101	2740	27.1287	27.1287
mutation415	101	101	3220	31.8812	31.8812
mutation416	101	101	4240	41.9802	41.9802
mutation417	101	101	3960	39.2079	39.2079
mutation418	101	101	4240	41.9802	41.9802
mutation419	101	101	3460	34.2574	34.2574
mutation420	101	101	3840	38.0198	38.0198
mutation421	101	101	4840	47.9208	47.9208
mutation422	101	101	5680	56.2376	56.2376
mutation423	101	101	6260	61.9802	61.9802
mutation424	101	101	2720	26.9307	26.9307
mutation425	101	101	3780	37.4257	37.4257
mutation426	101	101	4580	45.3465	45.3465
mutation427	101	101	2720	26.9307	26.9307
mutation428	101	101	2780	27.5248	27.5248
mutation429	101	101	3860	38.2178	38.2178
mutation430	101	101	3820	37.8218	37.8218
mutation431	101	101	3640	36.0396	36.0396
mutation432	101	101	5540	54.8515	54.8515
mutation433	101	101	4080	40.396	40.396
mutation434	101	101	4080	40.396	40.396
mutation435	101	101	3300	32.6733	32.6733
mutation436	101	101	3800	37.6238	37.6238
mutation437	101	101	5260	52.0792	52.0792
mutation438	101	101	5580	55.2475	55.2475
mutation439	101	101	3720	36.8317	36.8317
mutation440	101	101	3660	36.2376	36.2376
mutation441	101	101	3460	34.2574	34.2574
mutation442	101	101	5220	51.6832	51.6832
mutation443	101	101	3320	32.8713	32.8713
mutation444	101	101	3920	38.8119	38.8119
mutation445	101	101	2700	26.7327	26.7327
mutation446	101	101	3080	30.495	30.495
mutation447	101	101	2600	25.7426	25.7426
mutation448	101	101	3820	37.8218	37.8218
mutation449	101	101	4920	48.7129	48.7129
mutation450	101	101	3440	34.0594	34.0594
mutation451	101	101	3440	34.0594	34.0594
mutation452	101	101	5080	50.297	50.297
mutation453	101	101	2400	23.7624	23.7624
mutation454	101	101	5260	52.0792	52.0792
mutation455	101	101	2940	29.1089	29.1089
mutation456	101	101	4540	44.9505	44.9505
mutation457	101	101	4200	41.5842	41.5842
mutation458	101	101	5040	49.901	49.901
mutation459	101	101	2740	27.1287	27.1287
mutation460	101	101	3840	38.0198	38.0198
mutation461	101	101	4640	45.9406	45.9406
mutation462	101	101	3460	34.2574	34.2574
mutation463	101	101	2400	23.7624	23.7624
mutation464	101	101	4760	47.1287	47.1287
mutation465	101	101	3600	35.6436	35.6436
mutation466	101	101	6360	62.9703	62.9703
mutation467	101	101	3160	31.2871	31.2871
mutation468	101	101	5440	53.8614	53.8614
mutation469	101	101	3800	37.6238	37.6238
mutation470	101	101	4220	41.7822	41.7822
mutation471	101	101	3020	29.901	29.901
mutation472	101	101	3080	30.495	30.495
mutation473	101	101	3700	36.6337	36.6337
mutation474	101	101	3360	33.2673	33.2673
mutation475	101	101	3400	33.6634	33.6634
mutation476	101	101	2740	27.1287	27.1287
mutation477	101	101	3700	36.6337	36.6337
mutation478	101	101	3300	32.6733	32.6733
mutation479	101	101	5580	55.2475	55.2475
mutation480	101	101	4340	42.9703	42.9703
mutation481	101	101	4000	39.604	39.604
mutation482	101	101	4640	45.9406	45.9406
mutation483	101	101	4460	44.1584	44.1584
mutation484	101	101	5180	51.2871	51.2871
mutation485	101	101	3540	35.0495	35.0495
mutation486	101	101	5380	53.2673	53.2673
mutation487	101	101	3700	36.6337	36.6337
mutation488	101	101	3020	29.901	29.901
mutation489	101	101	4080	40.396	40.396
mutation490	101	101	3980	39.4059	39.4059
mutation491	101	101	4140	40.9901	40.9901
mutation492	101	101	4480	44.3564	44.3564
mutation493	101	101	2740	27.1287	27.1287
mutation494	101	101	3380	33.4653	33.4653
mutation495	101	101	3000	29.703	29.703
mutation496	101	101	5460	54.0594	54.0594
mutation497	101	101	5640	55.8416	55.8416
mutation498	101	101	3960	39.2079	39.2079
mutation499	101	101	2780	27.5248	27.5248
mutation500	101	101	5460	54.0594	54.0594
mutation501	101	101	5660	56.0396	56.0396
mutation502	101	101	3220	31.8812	31.8812
mutation503	101	101	3780	37.4257	37.4257
mutation504	101	101	4020	39.802	39.802
mutation505	101	101	3420	33.8614	33.8614
mutation506	101	101	3760	37.2277	37.2277
mutation507	101	101	3620	35.8416	35.8416
mutation508	101	101	3540	35.0495	35.0495
mutation509	101	101	3020	29.901	29.901
mutation510	101	101	4460	44.1584	44.1584
mutation511	101	101	2580	25.5446	25.5446
mutation512	101	101	5560	55.0495	55.0495
mutation513	101	101	4020	39.802	39.802
mutation514	101	101	6580	65.1485	65.1485
mutation515	101	101	3680	36.4356	36.4356
mutation516	101	101	3240	32.0792	32.0792
mutation517	101	101	4860	48.1188	48.1188
mutation518	101	101	2840	28.1188	28.1188
mutation519	101	101	3040	30.099	30.099
mutation520	101	101	2560	25.3465	25.3465
mutation521	101	101	4640	45.9406	45.9406
mutation522	101	101	5760	57.0297	57.0297
mutation523	101	101	3620	35.8416	35.8416
mutation524	101	101	4780	47.3267	47.3267
mutation525	101	101	5740	56.8317	56.8317
mutation526	101	101	5300	52.4752	52.4752
mutation527	101	101	3580	35.4455	35.4455
mutation528	101	101	4400	43.5644	43.5644
mutation529	101	101	3180	31.4851	31.4851
mutation530	101	101	3220	31.8812	31.8812
mutation531	101	101	3820	37.8218	37.8218
mutation532	101	101	4280	42.3762	42.3762
mutation533	101	101	2840	28.1188	28.1188
mutation534	101	101	3440	34.0594	34.0594
mutation535	101	101	5660	56.0396	56.0396
mutation536	101	101	3540	35.0495	35.0495
mutation537	101	101	2640	26.1386	26.1386
mutation538	101	101	4720	46.7327	46.7327
mutation539	101	101	4720	46.7327	46.7327
mutation540	101	101	5580	55.2475	55.2475
mutation541	101	101	4960	49.1089	49.1089
mutation542	101	101	4360	43.1683	43.1683
mutation543	101	101	3160	31.2871	31.2871
mutation544	101	101	2820	27.9208	27.9208
mutation545	101	101	2960	29.3069	29.3069
mutation546	101	101	2740	27.1287	27.1287
mutation547	101	101	6860	67.9208	67.9208
mutation548	101	101	3520	34.8515	34.8515
mutation549	101	101	3580	35.4455	35.4455
mutation550	101	101	3460	34.2574	34.2574
mutation551	101	101	3320	32.8713	32.8713
mutation552	101	101	4660	46.1386	46.1386
mutation553	101	101	3560	35.2475	35.2475
mutation554	101	101	2800	27.7228	27.7228
mutation555	101	101	3940	39.0099	39.0099
mutation556	101	101	3420	33.8614	33.8614
mutation557	101	101	2840	28.1188	28.1188
mutation558	101	101	2500	24.7525	24.7525
mutation559	101	101	2820	27.9208	27.9208
mutation560	101	101	3820	37.8218	37.8218
mutation561	101	101	4020	39.802	39.802
mutation562	101	101	3420	33.8614	33.8614
mutation563	101	101	2600	25.7426	25.7426
mutation564	101	101	3520	34.8515	34.8515
mutation565	101	101	4260	42.1782	42.1782
mutation566	101	101	4860	48.1188	48.1188
mutation567	101	101	5460	54.0594	54.0594
mutation568	101	101	4100	40.5941	40.5941
mutation569	101	101	3440	34.0594	34.0594
mutation570	101	101	3740	37.0297	37.0297
mutation571	101	101	4000	39.604	39.604
mutation572	101	101	3920	38.8119	38.8119
mutation573	101	101	3400	33.6634	33.6634
mutation574	101	101	4780	47.3267	47.3267
mutation575	101	101	3660	36.2376	36.2376
mutation576	101	101	3780	37.4257	37.4257
mutation577	101	101	4240	41.9802	41.9802
mutation578	101	101	1680	16.6337	16.6337
mutation579	101	101	4080	40.396	40.396
mutation580	101	101	3160	31.2871	31.2871
mutation581	101	101	3420	33.8614	33.8614
mutation582	101	101	4840	47.9208	47.9208
mutation583	101	101	2400	23.7624	23.7624
mutation584	101	101	4100	40.5941	40.5941
mutation585	101	101	2620	25.9406	25.9406
mutation586	101	101	2300	22.7723	22.7723
mutation587	101	101	4140	40.9901	40.9901
mutation588	101	101	2940	29.1089	29.1089
mutation589	101	101	4040	40	40
mutation590	101	101	3220	31.8812	31.8812
mutation591	101	101	4400	43.5644	43.5644
mutation592	101	101	3260	32.2772	32.2772
mutation593	101	101	4860	48.1188	48.1188
mutation594	101	101	2580	25.5446	25.5446
mutation595	101	101	2240	22.1782	22.1782
mutation596	101	101	3740	37.0297	37.0297
mutation597	101	101	6060	60	60
mutation598	101	101	2940	29.1089	29.1089
mutation599	101	101	4820	47.7228	47.7228
mutation600	101	101	3640	36.0396	36.0396
mutation601	101	101	3120	30.8911	30.8911
mutation602	101	101	2800	27.7228	27.7228
mutation603	101	101	2900	28.7129	28.7129
mutation604	101	101	3320	32.8713	32.8713
mutation605	101	101	6040	59.802	59.802
mutation606	101	101	2600	25.7426	25.7426
mutation607	101	101	4820	47.7228	47.7228
mutation608	101	101	4320	42.7723	42.7723
mutation609	101	101	2520	24.9505	24.9505
mutation610	101	101	3840	38.0198	38.0198
mutation611	101	101	3000	29.703	29.703
mutation612	101	101	4580	45.3465	45.3465
mutation613	101	101	4120	40.7921	40.7921
mutation614	101	101	4060	40.198	40.198
mutation615	101	101	2880	28.5149	28.5149
mutation616	101	101	3420	33.8614	33.8614
mutation617	101	101	5340	52.8713	52.8713
mutation618	101	101	3540	35.0495	35.0495
mutation619	101	101	4180	41.3861	41.3861
mutation620	101	101	3320	32.8713	32.8713
mutation621	101	101	4360	43.1683	43.1683
mutation622	101	101	5160	51.0891	51.0891
mutation623	101	101	3100	30.6931	30.6931
mutation624	101	101	3640	36.0396	36.0396
mutation625	101	101	2220	21.9802	21.9802
mutation626	101	101	4140	40.9901	40.9901
mutation627	101	101	4360	43.1683	43.1683
mutation628	101	101	4500	44.5545	44.5545
mutation629	101	101	3320	32.8713	32.8713
mutation630	101	101	3980	39.4059	39.4059
mutation631	101	101	3920	38.8119	38.8119
mutation632	101	101	5660	56.0396	56.0396
mutation633	101	101	2860	28.3168	28.3168
mutation634	101	101	3460	34.2574	34.2574
mutation635	101	101	3040	30.099	30.099
mutation636	101	101	4400	43.5644	43.5644
mutation637	101	101	4380	43.3663	43.3663
mutation638	101	101	5840	57.8218	57.8218
mutation639	101	101	3260	32.2772	32.2772
mutation640	101	101	4960	49.1089	49.1089
mutation641	101	101	4680	46.3366	46.3366
mutation642	101	101	3100	30.6931	30.6931
mutation643	101	101	4560	45.1485	45.1485
mutation644	101	101	3960	39.2079	39.2079
mutation645	101	101	5320	52.6733	52.6733
mutation646	101	101	4660	46.1386	46.1386
mutation647	101	101	5440	53.8614	53.8614
mutation648	101	101	3220	31.8812	31.8812
mutation649	101	101	2400	23.7624	23.7624
mutation650	101	101	3940	39.0099	39.0099
mutation651	101	101	4700	46.5347	46.5347
mutation652	101	101	3380	33.4653	33.4653
mutation653	101	101	4540	44.9505	44.9505
mutation654	101	101	2720	26.9307	26.9307
mutation655	101	101	5340	52.8713	52.8713
mutation656	101	101	2360	23.3663	23.3663
mutation657	101	101	4200	41.5842	41.5842
mutation658	101	101	3400	33.6634	33.6634
mutation659	101	101	4120	40.7921	40.7921
mutation660	101	101	5300	52.4752	52.4752
mutation661	101	101	3480	34.4554	34.4554
mutation662	101	101	6840	67.7228	67.7228
mutation663	101	101	3740	37.0297	37.0297
mutation664	101	101	5000	49.505	49.505
mutation665	101	101	5520	54.6535	54.6535
mutation666	101	101	2940	29.1089	29.1089
mutation667	101	101	2120	20.9901	20.9901
mutation668	101	101	4760	47.1287	47.1287
mutation669	101	101	3760	37.2277	37.2277
mutation670	101	101	6660	65.9406	65.9406
mutation671	101	101	3960	39.2079	39.2079
mutation672	101	101	3440	34.0594	34.0594
mutation673	101	101	2820	27.9208	27.9208
mutation674	101	101	4160	41.1881	41.1881
mutation675	101	101	4920	48.7129	48.7129
mutation676	101	101	3800	37.6238	37.6238
mutation677	101	101	6340	62.7723	62.7723
mutation678	101	101	3460	34.2574	34.2574
mutation679	101	101	4040	40	40
mutation680	101	101	3400	33.6634	33.6634
mutation681	101	101	4280	42.3762	42.3762
mutation682	101	101	5220	51.6832	51.6832
mutation683	101	101	4960	49.1089	49.1089
mutation684	101	101	2920	28.9109	28.9109
mutation685	101	101	4920	48.7129	48.7129
mutation686	101	101	5300	52.4752	52.4752
mutation687	101	101	5160	51.0891	51.0891
mutation688	101	101	4860	48.1188	48.1188
mutation689	101	101	2480	24.5545	24.5545
mutation690	101	101	3320	32.8713	32.8713
mutation691	101	101	2920	28.9109	28.9109
mutation692	101	101	3960	39.2079	39.2079
mutation693	101	101	2580	25.5446	25.5446
mutation694	101	101	4140	40.9901	40.9901
mutation695	101	101	3200	31.6832	31.6832
mutation696	101	101	3900	38.6139	38.6139
mutation697	101	101	3160	31.2871	31.2871
mutation698	101	101	4840	47.9208	47.9208
mutation699	101	101	2940	29.1089	29.1089
mutation700	101	101	4360	43.1683	43.1683
mutation701	101	101	3820	37.8218	37.8218
mutation702	101	101	3900	38.6139	38.6139
mutation703	101	101	6140	60.7921	60.7921
mutation704	101	101	3880	38.4158	38.4158
mutation705	101	101	4340	42.9703	42.9703
mutation706	101	101	4180	41.3861	41.3861
mutation707	101	101	5580	55.2475	55.2475
mutation708	101	101	3780	37.4257	37.4257
mutation709	101	101	2540	25.1485	25.1485
mutation710	101	101	5420	53.6634	53.6634
mutation711	101	101	4120	40.7921	40.7921
mutation712	101	101	3800	37.6238	37.6238
mutation713	101	101	3440	34.0594	34.0594
mutation714	101	101	3800	37.6238	37.6238
mutation715	101	101	2760	27.3267	27.3267
mutation716	101	101	2680	26.5347	26.5347
mutation717	101	101	4520	44.7525	44.7525
mutation718	101	101	3180	31.4851	31.4851
mutation719	101	101	5100	50.495	50.495
mutation720	101	101	3480	34.4554	34.4554
mutation721	101	101	3780	37.4257	37.4257
mutation722	101	101	4360	43.1683	43.1683
mutation723	101	101	3720	36.8317	36.8317
mutation724	101	101	4040	40	40
mutation725	101	101	5800	57.4257	57.4257
mutation726	101	101	3300	32.6733	32.6733
mutation727	101	101	4720	46.7327	46.7327
mutation728	101	101	3520	34.8515	34.8515
mutation729	101	101	5660	56.0396	56.0396
mutation730	101	101	2940	29.1089	29.1089
mutation731	101	101	6580	65.1485	65.1485
mutation732	101	101	2660	26.3366	26.3366
mutation733	101	101	5240	51.8812	51.8812
mutation734	101	101	2120	20.9901	20.9901
mutation735	101	101	5420	53.6634	53.6634
mutation736	101	101	5320	52.6733	52.6733
mutation737	101	101	6740	66.7327	66.7327
mutation738	101	101	4540	44.9505	44.9505
mutation739	101	101	2440	24.1584	24.1584
mutation740	101	101	5060	50.099	50.099
mutation741	101	101	3960	39.2079	39.2079
mutation742	101	101	4940	48.9109	48.9109
mutation743	101	101	5900	58.4158	58.4158
mutation744	101	101	5480	54.2574	54.2574
mutation745	101	101	4900	48.5149	48.5149
mutation746	101	101	3440	34.0594	34.0594
mutation747	101	101	4700	46.5347	46.5347
mutation748	101	101	4980	49.3069	49.3069
mutation749	101	101	4140	40.9901	40.9901
mutation750	101	101	5560	55.0495	55.0495
mutation751	101	101	5680	56.2376	56.2376
mutation752	101	101	4840	47.9208	47.9208
mutation753	101	101	6480	64.1584	64.1584
mutation754	101	101	4500	44.5545	44.5545
mutation755	101	101	5100	50.495	50.495
mutation756	101	101	5040	49.901	49.901
mutation757	101	101	4360	43.1683	43.1683
mutation758	101	101	4440	43.9604	43.9604
mutation759	101	101	3960	39.2079	39.2079
mutation760	101	101	5320	52.6733	52.6733
mutation761	101	101	4300	42.5743	42.5743
mutation762	101	101	5540	54.8515	54.8515
mutation763	101	101	3760	37.2277	37.2277
mutation764	101	101	4080	40.396	40.396
mutation765	101	101	4860	48.1188	48.1188
mutation766	101	101	6720	66.5347	66.5347
mutation767	101	101	4780	47.3267	47.3267
mutation768	101	101	4180	41.3861	41.3861
mutation769	101	101	3380	33.4653	33.4653
mutation770	101	101	3240	32.0792	32.0792
mutation771	101	101	4660	46.1386	46.1386
mutation772	101	101	5620	55.6436	55.6436
mutation773	101	101	5140	50.8911	50.8911
mutation774	101	101	5760	57.0297	57.0297
mutation775	101	101	3640	36.0396	36.0396
mutation776	101	101	5280	52.2772	52.2772
mutation777	101	101	3820	37.8218	37.8218
mutation778	101	101	3960	39.2079	39.2079
mutation779	101	101	3680	36.4356	36.4356
mutation780	101	101	4760	47.1287	47.1287
mutation781	101	101	5740	56.8317	56.8317
mutation782	101	101	3560	35.2475	35.2475
mutation783	101	101	2340	23.1683	23.1683
mutation784	101	101	4380	43.3663	43.3663
mutation785	101	101	3200	31.6832	31.6832
mutation786	101	101	3320	32.8713	32.8713
mutation787	101	101	4040	40	40
mutation788	101	101	4580	45.3465	45.3465
mutation789	101	101	3640	36.0396	36.0396
mutation790	101	101	2840	28.1188	28.1188
mutation791	101	101	4220	41.7822	41.7822
mutation792	101	101	3440	34.0594	34.0594
mutation793	101	101	3520	34.8515	34.8515
mutation794	101	101	4800	47.5248	47.5248
mutation795	101	101	4500	44.5545	44.5545
mutation796	101	101	2680	26.5347	26.5347
mutation797	101	101	3780	37.4257	37.4257
mutation798	101	101	5800	57.4257	57.4257
mutation799	101	101	4720	46.7327	46.7327
mutation800	101	101	3780	37.4257	37.4257
mutation801	101	101	4020	39.802	39.802
mutation802	101	101	3160	31.2871	31.2871
mutation803	101	101	4720	46.7327	46.7327
mutation804	101	101	5260	52.0792	52.0792
mutation805	101	101	4340	42.9703	42.9703
mutation806	101	101	3800	37.6238	37.6238
mutation807	101	101	3560	35.2475	35.2475
mutation808	101	101	4760	47.1287	47.1287
mutation809	101	101	4060	40.198	40.198
mutation810	101	101	2700	26.7327	26.7327
mutation811	101	101	4680	46.3366	46.3366
mutation812	101	101	3180	31.4851	31.4851
mutation813	101	101	2740	27.1287	27.1287
mutation814	101	101	4420	43.7624	43.7624
mutation815	101	101	3080	30.495	30.495
mutation816	101	101	4760	47.1287	47.1287
mutation817	101	101	2080	20.5941	20.5941
mutation818	101	101	3620	35.8416	35.8416
mutation819	101	101	3020	29.901	29.901
mutation820	101	101	4240	41.9802	41.9802
mutation821	101	101	4980	49.3069	49.3069
mutation822	101	101	6360	62.9703	62.9703
mutation823	101	101	4100	40.5941	40.5941
mutation824	101	101	2960	29.3069	29.3069
mutation825	101	101	4300	42.5743	42.5743
mutation826	101	101	6720	66.5347	66.5347
mutation827	101	101	6440	63.7624	63.7624
mutation828	101	101	4440	43.9604	43.9604
mutation829	101	101	5080	50.297	50.297
mutation830	101	101	4380	43.3663	43.3663
mutation831	101	101	3740	37.0297	37.0297
mutation832	101	101	3540	35.0495	35.0495
mutation833	101	101	4000	39.604	39.604
mutation834	101	101	2340	23.1683	23.1683
mutation835	101	101	3080	30.495	30.495
mutation836	101	101	4360	43.1683	43.1683
mutation837	101	101	4260	42.1782	42.1782
mutation838	101	101	3900	38.6139	38.6139
mutation839	101	101	3420	33.8614	33.8614
mutation840	101	101	3400	33.6634	33.6634
mutation841	101	101	5460	54.0594	54.0594
mutation842	101	101	3640	36.0396	36.0396
mutation843	101	101	2260	22.3762	22.3762
mutation844	101	101	4040	40	40
mutation845	101	101	4940	48.9109	48.9109
mutation846	101	101	2280	22.5743	22.5743
mutation847	101	101	3760	37.2277	37.2277
mutation848	101	101	3780	37.4257	37.4257
mutation849	101	101	6880	68.1188	68.1188
mutation850	101	101	3600	35.6436	35.6436
mutation851	101	101	3120	30.8911	30.8911
mutation852	101	101	3160	31.2871	31.2871
mutation853	101	101	3880	38.4158	38.4158
mutation854	101	101	3680	36.4356	36.4356
mutation855	101	101	4080	40.396	40.396
mutation856	101	101	2620	25.9406	25.9406
mutation857	101	101	3620	35.8416	35.8416
mutation858	101	101	3200	31.6832	31.6832
mutation859	101	101	4760	47.1287	47.1287
mutation860	101	101	4120	40.7921	40.7921
mutation861	101	101	4860	48.1188	48.1188
mutation862	101	101	3380	33.4653	33.4653
mutation863	101	101	2360	23.3663	23.3663
mutation864	101	101	4940	48.9109	48.9109
mutation865	101	101	2980	29.505	29.505
mutation866	101	101	3740	37.0297	37.0297
mutation867	101	101	2380	23.5644	23.5644
mutation868	101	101	4060	40.198	40.198
mutation869	101	101	3820	37.8218	37.8218
mutation870	101	101	2640	26.1386	26.1386
mutation871	101	101	4000	39.604	39.604
mutation872	101	101	3220	31.8812	31.8812
mutation873	101	101	4260	42.1782	42.1782
mutation874	101	101	1760	17.4257	17.4257
mutation875	101	101	4260	42.1782	42.1782
mutation876	101	101	5100	50.495	50.495
mutation877	101	101	5440	53.8614	53.8614
mutation878	101	101	4280	42.3762	42.3762
mutation879	101	101	6040	59.802	59.802
mutation880	101	101	3540	35.0495	35.0495
mutation881	101	101	3220	31.8812	31.8812
mutation882	101	101	3880	38.4158	38.4158
mutation883	101	101	4740	46.9307	46.9307
mutation884	101	101	4420	43.7624	43.7624
mutation885	101	101	4120	40.7921	40.7921
mutation886	101	101	3600	35.6436	35.6436
mutation887	101	101	3920	38.8119	38.8119
mutation888	101	101	4140	40.9901	40.9901
mutation889	101	101	3040	30.099	30.099
mutation890	101	101	3440	34.0594	34.0594
mutation891	101	101	3340	33.0693	33.0693
mutation892	101	101	3600	35.6436	35.6436
mutation893	101	101	4320	42.7723	42.7723
mutation894	101	101	4020	39.802	39.802
mutation895	101	101	4100	40.5941	40.5941
mutation896	101	101	3100	30.6931	30.6931
mutation897	101	101	3020	29.901	29.901
mutation898	101	101	3140	31.0891	31.0891
mutation899	101	101	4460	44.1584	44.1584
mutation900	101	101	3600	35.6436	35.6436
mutation901	101	101	5700	56.4356	56.4356
mutation902	101	101	3820	37.8218	37.8218
mutation903	101	101	2920	28.9109	28.9109
mutation904	101	101	4700	46.5347	46.5347
mutation905	101	101	4140	40.9901	40.9901
mutation906	101	101	3120	30.8911	30.8911
mutation907	101	101	2540	25.1485	25.1485
mutation908	101	101	4920	48.7129	48.7129
mutation909	101	101	4440	43.9604	43.9604
mutation910	101	101	4820	47.7228	47.7228
mutation911	101	101	2640	26.1386	26.1386
mutation912	101	101	2440	24.1584	24.1584
mutation913	101	101	3320	32.8713	32.8713
mutation914	101	101	3440	34.0594	34.0594
mutation915	101	101	2600	25.7426	25.7426
mutation916	101	101	4100	40.5941	40.5941
mutation917	101	101	5780	57.2277	57.2277
mutation918	101	101	3040	30.099	30.099
mutation919	101	101	3220	31.8812	31.8812
mutation920	101	101	3160	31.2871	31.2871
mutation921	101	101	2540	25.1485	25.1485
mutation922	101	101	4380	43.3663	43.3663
mutation923	101	101	3900	38.6139	38.6139
mutation924	101	101	2660	26.3366	26.3366
mutation925	101	101	4540	44.9505	44.9505
mutation926	101	101	4700	46.5347	46.5347
mutation927	101	101	3400	33.6634	33.6634
mutation928	101	101	3620	35.8416	35.8416
mutation929	101	101	3740	37.0297	37.0297
mutation930	101	101	3800	37.6238	37.6238
mutation931	101	101	3140	31.0891	31.0891
mutation932	101	101	2420	23.9604	23.9604
mutation933	101	101	2320	22.9703	22.9703
mutation934	101	101	3840	38.0198	38.0198
mutation935	101	101	3660	36.2376	36.2376
mutation936	101	101	4360	43.1683	43.1683
mutation937	101	101	4340	42.9703	42.9703
mutation938	101	101	3340	33.0693	33.0693
mutation939	101	101	4740	46.9307	46.9307
mutation940	101	101	3300	32.6733	32.6733
mutation941	101	101	2960	29.3069	29.3069
mutation942	101	101	4220	41.7822	41.7822
mutation943	101	101	5260	52.0792	52.0792
mutation944	101	101	5180	51.2871	51.2871
mutation945	101	101	4560	45.1485	45.1485
mutation946	101	101	2300	22.7723	22.7723
mutation947	101	101	3840	38.0198	38.0198
mutation948	101	101	3580	35.4455	35.4455
mutation949	101	101	5740	56.8317	56.8317
mutation950	101	101	5120	50.6931	50.6931
mutation951	101	101	3320	32.8713	32.8713
mutation952	101	101	4060	40.198	40.198
mutation953	101	101	4620	45.7426	45.7426
mutation954	101	101	4600	45.5446	45.5446
mutation955	101	101	4000	39.604	39.604
mutation956	101	101	3260	32.2772	32.2772
mutation957	101	101	4240	41.9802	41.9802
mutation958	101	101	3100	30.6931	30.6931
mutation959	101	101	2780	27.5248	27.5248
mutation960	101	101	4960	49.1089	49.1089
mutation961	101	101	3000	29.703	29.703
mutation962	101	101	3220	31.8812	31.8812
mutation963	101	101	4400	43.5644	43.5644
mutation964	101	101	2920	28.9109	28.9109
mutation965	101	101	3820	37.8218	37.8218
mutation966	101	101	4920	48.7129	48.7129
mutation967	101	101	2200	21.7822	21.7822
mutation968	101	101	4440	43.9604	43.9604
mutation969	101	101	3180	31.4851	31.4851
mutation970	101	101	5740	56.8317	56.8317
mutation971	101	101	5960	59.0099	59.0099
mutation972	101	101	4460	44.1584	44.1584
mutation973	101	101	3340	33.0693	33.0693
mutation974	101	101	6760	66.9307	66.9307
mutation975	101	101	4240	41.9802	41.9802
mutation976	101	101	3880	38.4158	38.4158
mutation977	101	101	3280	32.4752	32.4752
mutation978	101	101	3840	38.0198	38.0198
mutation979	101	101	3540	35.0495	35.0495
mutation980	101	101	5040	49.901	49.901
mutation981	101	101	2420	23.9604	23.9604
mutation982	101	101	3140	31.0891	31.0891
mutation983	101	101	4840	47.9208	47.9208
mutation984	101	101	3600	35.6436	35.6436
mutation985	101	101	3840	38.0198	38.0198
mutation986	101	101	2840	28.1188	28.1188
mutation987	101	101	4040	40	40
mutation988	101	101	4120	40.7921	40.7921
mutation989	101	101	5320	52.6733	52.6733
mutation990	101	101	4060	40.198	40.198
mutation991	101	101	4120	40.7921	40.7921
mutation992	101	101	2520	24.9505	24.9505
mutation993	101	101	5020	49.703	49.703
mutation994	101	101	2280	22.5743	22.5743
mutation995	101	101	5160	51.0891	51.0891
mutation996	101	101	4960	49.1089	49.1089
mutation997	101	101	5860	58.0198	58.0198
mutation998	101	101	3020	29.901	29.901
mutation999	101	101	3540	35.0495	35.0495
mutation1000	101	101	2760	27.3267	27.3267
mutation1001	101	101	3700	36.6337	36.6337
mutation1002	101	101	5600	55.4455	55.4455
mutation1003	101	101	4660	46.1386	46.1386
mutation1004	101	101	4960	49.1089	49.1089
mutation1005	101	101	3000	29.703	29.703
mutation1006	101	101	3840	38.0198	38.0198
mutation1007	101	101	3720	36.8317	36.8317
mutation1008	101	101	3420	33.8614	33.8614
mutation1009	101	101	4720	46.7327	46.7327
mutation1010	101	101	3320	32.8713	32.8713
mutation1011	101	101	5000	49.505	49.505
mutation1012	101	101	5020	49.703	49.703
mutation1013	101	101	5320	52.6733	52.6733
mutation1014	101	101	3700	36.6337	36.6337
mutation1015	101	101	5040	49.901	49.901
mutation1016	101	101	5640	55.8416	55.8416
mutation1017	101	101	4360	43.1683	43.1683
mutation1018	101	101	3500	34.6535	34.6535
mutation1019	101	101	3320	32.8713	32.8713
mutation1020	101	101	2420	23.9604	23.9604
mutation1021	101	101	4360	43.1683	43.1683
mutation1022	101	101	2920	28.9109	28.9109
mutation1023	101	101	3440	34.0594	34.0594
mutation1024	101	101	4560	45.1485	45.1485
mutation1025	101	101	2960	29.3069	29.3069
mutation1026	101	101	3920	38.8119	38.8119
mutation1027	101	101	2720	26.9307	26.9307
mutation1028	101	101	4380	43.3663	43.3663
mutation1029	101	101	3640	36.0396	36.0396
mutation1030	101	101	8100	80.198	80.198
mutation1031	101	101	3520	34.8515	34.8515
mutation1032	101	101	3840	38.0198	38.0198
mutation1033	101	101	5960	59.0099	59.0099
mutation1034	101	101	5000	49.505	49.505
mutation1035	101	101	3000	29.703	29.703
mutation1036	101	101	3680	36.4356	36.4356
mutation1037	101	101	4020	39.802	39.802
mutation1038	101	101	3720	36.8317	36.8317
mutation1039	101	101	5080	50.297	50.297
mutation1040	101	101	6040	59.802	59.802
mutation1041	101	101	4760	47.1287	47.1287
mutation1042	101	101	4900	48.5149	48.5149
mutation1043	101	101	3820	37.8218	37.8218
mutation1044	101	101	2720	26.9307	26.9307
mutation1045	101	101	5480	54.2574	54.2574
mutation1046	101	101	4760	47.1287	47.1287
mutation1047	101	101	6220	61.5842	61.5842
mutation1048	101	101	4240	41.9802	41.9802
mutation1049	101	101	6060	60	60
mutation1050	101	101	3640	36.0396	36.0396
mutation1051	101	101	5120	50.6931	50.6931
mutation1052	101	101	2540	25.1485	25.1485
mutation1053	101	101	3540	35.0495	35.0495
mutation1054	101	101	3960	39.2079	39.2079
mutation1055	101	101	3620	35.8416	35.8416
mutation1056	101	101	2360	23.3663	23.3663
mutation1057	101	101	4080	40.396	40.396
mutation1058	101	101	5200	51.4851	51.4851
mutation1059	101	101	6080	60.198	60.198
mutation1060	101	101	5160	51.0891	51.0891
mutation1061	101	101	3920	38.8119	38.8119
mutation1062	101	101	4560	45.1485	45.1485
mutation1063	101	101	3940	39.0099	39.0099
mutation1064	101	101	4720	46.7327	46.7327
mutation1065	101	101	6060	60	60
mutation1066	101	101	3940	39.0099	39.0099
mutation1067	101	101	4000	39.604	39.604
mutation1068	101	101	2700	26.7327	26.7327
mutation1069	101	101	3220	31.8812	31.8812
mutation1070	101	101	2600	25.7426	25.7426
mutation1071	101	101	4420	43.7624	43.7624
mutation1072	101	101	6080	60.198	60.198
mutation1073	101	101	6720	66.5347	66.5347
mutation1074	101	101	4060	40.198	40.198
mutation1075	101	101	2300	22.7723	22.7723
mutation1076	101	101	4160	41.1881	41.1881
mutation1077	101	101	3320	32.8713	32.8713
mutation1078	101	101	2140	21.1881	21.1881
mutation1079	101	101	3140	31.0891	31.0891
mutation1080	101	101	5000	49.505	49.505
mutation1081	101	101	3160	31.2871	31.2871
mutation1082	101	101	4780	47.3267	47.3267
mutation1083	101	101	4020	39.802	39.802
mutation1084	101	101	4260	42.1782	42.1782
mutation1085	101	101	6200	61.3861	61.3861
mutation1086	101	101	2840	28.1188	28.1188
mutation1087	101	101	4640	45.9406	45.9406
mutation1088	101	101	3760	37.2277	37.2277
mutation1089	101	101	4600	45.5446	45.5446
mutation1090	101	101	5360	53.0693	53.0693
mutation1091	101	101	2720	26.9307	26.9307
mutation1092	101	101	3820	37.8218	37.8218
mutation1093	101	101	4060	40.198	40.198
mutation1094	101	101	4460	44.1584	44.1584
mutation1095	101	101	3440	34.0594	34.0594
mutation1096	101	101	5100	50.495	50.495
mutation1097	101	101	5060	50.099	50.099
mutation1098	101	101	2420	23.9604	23.9604
mutation1099	101	101	5100	50.495	50.495
mutation1100	101	101	4540	44.9505	44.9505
mutation1101	101	101	3780	37.4257	37.4257
mutation1102	101	101	5060	50.099	50.099
mutation1103	101	101	3940	39.0099	39.0099
mutation1104	101	101	5120	50.6931	50.6931
mutation1105	101	101	4560	45.1485	45.1485
mutation1106	101	101	3600	35.6436	35.6436
mutation1107	101	101	3520	34.8515	34.8515
mutation1108	101	101	3840	38.0198	38.0198
mutation1109	101	101	3620	35.8416	35.8416
mutation1110	101	101	4760	47.1287	47.1287
mutation1111	101	101	4180	41.3861	41.3861
mutation1112	101	101	4580	45.3465	45.3465
mutation1113	101	101	4580	45.3465	45.3465
mutation1114	101	101	2700	26.7327	26.7327
mutation1115	101	101	3380	33.4653	33.4653
mutation1116	101	101	4200	41.5842	41.5842
mutation1117	101	101	3780	37.4257	37.4257
mutation1118	101	101	4040	40	40
mutation1119	101	101	4140	40.9901	40.9901
mutation1120	101	101	5400	53.4653	53.4653
mutation1121	101	101	3260	32.2772	32.2772
mutation1122	101	101	4620	45.7426	45.7426
mutation1123	101	101	4680	46.3366	46.3366
mutation1124	101	101	4420	43.7624	43.7624
mutation1125	101	101	3380	33.4653	33.4653
mutation1126	101	101	5840	57.8218	57.8218
mutation1127	101	101	4820	47.7228	47.7228
mutation1128	101	101	3620	35.8416	35.8416
mutation1129	101	101	2860	28.3168	28.3168
mutation1130	101	101	4860	48.1188	48.1188
mutation1131	101	101	2220	21.9802	21.9802
mutation1132	101	101	3940	39.0099	39.0099
mutation1133	101	101	4640	45.9406	45.9406
mutation1134	101	101	3860	38.2178	38.2178
mutation1135	101	101	3960	39.2079	39.2079
mutation1136	101	101	3240	32.0792	32.0792
mutation1137	101	101	3940	39.0099	39.0099
mutation1138	101	101	3940	39.0099	39.0099
mutation1139	101	101	3860	38.2178	38.2178
mutation1140	101	101	2160	21.3861	21.3861
mutation1141	101	101	4160	41.1881	41.1881
mutation1142	101	101	3420	33.8614	33.8614
mutation1143	101	101	3640	36.0396	36.0396
mutation1144	101	101	4500	44.5545	44.5545
mutation1145	101	101	3620	35.8416	35.8416
mutation1146	101	101	3960	39.2079	39.2079
mutation1147	101	101	3960	39.2079	39.2079
mutation1148	101	101	5320	52.6733	52.6733
mutation1149	101	101	4480	44.3564	44.3564
mutation1150	101	101	3900	38.6139	38.6139
mutation1151	101	101	2880	28.5149	28.5149
mutation1152	101	101	4020	39.802	39.802
mutation1153	101	101	3100	30.6931	30.6931
mutation1154	101	101	5040	49.901	49.901
mutation1155	101	101	3420	33.8614	33.8614
mutation1156	101	101	4040	40	40
mutation1157	101	101	2260	22.3762	22.3762
mutation1158	101	101	3640	36.0396	36.0396
mutation1159	101	101	3760	37.2277	37.2277
mutation1160	101	101	1940	19.2079	19.2079
mutation1161	101	101	2500	24.7525	24.7525
mutation1162	101	101	3140	31.0891	31.0891
mutation1163	101	101	3500	34.6535	34.6535
mutation1164	101	101	3460	34.2574	34.2574
mutation1165	101	101	3020	29.901	29.901
mutation1166	101	101	5020	49.703	49.703
mutation1167	101	101	4820	47.7228	47.7228
mutation1168	101	101	4540	44.9505	44.9505
mutation1169	101	101	3260	32.2772	32.2772
mutation1170	101	101	5320	52.6733	52.6733
mutation1171	101	101	4280	42.3762	42.3762
mutation1172	101	101	3140	31.0891	31.0891
mutation1173	101	101	4920	48.7129	48.7129
mutation1174	101	101	3780	37.4257	37.4257
mutation1175	101	101	4840	47.9208	47.9208
mutation1176	101	101	4820	47.7228	47.7228
mutation1177	101	101	4740	46.9307	46.9307
mutation1178	101	101	3880	38.4158	38.4158
mutation1179	101	101	3060	30.297	30.297
mutation1180	101	101	4020	39.802	39.802
mutation1181	101	101	4520	44.7525	44.7525
mutation1182	101	101	4160	41.1881	41.1881
mutation1183	101	101	4320	42.7723	42.7723
mutation1184	101	101	4420	43.7624	43.7624
mutation1185	101	101	3620	35.8416	35.8416
mutation1186	101	101	4620	45.7426	45.7426
mutation1187	101	101	3980	39.4059	39.4059
mutation1188	101	101	4640	45.9406	45.9406
mutation1189	101	101	4860	48.1188	48.1188
mutation1190	101	101	3340	33.0693	33.0693
mutation1191	101	101	3780	37.4257	37.4257
mutation1192	101	101	4140	40.9901	40.9901
mutation1193	101	101	4800	47.5248	47.5248
mutation1194	101	101	5380	53.2673	53.2673
mutation1195	101	101	4020	39.802	39.802
mutation1196	101	101	4340	42.9703	42.9703
mutation1197	101	101	4120	40.7921	40.7921
mutation1198	101	101	4900	48.5149	48.5149
mutation1199	101	101	4260	42.1782	42.1782
mutation1200	101	101	5160	51.0891	51.0891
mutation1201	101	101	4180	41.3861	41.3861
mutation1202	101	101	5580	55.2475	55.2475
mutation1203	101	101	4480	44.3564	44.3564
mutation1204	101	101	4640	45.9406	45.9406
mutation1205	101	101	3040	30.099	30.099
mutation1206	101	101	3420	33.8614	33.8614
mutation1207	101	101	3160	31.2871	31.2871
mutation1208	101	101	4800	47.5248	47.5248
mutation1209	101	101	2640	26.1386	26.1386
mutation1210	101	101	3220	31.8812	31.8812
mutation1211	101	101	3120	30.8911	30.8911
mutation1212	101	101	3660	36.2376	36.2376
mutation1213	101	101	3340	33.0693	33.0693
mutation1214	101	101	5680	56.2376	56.2376
mutation1215	101	101	4240	41.9802	41.9802
mutation1216	101	101	4380	43.3663	43.3663
mutation1217	101	101	3000	29.703	29.703
mutation1218	101	101	5420	53.6634	53.6634
mutation1219	101	101	2820	27.9208	27.9208
mutation1220	101	101	4320	42.7723	42.7723
mutation1221	101	101	2320	22.9703	22.9703
mutation1222	101	101	4020	39.802	39.802
mutation1223	101	101	4340	42.9703	42.9703
mutation1224	101	101	2500	24.7525	24.7525
mutation1225	101	101	2980	29.505	29.505
mutation1226	101	101	5880	58.2178	58.2178
mutation1227	101	101	5420	53.6634	53.6634
mutation1228	101	101	4740	46.9307	46.9307
mutation1229	101	101	3940	39.0099	39.0099
mutation1230	101	101	3420	33.8614	33.8614
mutation1231	101	101	4640	45.9406	45.9406
mutation1232	101	101	3520	34.8515	34.8515
mutation1233	101	101	5460	54.0594	54.0594
mutation1234	101	101	4900	48.5149	48.5149
mutation1235	101	101	4100	40.5941	40.5941
mutation1236	101	101	3760	37.2277	37.2277
mutation1237	101	101	3160	31.2871	31.2871
mutation1238	101	101	4880	48.3168	48.3168
mutation1239	101	101	3100	30.6931	30.6931
mutation1240	101	101	4420	43.7624	43.7624
mutation1241	101	101	4760	47.1287	47.1287
mutation1242	101	101	4800	47.5248	47.5248
mutation1243	101	101	5140	50.8911	50.8911
mutation1244	101	101	3020	29.901	29.901
mutation1245	101	101	4540	44.9505	44.9505
mutation1246	101	101	5180	51.2871	51.2871
mutation1247	101	101	4560	45.1485	45.1485
mutation1248	101	101	4340	42.9703	42.9703
mutation1249	101	101	3540	35.0495	35.0495
mutation1250	101	101	4240	41.9802	41.9802
mutation1251	101	101	3620	35.8416	35.8416
mutation1252	101	101	3280	32.4752	32.4752
mutation1253	101	101	3600	35.6436	35.6436
mutation1254	101	101	3360	33.2673	33.2673
mutation1255	101	101	4780	47.3267	47.3267
mutation1256	101	101	4500	44.5545	44.5545
mutation1257	101	101	2760	27.3267	27.3267
mutation1258	101	101	3680	36.4356	36.4356
mutation1259	101	101	5880	58.2178	58.2178
mutation1260	101	101	1920	19.0099	19.0099
mutation1261	101	101	5980	59.2079	59.2079
mutation1262	101	101	4580	45.3465	45.3465
mutation1263	101	101	6040	59.802	59.802
mutation1264	101	101	3880	38.4158	38.4158
mutation1265	101	101	3680	36.4356	36.4356
mutation1266	101	101	3760	37.2277	37.2277
mutation1267	101	101	3840	38.0198	38.0198
mutation1268	101	101	3000	29.703	29.703
mutation1269	101	101	4520	44.7525	44.7525
mutation1270	101	101	3360	33.2673	33.2673
mutation1271	101	101	3400	33.6634	33.6634
mutation1272	101	101	2260	22.3762	22.3762
mutation1273	101	101	2080	20.5941	20.5941
mutation1274	101	101	3300	32.6733	32.6733
mutation1275	101	101	6400	63.3663	63.3663
mutation1276	101	101	2540	25.1485	25.1485
mutation1277	101	101	3700	36.6337	36.6337
mutation1278	101	101	3920	38.8119	38.8119
mutation1279	101	101	3540	35.0495	35.0495
mutation1280	101	101	5120	50.6931	50.6931
mutation1281	101	101	2080	20.5941	20.5941
mutation1282	101	101	4320	42.7723	42.7723
mutation1283	101	101	2180	21.5842	21.5842
mutation1284	101	101	3120	30.8911	30.8911
mutation1285	101	101	2920	28.9109	28.9109
mutation1286	101	101	3820	37.8218	37.8218
mutation1287	101	101	3100	30.6931	30.6931
mutation1288	101	101	2920	28.9109	28.9109
mutation1289	101	101	3880	38.4158	38.4158
mutation1290	101	101	2140	21.1881	21.1881
mutation1291	101	101	4240	41.9802	41.9802
mutation1292	101	101	2960	29.3069	29.3069
mutation1293	101	101	3980	39.4059	39.4059
mutation1294	101	101	4500	44.5545	44.5545
mutation1295	101	101	3240	32.0792	32.0792
mutation1296	101	101	4300	42.5743	42.5743
mutation1297	101	101	3120	30.8911	30.8911
mutation1298	101	101	5080	50.297	50.297
mutation1299	101	101	5300	52.4752	52.4752
mutation1300	101	101	5360	53.0693	53.0693
mutation1301	101	101	4680	46.3366	46.3366
mutation1302	101	101	6040	59.802	59.802
mutation1303	101	101	2320	22.9703	22.9703
mutation1304	101	101	4520	44.7525	44.7525
mutation1305	101	101	3480	34.4554	34.4554
mutation1306	101	101	4500	44.5545	44.5545
mutation1307	101	101	4760	47.1287	47.1287
mutation1308	101	101	2900	28.7129	28.7129
mutation1309	101	101	5740	56.8317	56.8317
mutation1310	101	101	3360	33.2673	33.2673
mutation1311	101	101	3120	30.8911	30.8911
mutation1312	101	101	3760	37.2277	37.2277
mutation1313	101	101	5540	54.8515	54.8515
mutation1314	101	101	4020	39.802	39.802
mutation1315	101	101	5460	54.0594	54.0594
mutation1316	101	101	3460	34.2574	34.2574
mutation1317	101	101	4220	41.7822	41.7822
mutation1318	101	101	4060	40.198	40.198
mutation1319	101	101	3920	38.8119	38.8119
mutation1320	101	101	2620	25.9406	25.9406
mutation1321	101	101	4340	42.9703	42.9703
mutation1322	101	101	2760	27.3267	27.3267
mutation1323	101	101	3440	34.0594	34.0594
mutation1324	101	101	4980	49.3069	49.3069
mutation1325	101	101	2520	24.9505	24.9505
mutation1326	101	101	5380	53.2673	53.2673
mutation1327	101	101	4860	48.1188	48.1188
mutation1328	101	101	6320	62.5743	62.5743
mutation1329	101	101	4060	40.198	40.198
mutation1330	101	101	5500	54.4554	54.4554
mutation1331	101	101	4260	42.1782	42.1782
mutation1332	101	101	4700	46.5347	46.5347
mutation1333	101	101	5580	55.2475	55.2475
mutation1334	101	101	4060	40.198	40.198
mutation1335	101	101	3320	32.8713	32.8713
mutation1336	101	101	3960	39.2079	39.2079
mutation1337	101	101	2720	26.9307	26.9307
mutation1338	101	101	4640	45.9406	45.9406
mutation1339	101	101	5500	54.4554	54.4554
mutation1340	101	101	3440	34.0594	34.0594
mutation1341	101	101	4000	39.604	39.604
mutation1342	101	101	5840	57.8218	57.8218
mutation1343	101	101	3760	37.2277	37.2277
mutation1344	101	101	4560	45.1485	45.1485
mutation1345	101	101	4120	40.7921	40.7921
mutation1346	101	101	4360	43.1683	43.1683
mutation1347	101	101	2840	28.1188	28.1188
mutation1348	101	101	6720	66.5347	66.5347
mutation1349	101	101	3400	33.6634	33.6634
mutation1350	101	101	2700	26.7327	26.7327
mutation1351	101	101	5520	54.6535	54.6535
mutation1352	101	101	4620	45.7426	45.7426
mutation1353	101	101	5720	56.6337	56.6337
mutation1354	101	101	3940	39.0099	39.0099
mutation1355	101	101	4180	41.3861	41.3861
mutation1356	101	101	3880	38.4158	38.4158
mutation1357	101	101	2240	22.1782	22.1782
mutation1358	101	101	2380	23.5644	23.5644
mutation1359	101	101	3740	37.0297	37.0297
mutation1360	101	101	2660	26.3366	26.3366
mutation1361	101	101	5340	52.8713	52.8713
mutation1362	101	101	5100	50.495	50.495
mutation1363	101	101	5360	53.0693	53.0693
mutation1364	101	101	4520	44.7525	44.7525
mutation1365	101	101	3360	33.2673	33.2673
mutation1366	101	101	2860	28.3168	28.3168
mutation1367	101	101	1900	18.8119	18.8119
mutation1368	101	101	5840	57.8218	57.8218
mutation1369	101	101	4740	46.9307	46.9307
mutation1370	101	101	5280	52.2772	52.2772
mutation1371	101	101	4860	48.1188	48.1188
mutation1372	101	101	4720	46.7327	46.7327
mutation1373	101	101	3860	38.2178	38.2178
mutation1374	101	101	6040	59.802	59.802
mutation1375	101	101	2780	27.5248	27.5248
mutation1376	101	101	3440	34.0594	34.0594
mutation1377	101	101	3760	37.2277	37.2277
mutation1378	101	101	4360	43.1683	43.1683
mutation1379	101	101	3940	39.0099	39.0099
mutation1380	101	101	4180	41.3861	41.3861
mutation1381	101	101	3400	33.6634	33.6634
mutation1382	101	101	3660	36.2376	36.2376
mutation1383	101	101	3040	30.099	30.099
mutation1384	101	101	3340	33.0693	33.0693
mutation1385	101	101	3460	34.2574	34.2574
mutation1386	101	101	3940	39.0099	39.0099
mutation1387	101	101	2760	27.3267	27.3267
mutation1388	101	101	3020	29.901	29.901
mutation1389	101	101	4360	43.1683	43.1683
mutation1390	101	101	2600	25.7426	25.7426
mutation1391	101	101	4720	46.7327	46.7327
mutation1392	101	101	3840	38.0198	38.0198
mutation1393	101	101	4140	40.9901	40.9901
mutation1394	101	101	2320	22.9703	22.9703
mutation1395	101	101	3440	34.0594	34.0594
mutation1396	101	101	2500	24.7525	24.7525
mutation1397	101	101	5160	51.0891	51.0891
mutation1398	101	101	2240	22.1782	22.1782
mutation1399	101	101	3960	39.2079	39.2079
mutation1400	101	101	2580	25.5446	25.5446
mutation1401	101	101	2020	20	20
mutation1402	101	101	2780	27.5248	27.5248
mutation1403	101	101	5700	56.4356	56.4356
mutation1404	101	101	5360	53.0693	53.0693
mutation1405	101	101	6860	67.9208	67.9208
mutation1406	101	101	3960	39.2079	39.2079
mutation1407	101	101	5000	49.505	49.505
mutation1408	101	101	2220	21.9802	21.9802
mutation1409	101	101	4860	48.1188	48.1188
mutation1410	101	101	4980	49.3069	49.3069
mutation1411	101	101	2920	28.9109	28.9109
mutation1412	101	101	3220	31.8812	31.8812
mutation1413	101	101	3180	31.4851	31.4851
mutation1414	101	101	3820	37.8218	37.8218
mutation1415	101	101	2820	27.9208	27.9208
mutation1416	101	101	3780	37.4257	37.4257
mutation1417	101	101	3620	35.8416	35.8416
mutation1418	101	101	4240	41.9802	41.9802
mutation1419	101	101	3840	38.0198	38.0198
mutation1420	101	101	2180	21.5842	21.5842
mutation1421	101	101	2640	26.1386	26.1386
mutation1422	101	101	4720	46.7327	46.7327
mutation1423	101	101	3340	33.0693	33.0693
mutation1424	101	101	4300	42.5743	42.5743
mutation1425	101	101	5060	50.099	50.099
mutation1426	101	101	4260	42.1782	42.1782
mutation1427	101	101	3520	34.8515	34.8515
mutation1428	101	101	4280	42.3762	42.3762
mutation1429	101	101	2520	24.9505	24.9505
mutation1430	101	101	6060	60	60
mutation1431	101	101	3480	34.4554	34.4554
mutation1432	101	101	4860	48.1188	48.1188
mutation1433	101	101	3120	30.8911	30.8911
mutation1434	101	101	4120	40.7921	40.7921
mutation1435	101	101	2140	21.1881	21.1881
mutation1436	101	101	2580	25.5446	25.5446
mutation1437	101	101	3100	30.6931	30.6931
mutation1438	101	101	2640	26.1386	26.1386
mutation1439	101	101	4100	40.5941	40.5941
mutation1440	101	101	3060	30.297	30.297
mutation1441	101	101	4900	48.5149	48.5149
mutation1442	101	101	2040	20.198	20.198
mutation1443	101	101	4620	45.7426	45.7426
mutation1444	101	101	3720	36.8317	36.8317
mutation1445	101	101	3860	38.2178	38.2178
mutation1446	101	101	2000	19.802	19.802
mutation1447	101	101	4420	43.7624	43.7624
mutation1448	101	101	5880	58.2178	58.2178
mutation1449	101	101	3920	38.8119	38.8119
mutation1450	101	101	3420	33.8614	33.8614
mutation1451	101	101	2820	27.9208	27.9208
mutation1452	101	101	2620	25.9406	25.9406
mutation1453	101	101	3020	29.901	29.901
mutation1454	101	101	3560	35.2475	35.2475
mutation1455	101	101	3840	38.0198	38.0198
mutation1456	101	101	3100	30.6931	30.6931
mutation1457	101	101	5240	51.8812	51.8812
mutation1458	101	101	2760	27.3267	27.3267
mutation1459	101	101	4260	42.1782	42.1782
mutation1460	101	101	4080	40.396	40.396
mutation1461	101	101	3960	39.2079	39.2079
mutation1462	101	101	2400	23.7624	23.7624
mutation1463	101	101	2680	26.5347	26.5347
mutation1464	101	101	3480	34.4554	34.4554
mutation1465	101	101	2400	23.7624	23.7624
mutation1466	101	101	3660	36.2376	36.2376
mutation1467	101	101	4660	46.1386	46.1386
mutation1468	101	101	3320	32.8713	32.8713
mutation1469	101	101	6760	66.9307	66.9307
mutation1470	101	101	3140	31.0891	31.0891
mutation1471	101	101	5860	58.0198	58.0198
mutation1472	101	101	5200	51.4851	51.4851
mutation1473	101	101	5520	54.6535	54.6535
mutation1474	101	101	2100	20.7921	20.7921
mutation1475	101	101	5000	49.505	49.505
mutation1476	101	101	2960	29.3069	29.3069
mutation1477	101	101	2920	28.9109	28.9109
mutation1478	101	101	3360	33.2673	33.2673
mutation1479	101	101	3560	35.2475	35.2475
mutation1480	101	101	2720	26.9307	26.9307
mutation1481	101	101	4420	43.7624	43.7624
mutation1482	101	101	2920	28.9109	28.9109
mutation1483	101	101	2320	22.9703	22.9703
mutation1484	101	101	4520	44.7525	44.7525
mutation1485	101	101	3000	29.703	29.703
mutation1486	101	101	6940	68.7129	68.7129
mutation1487	101	101	5780	57.2277	57.2277
mutation1488	101	101	5700	56.4356	56.4356
mutation1489	101	101	4340	42.9703	42.9703
mutation1490	101	101	4360	43.1683	43.1683
mutation1491	101	101	3520	34.8515	34.8515
mutation1492	101	101	4380	43.3663	43.3663
mutation1493	101	101	2500	24.7525	24.7525
mutation1494	101	101	5860	58.0198	58.0198
mutation1495	101	101	6260	61.9802	61.9802
mutation1496	101	101	4700	46.5347	46.5347
mutation1497	101	101	5720	56.6337	56.6337
mutation1498	101	101	4120	40.7921	40.7921
mutation1499	101	101	3840	38.0198	38.0198
mutation1500	101	101	3420	33.8614	33.8614
mutation1501	101	101	4940	48.9109	48.9109
mutation1502	101	101	3000	29.703	29.703
mutation1503	101	101	4800	47.5248	47.5248
mutation1504	101	101	3840	38.0198	38.0198
mutation1505	101	101	5060	50.099	50.099
mutation1506	101	101	3240	32.0792	32.0792
mutation1507	101	101	2620	25.9406	25.9406
mutation1508	101	101	4440	43.9604	43.9604
mutation1509	101	101	2920	28.9109	28.9109
mutation1510	101	101	3840	38.0198	38.0198
mutation1511	101	101	3300	32.6733	32.6733
mutation1512	101	101	6460	63.9604	63.9604
mutation1513	101	101	3480	34.4554	34.4554
mutation1514	101	101	4640	45.9406	45.9406
mutation1515	101	101	3920	38.8119	38.8119
mutation1516	101	101	2120	20.9901	20.9901
mutation1517	101	101	3560	35.2475	35.2475
mutation1518	101	101	4440	43.9604	43.9604
mutation1519	101	101	2820	27.9208	27.9208
mutation1520	101	101	4400	43.5644	43.5644
mutation1521	101	101	4040	40	40
mutation1522	101	101	3500	34.6535	34.6535
mutation1523	101	101	3160	31.2871	31.2871
mutation1524	101	101	3120	30.8911	30.8911
mutation1525	101	101	3140	31.0891	31.0891
mutation1526	101	101	3380	33.4653	33.4653
mutation1527	101	101	4420	43.7624	43.7624
mutation1528	101	101	3500	34.6535	34.6535
mutation1529	101	101	3220	31.8812	31.8812
mutation1530	101	101	3720	36.8317	36.8317
mutation1531	101	101	4560	45.1485	45.1485
mutation1532	101	101	3960	39.2079	39.2079
mutation1533	101	101	3460	34.2574	34.2574
mutation1534	101	101	5720	56.6337	56.6337
mutation1535	101	101	5420	53.6634	53.6634
mutation1536	101	101	4180	41.3861	41.3861
mutation1537	101	101	4320	42.7723	42.7723
mutation1538	101	101	4900	48.5149	48.5149
mutation1539	101	101	4240	41.9802	41.9802
mutation1540	101	101	4280	42.3762	42.3762
mutation1541	101	101	5040	49.901	49.901
mutation1542	101	101	4400	43.5644	43.5644
mutation1543	101	101	5640	55.8416	55.8416
mutation1544	101	101	4900	48.5149	48.5149
mutation1545	101	101	4820	47.7228	47.7228
mutation1546	101	101	4580	45.3465	45.3465
mutation1547	101	101	5660	56.0396	56.0396
mutation1548	101	101	2680	26.5347	26.5347
mutation1549	101	101	4760	47.1287	47.1287
mutation1550	101	101	4140	40.9901	40.9901
mutation1551	101	101	2540	25.1485	25.1485
mutation1552	101	101	3740	37.0297	37.0297
mutation1553	101	101	2920	28.9109	28.9109
mutation1554	101	101	5000	49.505	49.505
mutation1555	101	101	4860	48.1188	48.1188
mutation1556	101	101	5680	56.2376	56.2376
mutation1557	101	101	5040	49.901	49.901
mutation1558	101	101	4400	43.5644	43.5644
mutation1559	101	101	3820	37.8218	37.8218
mutation1560	101	101	4100	40.5941	40.5941
mutation1561	101	101	3400	33.6634	33.6634
mutation1562	101	101	4120	40.7921	40.7921
mutation1563	101	101	5960	59.0099	59.0099
mutation1564	101	101	6560	64.9505	64.9505
mutation1565	101	101	4040	40	40
mutation1566	101	101	6260	61.9802	61.9802
mutation1567	101	101	3560	35.2475	35.2475
mutation1568	101	101	3640	36.0396	36.0396
mutation1569	101	101	5240	51.8812	51.8812
mutation1570	101	101	3880	38.4158	38.4158
mutation1571	101	101	4460	44.1584	44.1584
mutation1572	101	101	3700	36.6337	36.6337
mutation1573	101	101	5580	55.2475	55.2475
mutation1574	101	101	3320	32.8713	32.8713
mutation1575	101	101	3660	36.2376	36.2376
mutation1576	101	101	5340	52.8713	52.8713
mutation1577	101	101	3900	38.6139	38.6139
mutation1578	101	101	2640	26.1386	26.1386
mutation1579	101	101	3000	29.703	29.703
mutation1580	101	101	3720	36.8317	36.8317
mutation1581	101	101	4600	45.5446	45.5446
mutation1582	101	101	3180	31.4851	31.4851
mutation1583	101	101	2440	24.1584	24.1584
mutation1584	101	101	4040	40	40
mutation1585	101	101	3960	39.2079	39.2079
mutation1586	101	101	5340	52.8713	52.8713
mutation1587	101	101	4240	41.9802	41.9802
mutation1588	101	101	4760	47.1287	47.1287
mutation1589	101	101	5680	56.2376	56.2376
mutation1590	101	101	3140	31.0891	31.0891
mutation1591	101	101	3560	35.2475	35.2475
mutation1592	101	101	4220	41.7822	41.7822
mutation1593	101	101	3600	35.6436	35.6436
mutation1594	101	101	4500	44.5545	44.5545
mutation1595	101	101	5160	51.0891	51.0891
mutation1596	101	101	3040	30.099	30.099
mutation1597	101	101	3960	39.2079	39.2079
mutation1598	101	101	3220	31.8812	31.8812
mutation1599	101	101	5700	56.4356	56.4356
mutation1600	101	101	2420	23.9604	23.9604
mutation1601	101	101	2200	21.7822	21.7822
mutation1602	101	101	4200	41.5842	41.5842
mutation1603	101	101	4000	39.604	39.604
mutation1604	101	101	3040	30.099	30.099
mutation1605	101	101	2960	29.3069	29.3069
mutation1606	101	101	3760	37.2277	37.2277
mutation1607	101	101	3880	38.4158	38.4158
mutation1608	101	101	2220	21.9802	21.9802
mutation1609	101	101	5540	54.8515	54.8515
mutation1610	101	101	2800	27.7228	27.7228
mutation1611	101	101	4140	40.9901	40.9901
mutation1612	101	101	3140	31.0891	31.0891
mutation1613	101	101	4840	47.9208	47.9208
mutation1614	101	101	1700	16.8317	16.8317
mutation1615	101	101	3540	35.0495	35.0495
mutation1616	101	101	5780	57.2277	57.2277
mutation1617	101	101	3560	35.2475	35.2475
mutation1618	101	101	4000	39.604	39.604
mutation1619	101	101	3600	35.6436	35.6436
mutation1620	101	101	3940	39.0099	39.0099
mutation1621	101	101	1860	18.4158	18.4158
mutation1622	101	101	3600	35.6436	35.6436
mutation1623	101	101	4240	41.9802	41.9802
mutation1624	101	101	4960	49.1089	49.1089
mutation1625	101	101	3980	39.4059	39.4059
mutation1626	101	101	6100	60.396	60.396
mutation1627	101	101	2660	26.3366	26.3366
mutation1628	101	101	3600	35.6436	35.6436
mutation1629	101	101	4040	40	40
mutation1630	101	101	3600	35.6436	35.6436
mutation1631	101	101	5940	58.8119	58.8119
mutation1632	101	101	5080	50.297	50.297
mutation1633	101	101	2340	23.1683	23.1683
mutation1634	101	101	4340	42.9703	42.9703
mutation1635	101	101	4560	45.1485	45.1485
mutation1636	101	101	2840	28.1188	28.1188
mutation1637	101	101	3020	29.901	29.901
mutation1638	101	101	3660	36.2376	36.2376
mutation1639	101	101	2920	28.9109	28.9109
mutation1640	101	101	2840	28.1188	28.1188
mutation1641	101	101	6660	65.9406	65.9406
mutation1642	101	101	3540	35.0495	35.0495
mutation1643	101	101	3620	35.8416	35.8416
mutation1644	101	101	4080	40.396	40.396
mutation1645	101	101	2480	24.5545	24.5545
mutation1646	101	101	2980	29.505	29.505
mutation1647	101	101	4960	49.1089	49.1089
mutation1648	101	101	3800	37.6238	37.6238
mutation1649	101	101	3600	35.6436	35.6436
mutation1650	101	101	4200	41.5842	41.5842
mutation1651	101	101	5380	53.2673	53.2673
mutation1652	101	101	4020	39.802	39.802
mutation1653	101	101	2600	25.7426	25.7426
mutation1654	101	101	3380	33.4653	33.4653
mutation1655	101	101	5020	49.703	49.703
mutation1656	101	101	3440	34.0594	34.0594
mutation1657	101	101	2860	28.3168	28.3168
mutation1658	101	101	2980	29.505	29.505
mutation1659	101	101	5220	51.6832	51.6832
mutation1660	101	101	3680	36.4356	36.4356
mutation1661	101	101	1640	16.2376	16.2376
mutation1662	101	101	3420	33.8614	33.8614
mutation1663	101	101	3420	33.8614	33.8614
mutation1664	101	101	3020	29.901	29.901
mutation1665	101	101	4920	48.7129	48.7129
mutation1666	101	101	3140	31.0891	31.0891
mutation1667	101	101	3440	34.0594	34.0594
mutation1668	101	101	2220	21.9802	21.9802
mutation1669	101	101	4380	43.3663	43.3663
mutation1670	101	101	3100	30.6931	30.6931
mutation1671	101	101	3160	31.2871	31.2871
mutation1672	101	101	3200	31.6832	31.6832
mutation1673	101	101	3560	35.2475	35.2475
mutation1674	101	101	4600	45.5446	45.5446
mutation1675	101	101	4140	40.9901	40.9901
mutation1676	101	101	3760	37.2277	37.2277
mutation1677	101	101	8280	81.9802	81.9802
mutation1678	101	101	5600	55.4455	55.4455
mutation1679	101	101	3420	33.8614	33.8614
mutation1680	101	101	3680	36.4356	36.4356
mutation1681	101	101	6240	61.7822	61.7822
mutation1682	101	101	3520	34.8515	34.8515
mutation1683	101	101	3540	35.0495	35.0495
mutation1684	101	101	2780	27.5248	27.5248
mutation1685	101	101	4600	45.5446	45.5446
mutation1686	101	101	3780	37.4257	37.4257
mutation1687	101	101	2960	29.3069	29.3069
mutation1688	101	101	2340	23.1683	23.1683
mutation1689	101	101	3200	31.6832	31.6832
mutation1690	101	101	4420	43.7624	43.7624
mutation1691	101	101	5520	54.6535	54.6535
mutation1692	101	101	4520	44.7525	44.7525
mutation1693	101	101	2820	27.9208	27.9208
mutation1694	101	101	3160	31.2871	31.2871
mutation1695	101	101	4200	41.5842	41.5842
mutation1696	101	101	4240	41.9802	41.9802
mutation1697	101	101	2520	24.9505	24.9505
mutation1698	101	101	2320	22.9703	22.9703
mutation1699	101	101	3020	29.901	29.901
mutation1700	101	101	3920	38.8119	38.8119
mutation1701	101	101	4120	40.7921	40.7921
mutation1702	101	101	3860	38.2178	38.2178
mutation1703	101	101	3560	35.2475	35.2475
mutation1704	101	101	2640	26.1386	26.1386
mutation1705	101	101	2180	21.5842	21.5842
mutation1706	101	101	5100	50.495	50.495
mutation1707	101	101	4360	43.1683	43.1683
mutation1708	101	101	3020	29.901	29.901
mutation1709	101	101	3740	37.0297	37.0297
mutation1710	101	101	5220	51.6832	51.6832
mutation1711	101	101	3120	30.8911	30.8911
mutation1712	101	101	2960	29.3069	29.3069
mutation1713	101	101	4300	42.5743	42.5743
mutation1714	101	101	4680	46.3366	46.3366
mutation1715	101	101	4500	44.5545	44.5545
mutation1716	101	101	5460	54.0594	54.0594
mutation1717	101	101	3600	35.6436	35.6436
mutation1718	101	101	4240	41.9802	41.9802
mutation1719	101	101	3800	37.6238	37.6238
mutation1720	101	101	4280	42.3762	42.3762
mutation1721	101	101	2580	25.5446	25.5446
mutation1722	101	101	3160	31.2871	31.2871
mutation1723	101	101	3320	32.8713	32.8713
mutation1724	101	101	2400	23.7624	23.7624
mutation1725	101	101	3960	39.2079	39.2079
mutation1726	101	101	4060	40.198	40.198
mutation1727	101	101	3940	39.0099	39.0099
mutation1728	101	101	4020	39.802	39.802
mutation1729	101	101	6160	60.9901	60.9901
mutation1730	101	101	3020	29.901	29.901
mutation1731	101	101	4340	42.9703	42.9703
mutation1732	101	101	3800	37.6238	37.6238
mutation1733	101	101	5200	51.4851	51.4851
mutation1734	101	101	5400	53.4653	53.4653
mutation1735	101	101	4180	41.3861	41.3861
mutation1736	101	101	3340	33.0693	33.0693
mutation1737	101	101	4240	41.9802	41.9802
mutation1738	101	101	3740	37.0297	37.0297
mutation1739	101	101	3740	37.0297	37.0297
mutation1740	101	101	3300	32.6733	32.6733
mutation1741	101	101	3980	39.4059	39.4059
mutation1742	101	101	3000	29.703	29.703
mutation1743	101	101	3480	34.4554	34.4554
mutation1744	101	101	4260	42.1782	42.1782
mutation1745	101	101	3340	33.0693	33.0693
mutation1746	101	101	2800	27.7228	27.7228
mutation1747	101	101	3780	37.4257	37.4257
mutation1748	101	101	4280	42.3762	42.3762
mutation1749	101	101	4840	47.9208	47.9208
mutation1750	101	101	5160	51.0891	51.0891
mutation1751	101	101	4440	43.9604	43.9604
mutation1752	101	101	4900	48.5149	48.5149
mutation1753	101	101	5140	50.8911	50.8911
mutation1754	101	101	4840	47.9208	47.9208
mutation1755	101	101	5440	53.8614	53.8614
mutation1756	101	101	3660	36.2376	36.2376
mutation1757	101	101	2860	28.3168	28.3168
mutation1758	101	101	4540	44.9505	44.9505
mutation1759	101	101	4040	40	40
mutation1760	101	101	4120	40.7921	40.7921
mutation1761	101	101	4160	41.1881	41.1881
mutation1762	101	101	3740	37.0297	37.0297
mutation1763	101	101	5860	58.0198	58.0198
mutation1764	101	101	3220	31.8812	31.8812
mutation1765	101	101	3760	37.2277	37.2277
mutation1766	101	101	2380	23.5644	23.5644
mutation1767	101	101	3440	34.0594	34.0594
mutation1768	101	101	3540	35.0495	35.0495
mutation1769	101	101	3700	36.6337	36.6337
mutation1770	101	101	6180	61.1881	61.1881
mutation1771	101	101	3220	31.8812	31.8812
mutation1772	101	101	3220	31.8812	31.8812
mutation1773	101	101	2260	22.3762	22.3762
mutation1774	101	101	3280	32.4752	32.4752
mutation1775	101	101	2340	23.1683	23.1683
mutation1776	101	101	2860	28.3168	28.3168
mutation1777	101	101	3940	39.0099	39.0099
mutation1778	101	101	4840	47.9208	47.9208
mutation1779	101	101	4000	39.604	39.604
mutation1780	101	101	3280	32.4752	32.4752
mutation1781	101	101	3720	36.8317	36.8317
mutation1782	101	101	3040	30.099	30.099
mutation1783	101	101	5000	49.505	49.505
mutation1784	101	101	4080	40.396	40.396
mutation1785	101	101	4800	47.5248	47.5248
mutation1786	101	101	4340	42.9703	42.9703
mutation1787	101	101	3040	30.099	30.099
mutation1788	101	101	5600	55.4455	55.4455
mutation1789	101	101	3220	31.8812	31.8812
mutation1790	101	101	3440	34.0594	34.0594
mutation1791	101	101	4140	40.9901	40.9901
mutation1792	101	101	3240	32.0792	32.0792
mutation1793	101	101	3360	33.2673	33.2673
mutation1794	101	101	5360	53.0693	53.0693
mutation1795	101	101	2860	28.3168	28.3168
mutation1796	101	101	4220	41.7822	41.7822
mutation1797	101	101	2340	23.1683	23.1683
mutation1798	101	101	4880	48.3168	48.3168
mutation1799	101	101	3940	39.0099	39.0099
mutation1800	101	101	3420	33.8614	33.8614
mutation1801	101	101	5540	54.8515	54.8515
mutation1802	101	101	3220	31.8812	31.8812
mutation1803	101	101	3080	30.495	30.495
mutation1804	101	101	5440	53.8614	53.8614
mutation1805	101	101	4500	44.5545	44.5545
mutation1806	101	101	4120	40.7921	40.7921
mutation1807	101	101	5460	54.0594	54.0594
mutation1808	101	101	6340	62.7723	62.7723
mutation1809	101	101	3180	31.4851	31.4851
mutation1810	101	101	4540	44.9505	44.9505
mutation1811	101	101	4720	46.7327	46.7327
mutation1812	101	101	4040	40	40
mutation1813	101	101	3760	37.2277	37.2277
mutation1814	101	101	3580	35.4455	35.4455
mutation1815	101	101	4320	42.7723	42.7723
mutation1816	101	101	2520	24.9505	24.9505
mutation1817	101	101	3140	31.0891	31.0891
mutation1818	101	101	2620	25.9406	25.9406
mutation1819	101	101	2260	22.3762	22.3762
mutation1820	101	101	3360	33.2673	33.2673
mutation1821	101	101	1980	19.604	19.604
mutation1822	101	101	3540	35.0495	35.0495
mutation1823	101	101	3120	30.8911	30.8911
mutation1824	101	101	3140	31.0891	31.0891
mutation1825	101	101	2900	28.7129	28.7129
mutation1826	101	101	5540	54.8515	54.8515
mutation1827	101	101	3080	30.495	30.495
mutation1828	101	101	2640	26.1386	26.1386
mutation1829	101	101	3520	34.8515	34.8515
mutation1830	101	101	5320	52.6733	52.6733
mutation1831	101	101	5260	52.0792	52.0792
mutation1832	101	101	4740	46.9307	46.9307
mutation1833	101	101	3160	31.2871	31.2871
mutation1834	101	101	4040	40	40
mutation1835	101	101	3140	31.0891	31.0891
mutation1836	101	101	4680	46.3366	46.3366
mutation1837	101	101	4400	43.5644	43.5644
mutation1838	101	101	3980	39.4059	39.4059
mutation1839	101	101	3480	34.4554	34.4554
mutation1840	101	101	2840	28.1188	28.1188
mutation1841	101	101	4920	48.7129	48.7129
mutation1842	101	101	3340	33.0693	33.0693
mutation1843	101	101	4720	46.7327	46.7327
mutation1844	101	101	4460	44.1584	44.1584
mutation1845	101	101	4760	47.1287	47.1287
mutation1846	101	101	3440	34.0594	34.0594
mutation1847	101	101	5140	50.8911	50.8911
mutation1848	101	101	5840	57.8218	57.8218
mutation1849	101	101	6740	66.7327	66.7327
mutation1850	101	101	5860	58.0198	58.0198
mutation1851	101	101	3920	38.8119	38.8119
mutation1852	101	101	3100	30.6931	30.6931
mutation1853	101	101	3520	34.8515	34.8515
mutation1854	101	101	2900	28.7129	28.7129
mutation1855	101	101	2400	23.7624	23.7624
mutation1856	101	101	4740	46.9307	46.9307
mutation1857	101	101	4260	42.1782	42.1782
mutation1858	101	101	5040	49.901	49.901
mutation1859	101	101	2520	24.9505	24.9505
mutation1860	101	101	6060	60	60
mutation1861	101	101	4040	40	40
mutation1862	101	101	3460	34.2574	34.2574
mutation1863	101	101	3500	34.6535	34.6535
mutation1864	101	101	4320	42.7723	42.7723
mutation1865	101	101	2840	28.1188	28.1188
mutation1866	101	101	4100	40.5941	40.5941
mutation1867	101	101	4440	43.9604	43.9604
mutation1868	101	101	3720	36.8317	36.8317
mutation1869	101	101	4240	41.9802	41.9802
mutation1870	101	101	4660	46.1386	46.1386
mutation1871	101	101	2640	26.1386	26.1386
mutation1872	101	101	4940	48.9109	48.9109
mutation1873	101	101	6080	60.198	60.198
mutation1874	101	101	4460	44.1584	44.1584
mutation1875	101	101	2940	29.1089	29.1089
mutation1876	101	101	2920	28.9109	28.9109
mutation1877	101	101	4580	45.3465	45.3465
mutation1878	101	101	3720	36.8317	36.8317
mutation1879	101	101	4560	45.1485	45.1485
mutation1880	101	101	4760	47.1287	47.1287
mutation1881	101	101	5780	57.2277	57.2277
mutation1882	101	101	3480	34.4554	34.4554
mutation1883	101	101	5700	56.4356	56.4356
mutation1884	101	101	4180	41.3861	41.3861
mutation1885	101	101	4020	39.802	39.802
mutation1886	101	101	3800	37.6238	37.6238
mutation1887	101	101	4240	41.9802	41.9802
mutation1888	101	101	3340	33.0693	33.0693
mutation1889	101	101	3760	37.2277	37.2277
mutation1890	101	101	3040	30.099	30.099
mutation1891	101	101	2920	28.9109	28.9109
mutation1892	101	101	5120	50.6931	50.6931
mutation1893	101	101	3800	37.6238	37.6238
mutation1894	101	101	3880	38.4158	38.4158
mutation1895	101	101	3540	35.0495	35.0495
mutation1896	101	101	4400	43.5644	43.5644
mutation1897	101	101	4020	39.802	39.802
mutation1898	101	101	3080	30.495	30.495
mutation1899	101	101	4720	46.7327	46.7327
mutation1900	101	101	3160	31.2871	31.2871
mutation1901	101	101	3700	36.6337	36.6337
mutation1902	101	101	5620	55.6436	55.6436
mutation1903	101	101	3920	38.8119	38.8119
mutation1904	101	101	2540	25.1485	25.1485
mutation1905	101	101	3520	34.8515	34.8515
mutation1906	101	101	3060	30.297	30.297
mutation1907	101	101	3180	31.4851	31.4851
mutation1908	101	101	4460	44.1584	44.1584
mutation1909	101	101	3440	34.0594	34.0594
mutation1910	101	101	3780	37.4257	37.4257
mutation1911	101	101	4580	45.3465	45.3465
mutation1912	101	101	4740	46.9307	46.9307
mutation1913	101	101	3880	38.4158	38.4158
mutation1914	101	101	5640	55.8416	55.8416
mutation1915	101	101	2480	24.5545	24.5545
mutation1916	101	101	4460	44.1584	44.1584
mutation1917	101	101	3520	34.8515	34.8515
mutation1918	101	101	4360	43.1683	43.1683
mutation1919	101	101	2760	27.3267	27.3267
mutation1920	101	101	4080	40.396	40.396
mutation1921	101	101	3240	32.0792	32.0792
mutation1922	101	101	4320	42.7723	42.7723
mutation1923	101	101	4540	44.9505	44.9505
mutation1924	101	101	3340	33.0693	33.0693
mutation1925	101	101	5240	51.8812	51.8812
mutation1926	101	101	3640	36.0396	36.0396
mutation1927	101	101	3220	31.8812	31.8812
mutation1928	101	101	3760	37.2277	37.2277
mutation1929	101	101	2640	26.1386	26.1386
mutation1930	101	101	3480	34.4554	34.4554
mutation1931	101	101	3620	35.8416	35.8416
mutation1932	101	101	2680	26.5347	26.5347
mutation1933	101	101	4160	41.1881	41.1881
mutation1934	101	101	5360	53.0693	53.0693
mutation1935	101	101	4100	40.5941	40.5941
mutation1936	101	101	3760	37.2277	37.2277
mutation1937	101	101	4200	41.5842	41.5842
mutation1938	101	101	4360	43.1683	43.1683
mutation1939	101	101	3100	30.6931	30.6931
mutation1940	101	101	4260	42.1782	42.1782
mutation1941	101	101	3760	37.2277	37.2277
mutation1942	101	101	3440	34.0594	34.0594
mutation1943	101	101	4440	43.9604	43.9604
mutation1944	101	101	4900	48.5149	48.5149
mutation1945	101	101	3320	32.8713	32.8713
mutation1946	101	101	2920	28.9109	28.9109
mutation1947	101	101	3740	37.0297	37.0297
mutation1948	101	101	5140	50.8911	50.8911
mutation1949	101	101	4760	47.1287	47.1287
mutation1950	101	101	3200	31.6832	31.6832
mutation1951	101	101	4380	43.3663	43.3663
mutation1952	101	101	3620	35.8416	35.8416
mutation1953	101	101	5960	59.0099	59.0099
mutation1954	101	101	2740	27.1287	27.1287
mutation1955	101	101	5940	58.8119	58.8119
mutation1956	101	101	3040	30.099	30.099
mutation1957	101	101	4720	46.7327	46.7327
mutation1958	101	101	5340	52.8713	52.8713
mutation1959	101	101	3820	37.8218	37.8218
mutation1960	101	101	4000	39.604	39.604
mutation1961	101	101	3200	31.6832	31.6832
mutation1962	101	101	3120	30.8911	30.8911
mutation1963	101	101	5120	50.6931	50.6931
mutation1964	101	101	5100	50.495	50.495
mutation1965	101	101	4720	46.7327	46.7327
mutation1966	101	101	4920	48.7129	48.7129
mutation1967	101	101	3920	38.8119	38.8119
mutation1968	101	101	2860	28.3168	28.3168
mutation1969	101	101	4240	41.9802	41.9802
mutation1970	101	101	3120	30.8911	30.8911
mutation1971	101	101	5060	50.099	50.099
mutation1972	101	101	4160	41.1881	41.1881
mutation1973	101	101	6100	60.396	60.396
mutation1974	101	101	4760	47.1287	47.1287
mutation1975	101	101	5120	50.6931	50.6931
mutation1976	101	101	4560	45.1485	45.1485
mutation1977	101	101	5340	52.8713	52.8713
mutation1978	101	101	2820	27.9208	27.9208
mutation1979	101	101	6260	61.9802	61.9802
mutation1980	101	101	5900	58.4158	58.4158
mutation1981	101	101	3300	32.6733	32.6733
mutation1982	101	101	5660	56.0396	56.0396
mutation1983	101	101	5280	52.2772	52.2772
mutation1984	101	101	2700	26.7327	26.7327
mutation1985	101	101	3940	39.0099	39.0099
mutation1986	101	101	2100	20.7921	20.7921
mutation1987	101	101	3740	37.0297	37.0297
mutation1988	101	101	4340	42.9703	42.9703
mutation1989	101	101	3840	38.0198	38.0198
mutation1990	101	101	3240	32.0792	32.0792
mutation1991	101	101	5720	56.6337	56.6337
mutation1992	101	101	2280	22.5743	22.5743
mutation1993	101	101	4220	41.7822	41.7822
mutation1994	101	101	5320	52.6733	52.6733
mutation1995	101	101	4260	42.1782	42.1782
mutation1996	101	101	4240	41.9802	41.9802
mutation1997	101	101	3400	33.6634	33.6634
mutation1998	101	101	4460	44.1584	44.1584
mutation1999	101	101	4420	43.7624	43.7624
mutation2000	101	101	4960	49.1089	49.1089
mutation2001	101	101	4120	40.7921	40.7921
mutation2002	101	101	3020	29.901	29.901
mutation2003	101	101	3460	34.2574	34.2574
mutation2004	101	101	4660	46.1386	46.1386
mutation2005	101	101	4820	47.7228	47.7228
mutation2006	101	101	5200	51.4851	51.4851
mutation2007	101	101	4760	47.1287	47.1287
mutation2008	101	101	5340	52.8713	52.8713
mutation2009	101	101	2860	28.3168	28.3168
mutation2010	101	101	5200	51.4851	51.4851
mutation2011	101	101	3260	32.2772	32.2772
mutation2012	101	101	3980	39.4059	39.4059
mutation2013	101	101	4980	49.3069	49.3069
mutation2014	101	101	5760	57.0297	57.0297
mutation2015	101	101	4120	40.7921	40.7921
mutation2016	101	101	6220	61.5842	61.5842
mutation2017	101	101	3240	32.0792	32.0792
mutation2018	101	101	3560	35.2475	35.2475
mutation2019	101	101	5300	52.4752	52.4752
mutation2020	101	101	3380	33.4653	33.4653
mutation2021	101	101	3200	31.6832	31.6832
mutation2022	101	101	3760	37.2277	37.2277
mutation2023	101	101	4960	49.1089	49.1089
mutation2024	101	101	4400	43.5644	43.5644
mutation2025	101	101	5160	51.0891	51.0891
mutation2026	101	101	5220	51.6832	51.6832
mutation2027	101	101	4380	43.3663	43.3663
mutation2028	101	101	4240	41.9802	41.9802
mutation2029	101	101	5020	49.703	49.703
mutation2030	101	101	3160	31.2871	31.2871
mutation2031	101	101	5060	50.099	50.099
mutation2032	101	101	1800	17.8218	17.8218
mutation2033	101	101	2980	29.505	29.505
mutation2034	101	101	3740	37.0297	37.0297
mutation2035	101	101	4060	40.198	40.198
mutation2036	101	101	4000	39.604	39.604
mutation2037	101	101	4420	43.7624	43.7624
mutation2038	101	101	3140	31.0891	31.0891
mutation2039	101	101	4720	46.7327	46.7327
mutation2040	101	101	4440	43.9604	43.9604
mutation2041	101	101	2860	28.3168	28.3168
mutation2042	101	101	4920	48.7129	48.7129
mutation2043	101	101	4140	40.9901	40.9901
mutation2044	101	101	3440	34.0594	34.0594
mutation2045	101	101	3540	35.0495	35.0495
mutation2046	101	101	3320	32.8713	32.8713
mutation2047	101	101	2780	27.5248	27.5248
mutation2048	101	101	5040	49.901	49.901
mutation2049	101	101	5680	56.2376	56.2376
mutation2050	101	101	3920	38.8119	38.8119
mutation2051	101	101	3040	30.099	30.099
mutation2052	101	101	4080	40.396	40.396
mutation2053	101	101	3640	36.0396	36.0396
mutation2054	101	101	3720	36.8317	36.8317
mutation2055	101	101	2540	25.1485	25.1485
mutation2056	101	101	4660	46.1386	46.1386
mutation2057	101	101	3060	30.297	30.297
mutation2058	101	101	3220	31.8812	31.8812
mutation2059	101	101	3040	30.099	30.099
mutation2060	101	101	4080	40.396	40.396
mutation2061	101	101	4840	47.9208	47.9208
mutation2062	101	101	2220	21.9802	21.9802
mutation2063	101	101	4340	42.9703	42.9703
mutation2064	101	101	3480	34.4554	34.4554
mutation2065	101	101	3700	36.6337	36.6337
mutation2066	101	101	4240	41.9802	41.9802
mutation2067	101	101	5120	50.6931	50.6931
mutation2068	101	101	3740	37.0297	37.0297
mutation2069	101	101	3920	38.8119	38.8119
mutation2070	101	101	3940	39.0099	39.0099
mutation2071	101	101	4060	40.198	40.198
mutation2072	101	101	2960	29.3069	29.3069
mutation2073	101	101	3220	31.8812	31.8812
mutation2074	101	101	4560	45.1485	45.1485
mutation2075	101	101	6060	60	60
mutation2076	101	101	3440	34.0594	34.0594
mutation2077	101	101	5100	50.495	50.495
mutation2078	101	101	3780	37.4257	37.4257
mutation2079	101	101	2020	20	20
mutation2080	101	101	1100	10.8911	10.8911
mutation2081	101	101	2780	27.5248	27.5248
mutation2082	101	101	4280	42.3762	42.3762
mutation2083	101	101	4820	47.7228	47.7228
mutation2084	101	101	3100	30.6931	30.6931
mutation2085	101	101	3640	36.0396	36.0396
mutation2086	101	101	3840	38.0198	38.0198
mutation2087	101	101	2740	27.1287	27.1287
mutation2088	101	101	5460	54.0594	54.0594
mutation2089	101	101	2860	28.3168	28.3168
mutation2090	101	101	3460	34.2574	34.2574
mutation2091	101	101	3640	36.0396	36.0396
mutation2092	101	101	3780	37.4257	37.4257
mutation2093	101	101	3700	36.6337	36.6337
mutation2094	101	101	2820	27.9208	27.9208
mutation2095	101	101	2640	26.1386	26.1386
mutation2096	101	101	2840	28.1188	28.1188
mutation2097	101	101	3820	37.8218	37.8218
mutation2098	101	101	3020	29.901	29.901
mutation2099	101	101	5700	56.4356	56.4356
mutation2100	101	101	3520	34.8515	34.8515
mutation2101	101	101	2660	26.3366	26.3366
mutation2102	101	101	2680	26.5347	26.5347
mutation2103	101	101	4940	48.9109	48.9109
mutation2104	101	101	4860	48.1188	48.1188
mutation2105	101	101	3180	31.4851	31.4851
mutation2106	101	101	4020	39.802	39.802
mutation2107	101	101	2300	22.7723	22.7723
mutation2108	101	101	2540	25.1485	25.1485
mutation2109	101	101	5660	56.0396	56.0396
mutation2110	101	101	4960	49.1089	49.1089
mutation2111	101	101	3160	31.2871	31.2871
mutation2112	101	101	4220	41.7822	41.7822
mutation2113	101	101	3200	31.6832	31.6832
mutation2114	101	101	5380	53.2673	53.2673
mutation2115	101	101	3560	35.2475	35.2475
mutation2116	101	101	4140	40.9901	40.9901
mutation2117	101	101	4000	39.604	39.604
mutation2118	101	101	3940	39.0099	39.0099
mutation2119	101	101	3680	36.4356	36.4356
mutation2120	101	101	2360	23.3663	23.3663
mutation2121	101	101	3680	36.4356	36.4356
mutation2122	101	101	3540	35.0495	35.0495
mutation2123	101	101	3040	30.099	30.099
mutation2124	101	101	4300	42.5743	42.5743
mutation2125	101	101	5160	51.0891	51.0891
mutation2126	101	101	3640	36.0396	36.0396
mutation2127	101	101	4180	41.3861	41.3861
mutation2128	101	101	3940	39.0099	39.0099
mutation2129	101	101	4220	41.7822	41.7822
mutation2130	101	101	2540	25.1485	25.1485
mutation2131	101	101	2860	28.3168	28.3168
mutation2132	101	101	4360	43.1683	43.1683
mutation2133	101	101	2920	28.9109	28.9109
mutation2134	101	101	6940	68.7129	68.7129
mutation2135	101	101	2340	23.1683	23.1683
mutation2136	101	101	3340	33.0693	33.0693
mutation2137	101	101	2740	27.1287	27.1287
mutation2138	101	101	2420	23.9604	23.9604
mutation2139	101	101	3020	29.901	29.901
mutation2140	101	101	2900	28.7129	28.7129
mutation2141	101	101	4740	46.9307	46.9307
mutation2142	101	101	4140	40.9901	40.9901
mutation2143	101	101	2960	29.3069	29.3069
mutation2144	101	101	2720	26.9307	26.9307
mutation2145	101	101	3460	34.2574	34.2574
mutation2146	101	101	4040	40	40
mutation2147	101	101	3140	31.0891	31.0891
mutation2148	101	101	4260	42.1782	42.1782
mutation2149	101	101	3840	38.0198	38.0198
mutation2150	101	101	4460	44.1584	44.1584
mutation2151	101	101	2620	25.9406	25.9406
mutation2152	101	101	4700	46.5347	46.5347
mutation2153	101	101	3300	32.6733	32.6733
mutation2154	101	101	5140	50.8911	50.8911
mutation2155	101	101	3620	35.8416	35.8416
mutation2156	101	101	2660	26.3366	26.3366
mutation2157	101	101	2880	28.5149	28.5149
mutation2158	101	101	3560	35.2475	35.2475
mutation2159	101	101	3240	32.0792	32.0792
mutation2160	101	101	2980	29.505	29.505
mutation2161	101	101	3420	33.8614	33.8614
mutation2162	101	101	2620	25.9406	25.9406
mutation2163	101	101	3440	34.0594	34.0594
mutation2164	101	101	4560	45.1485	45.1485
mutation2165	101	101	5860	58.0198	58.0198
mutation2166	101	101	4300	42.5743	42.5743
mutation2167	101	101	3340	33.0693	33.0693
mutation2168	101	101	2840	28.1188	28.1188
mutation2169	101	101	2800	27.7228	27.7228
mutation2170	101	101	2700	26.7327	26.7327
mutation2171	101	101	2920	28.9109	28.9109
mutation2172	101	101	2600	25.7426	25.7426
mutation2173	101	101	2720	26.9307	26.9307
mutation2174	101	101	3280	32.4752	32.4752
mutation2175	101	101	3340	33.0693	33.0693
mutation2176	101	101	2280	22.5743	22.5743
mutation2177	101	101	2920	28.9109	28.9109
mutation2178	101	101	3920	38.8119	38.8119
mutation2179	101	101	4220	41.7822	41.7822
mutation2180	101	101	2540	25.1485	25.1485
mutation2181	101	101	3000	29.703	29.703
mutation2182	101	101	3080	30.495	30.495
mutation2183	101	101	2840	28.1188	28.1188
mutation2184	101	101	4840	47.9208	47.9208
mutation2185	101	101	3040	30.099	30.099
mutation2186	101	101	3840	38.0198	38.0198
mutation2187	101	101	4100	40.5941	40.5941
mutation2188	101	101	4280	42.3762	42.3762
mutation2189	101	101	3340	33.0693	33.0693
mutation2190	101	101	3120	30.8911	30.8911
mutation2191	101	101	3620	35.8416	35.8416
mutation2192	101	101	4400	43.5644	43.5644
mutation2193	101	101	4120	40.7921	40.7921
mutation2194	101	101	5160	51.0891	51.0891
mutation2195	101	101	3260	32.2772	32.2772
mutation2196	101	101	3160	31.2871	31.2871
mutation2197	101	101	3120	30.8911	30.8911
mutation2198	101	101	3820	37.8218	37.8218
mutation2199	101	101	5240	51.8812	51.8812
mutation2200	101	101	2420	23.9604	23.9604
mutation2201	101	101	3840	38.0198	38.0198
mutation2202	101	101	4140	40.9901	40.9901
mutation2203	101	101	3580	35.4455	35.4455
mutation2204	101	101	6660	65.9406	65.9406
mutation2205	101	101	3040	30.099	30.099
mutation2206	101	101	3300	32.6733	32.6733
mutation2207	101	101	2520	24.9505	24.9505
mutation2208	101	101	3600	35.6436	35.6436
mutation2209	101	101	4540	44.9505	44.9505
mutation2210	101	101	7060	69.901	69.901
mutation2211	101	101	3440	34.0594	34.0594
mutation2212	101	101	2720	26.9307	26.9307
mutation2213	101	101	3520	34.8515	34.8515
mutation2214	101	101	2460	24.3564	24.3564
mutation2215	101	101	5160	51.0891	51.0891
mutation2216	101	101	3380	33.4653	33.4653
mutation2217	101	101	4360	43.1683	43.1683
mutation2218	101	101	2180	21.5842	21.5842
mutation2219	101	101	3620	35.8416	35.8416
mutation2220	101	101	2380	23.5644	23.5644
mutation2221	101	101	3220	31.8812	31.8812
mutation2222	101	101	4300	42.5743	42.5743
mutation2223	101	101	2800	27.7228	27.7228
mutation2224	101	101	3100	30.6931	30.6931
mutation2225	101	101	3700	36.6337	36.6337
mutation2226	101	101	3980	39.4059	39.4059
mutation2227	101	101	3100	30.6931	30.6931
mutation2228	101	101	4220	41.7822	41.7822
mutation2229	101	101	4020	39.802	39.802
mutation2230	101	101	4520	44.7525	44.7525
mutation2231	101	101	3140	31.0891	31.0891
mutation2232	101	101	2580	25.5446	25.5446
mutation2233	101	101	4940	48.9109	48.9109
mutation2234	101	101	3300	32.6733	32.6733
mutation2235	101	101	2960	29.3069	29.3069
mutation2236	101	101	3000	29.703	29.703
mutation2237	101	101	4140	40.9901	40.9901
mutation2238	101	101	2820	27.9208	27.9208
mutation2239	101	101	3440	34.0594	34.0594
mutation2240	101	101	2700	26.7327	26.7327
mutation2241	101	101	3480	34.4554	34.4554
mutation2242	101	101	3820	37.8218	37.8218
mutation2243	101	101	2620	25.9406	25.9406
mutation2244	101	101	3720	36.8317	36.8317
mutation2245	101	101	2520	24.9505	24.9505
mutation2246	101	101	4000	39.604	39.604
mutation2247	101	101	4880	48.3168	48.3168
mutation2248	101	101	4140	40.9901	40.9901
mutation2249	101	101	5040	49.901	49.901
mutation2250	101	101	3260	32.2772	32.2772
mutation2251	101	101	2940	29.1089	29.1089
mutation2252	101	101	4540	44.9505	44.9505
mutation2253	101	101	4260	42.1782	42.1782
mutation2254	101	101	4340	42.9703	42.9703
mutation2255	101	101	4160	41.1881	41.1881
mutation2256	101	101	3720	36.8317	36.8317
mutation2257	101	101	3860	38.2178	38.2178
mutation2258	101	101	4740	46.9307	46.9307
mutation2259	101	101	4020	39.802	39.802
mutation2260	101	101	6360	62.9703	62.9703
mutation2261	101	101	6080	60.198	60.198
mutation2262	101	101	4860	48.1188	48.1188
mutation2263	101	101	5200	51.4851	51.4851
mutation2264	101	101	6360	62.9703	62.9703
mutation2265	101	101	3180	31.4851	31.4851
mutation2266	101	101	5660	56.0396	56.0396
mutation2267	101	101	6040	59.802	59.802
mutation2268	101	101	4680	46.3366	46.3366
mutation2269	101	101	2440	24.1584	24.1584
mutation2270	101	101	3600	35.6436	35.6436
mutation2271	101	101	3200	31.6832	31.6832
mutation2272	101	101	2220	21.9802	21.9802
mutation2273	101	101	5940	58.8119	58.8119
mutation2274	101	101	3660	36.2376	36.2376
mutation2275	101	101	3820	37.8218	37.8218
mutation2276	101	101	5560	55.0495	55.0495
mutation2277	101	101	6300	62.3762	62.3762
mutation2278	101	101	5120	50.6931	50.6931
mutation2279	101	101	2460	24.3564	24.3564
mutation2280	101	101	2680	26.5347	26.5347
mutation2281	101	101	5460	54.0594	54.0594
mutation2282	101	101	5460	54.0594	54.0594
mutation2283	101	101	3840	38.0198	38.0198
mutation2284	101	101	3260	32.2772	32.2772
mutation2285	101	101	4040	40	40
mutation2286	101	101	4140	40.9901	40.9901
mutation2287	101	101	4460	44.1584	44.1584
mutation2288	101	101	3740	37.0297	37.0297
mutation2289	101	101	1880	18.6139	18.6139
mutation2290	101	101	2380	23.5644	23.5644
mutation2291	101	101	3840	38.0198	38.0198
mutation2292	101	101	3080	30.495	30.495
mutation2293	101	101	5220	51.6832	51.6832
mutation2294	101	101	4140	40.9901	40.9901
mutation2295	101	101	4280	42.3762	42.3762
mutation2296	101	101	5980	59.2079	59.2079
mutation2297	101	101	4440	43.9604	43.9604
mutation2298	101	101	3080	30.495	30.495
mutation2299	101	101	3040	30.099	30.099
mutation2300	101	101	4080	40.396	40.396
mutation2301	101	101	2960	29.3069	29.3069
mutation2302	101	101	5400	53.4653	53.4653
mutation2303	101	101	3200	31.6832	31.6832
mutation2304	101	101	5260	52.0792	52.0792
mutation2305	101	101	4100	40.5941	40.5941
mutation2306	101	101	4380	43.3663	43.3663
mutation2307	101	101	4260	42.1782	42.1782
mutation2308	101	101	4440	43.9604	43.9604
mutation2309	101	101	3240	32.0792	32.0792
mutation2310	101	101	3920	38.8119	38.8119
mutation2311	101	101	3720	36.8317	36.8317
mutation2312	101	101	4280	42.3762	42.3762
mutation2313	101	101	3940	39.0099	39.0099
mutation2314	101	101	3260	32.2772	32.2772
mutation2315	101	101	3540	35.0495	35.0495
mutation2316	101	101	4520	44.7525	44.7525
mutation2317	101	101	4300	42.5743	42.5743
mutation2318	101	101	2080	20.5941	20.5941
mutation2319	101	101	5260	52.0792	52.0792
mutation2320	101	101	5080	50.297	50.297
mutation2321	101	101	3300	32.6733	32.6733
mutation2322	101	101	3100	30.6931	30.6931
mutation2323	101	101	5360	53.0693	53.0693
mutation2324	101	101	4140	40.9901	40.9901
mutation2325	101	101	2980	29.505	29.505
mutation2326	101	101	4200	41.5842	41.5842
mutation2327	101	101	4720	46.7327	46.7327
mutation2328	101	101	2820	27.9208	27.9208
mutation2329	101	101	3080	30.495	30.495
mutation2330	101	101	3720	36.8317	36.8317
mutation2331	101	101	4280	42.3762	42.3762
mutation2332	101	101	5360	53.0693	53.0693
mutation2333	101	101	3820	37.8218	37.8218
mutation2334	101	101	4460	44.1584	44.1584
mutation2335	101	101	3540	35.0495	35.0495
mutation2336	101	101	4000	39.604	39.604
mutation2337	101	101	5040	49.901	49.901
mutation2338	101	101	4320	42.7723	42.7723
mutation2339	101	101	3740	37.0297	37.0297
mutation2340	101	101	3320	32.8713	32.8713
mutation2341	101	101	5860	58.0198	58.0198
mutation2342	101	101	2820	27.9208	27.9208
mutation2343	101	101	2520	24.9505	24.9505
mutation2344	101	101	3720	36.8317	36.8317
mutation2345	101	101	5960	59.0099	59.0099
mutation2346	101	101	3840	38.0198	38.0198
mutation2347	101	101	5580	55.2475	55.2475
mutation2348	101	101	3880	38.4158	38.4158
mutation2349	101	101	4220	41.7822	41.7822
mutation2350	101	101	3340	33.0693	33.0693
mutation2351	101	101	4120	40.7921	40.7921
mutation2352	101	101	3820	37.8218	37.8218
mutation2353	101	101	3900	38.6139	38.6139
mutation2354	101	101	3440	34.0594	34.0594
mutation2355	101	101	2500	24.7525	24.7525
mutation2356	101	101	3660	36.2376	36.2376
mutation2357	101	101	3360	33.2673	33.2673
mutation2358	101	101	3460	34.2574	34.2574
mutation2359	101	101	5380	53.2673	53.2673
mutation2360	101	101	2960	29.3069	29.3069
mutation2361	101	101	4980	49.3069	49.3069
mutation2362	101	101	5000	49.505	49.505
mutation2363	101	101	3820	37.8218	37.8218
mutation2364	101	101	2600	25.7426	25.7426
mutation2365	101	101	4560	45.1485	45.1485
mutation2366	101	101	4700	46.5347	46.5347
mutation2367	101	101	4000	39.604	39.604
mutation2368	101	101	3860	38.2178	38.2178
mutation2369	101	101	2980	29.505	29.505
mutation2370	101	101	3940	39.0099	39.0099
mutation2371	101	101	3600	35.6436	35.6436
mutation2372	101	101	3760	37.2277	37.2277
mutation2373	101	101	3940	39.0099	39.0099
mutation2374	101	101	3640	36.0396	36.0396
mutation2375	101	101	3820	37.8218	37.8218
mutation2376	101	101	3440	34.0594	34.0594
mutation2377	101	101	3620	35.8416	35.8416
mutation2378	101	101	4240	41.9802	41.9802
mutation2379	101	101	3440	34.0594	34.0594
mutation2380	101	101	2600	25.7426	25.7426
mutation2381	101	101	3500	34.6535	34.6535
mutation2382	101	101	4720	46.7327	46.7327
mutation2383	101	101	4540	44.9505	44.9505
mutation2384	101	101	4460	44.1584	44.1584
mutation2385	101	101	3260	32.2772	32.2772
mutation2386	101	101	5480	54.2574	54.2574
mutation2387	101	101	4020	39.802	39.802
mutation2388	101	101	4180	41.3861	41.3861
mutation2389	101	101	4060	40.198	40.198
mutation2390	101	101	4800	47.5248	47.5248
mutation2391	101	101	3240	32.0792	32.0792
mutation2392	101	101	4300	42.5743	42.5743
mutation2393	101	101	4920	48.7129	48.7129
mutation2394	101	101	2320	22.9703	22.9703
mutation2395	101	101	4540	44.9505	44.9505
mutation2396	101	101	3220	31.8812	31.8812
mutation2397	101	101	3200	31.6832	31.6832
mutation2398	101	101	5940	58.8119	58.8119
mutation2399	101	101	3120	30.8911	30.8911
mutation2400	101	101	5860	58.0198	58.0198
mutation2401	101	101	2980	29.505	29.505
mutation2402	101	101	5940	58.8119	58.8119
mutation2403	101	101	4260	42.1782	42.1782
mutation2404	101	101	4040	40	40
mutation2405	101	101	3080	30.495	30.495
mutation2406	101	101	4060	40.198	40.198
mutation2407	101	101	3940	39.0099	39.0099
mutation2408	101	101	3320	32.8713	32.8713
mutation2409	101	101	3020	29.901	29.901
mutation2410	101	101	4520	44.7525	44.7525
mutation2411	101	101	5560	55.0495	55.0495
mutation2412	101	101	2900	28.7129	28.7129
mutation2413	101	101	2440	24.1584	24.1584
mutation2414	101	101	3440	34.0594	34.0594
mutation2415	101	101	5440	53.8614	53.8614
mutation2416	101	101	3440	34.0594	34.0594
mutation2417	101	101	4100	40.5941	40.5941
mutation2418	101	101	3060	30.297	30.297
mutation2419	101	101	3500	34.6535	34.6535
mutation2420	101	101	3640	36.0396	36.0396
mutation2421	101	101	3120	30.8911	30.8911
mutation2422	101	101	3720	36.8317	36.8317
mutation2423	101	101	6020	59.604	59.604
mutation2424	101	101	5160	51.0891	51.0891
mutation2425	101	101	4720	46.7327	46.7327
mutation2426	101	101	2880	28.5149	28.5149
mutation2427	101	101	4400	43.5644	43.5644
mutation2428	101	101	4340	42.9703	42.9703
mutation2429	101	101	6260	61.9802	61.9802
mutation2430	101	101	4560	45.1485	45.1485
mutation2431	101	101	2940	29.1089	29.1089
mutation2432	101	101	3300	32.6733	32.6733
mutation2433	101	101	4020	39.802	39.802
mutation2434	101	101	5500	54.4554	54.4554
mutation2435	101	101	5340	52.8713	52.8713
mutation2436	101	101	4600	45.5446	45.5446
mutation2437	101	101	2840	28.1188	28.1188
mutation2438	101	101	4600	45.5446	45.5446
mutation2439	101	101	3540	35.0495	35.0495
mutation2440	101	101	5540	54.8515	54.8515
mutation2441	101	101	5180	51.2871	51.2871
mutation2442	101	101	5420	53.6634	53.6634
mutation2443	101	101	3020	29.901	29.901
mutation2444	101	101	3220	31.8812	31.8812
mutation2445	101	101	2380	23.5644	23.5644
mutation2446	101	101	3860	38.2178	38.2178
mutation2447	101	101	3540	35.0495	35.0495
mutation2448	101	101	3740	37.0297	37.0297
mutation2449	101	101	3020	29.901	29.901
mutation2450	101	101	5760	57.0297	57.0297
mutation2451	101	101	2080	20.5941	20.5941
mutation2452	101	101	4480	44.3564	44.3564
mutation2453	101	101	4920	48.7129	48.7129
mutation2454	101	101	3700	36.6337	36.6337
mutation2455	101	101	2620	25.9406	25.9406
mutation2456	101	101	2580	25.5446	25.5446
mutation2457	101	101	3540	35.0495	35.0495
mutation2458	101	101	4380	43.3663	43.3663
mutation2459	101	101	5580	55.2475	55.2475
mutation2460	101	101	4800	47.5248	47.5248
mutation2461	101	101	3760	37.2277	37.2277
mutation2462	101	101	3860	38.2178	38.2178
mutation2463	101	101	4180	41.3861	41.3861
mutation2464	101	101	4660	46.1386	46.1386
mutation2465	101	101	3460	34.2574	34.2574
mutation2466	101	101	3100	30.6931	30.6931
mutation2467	101	101	3220	31.8812	31.8812
mutation2468	101	101	2880	28.5149	28.5149
mutation2469	101	101	5980	59.2079	59.2079
mutation2470	101	101	2780	27.5248	27.5248
mutation2471	101	101	6560	64.9505	64.9505
mutation2472	101	101	5780	57.2277	57.2277
mutation2473	101	101	3140	31.0891	31.0891
mutation2474	101	101	3580	35.4455	35.4455
mutation2475	101	101	3420	33.8614	33.8614
mutation2476	101	101	6100	60.396	60.396
mutation2477	101	101	5700	56.4356	56.4356
mutation2478	101	101	1780	17.6238	17.6238
mutation2479	101	101	3720	36.8317	36.8317
mutation2480	101	101	4120	40.7921	40.7921
mutation2481	101	101	4880	48.3168	48.3168
mutation2482	101	101	5880	58.2178	58.2178
mutation2483	101	101	5160	51.0891	51.0891
mutation2484	101	101	4920	48.7129	48.7129
mutation2485	101	101	5060	50.099	50.099
mutation2486	101	101	5940	58.8119	58.8119
mutation2487	101	101	5360	53.0693	53.0693
mutation2488	101	101	4440	43.9604	43.9604
mutation2489	101	101	4940	48.9109	48.9109
mutation2490	101	101	6360	62.9703	62.9703
mutation2491	101	101	5620	55.6436	55.6436
mutation2492	101	101	6160	60.9901	60.9901
mutation2493	101	101	3560	35.2475	35.2475
mutation2494	101	101	4240	41.9802	41.9802
mutation2495	101	101	2720	26.9307	26.9307
mutation2496	101	101	2880	28.5149	28.5149
mutation2497	101	101	3200	31.6832	31.6832
mutation2498	101	101	4360	43.1683	43.1683
mutation2499	101	101	4000	39.604	39.604
mutation2500	101	101	2720	26.9307	26.9307
mutation2501	101	101	4180	41.3861	41.3861
mutation2502	101	101	3940	39.0099	39.0099
mutation2503	101	101	5220	51.6832	51.6832
mutation2504	101	101	4840	47.9208	47.9208
mutation2505	101	101	1300	12.8713	12.8713
mutation2506	101	101	4020	39.802	39.802
mutation2507	101	101	3260	32.2772	32.2772
mutation2508	101	101	3700	36.6337	36.6337
mutation2509	101	101	3600	35.6436	35.6436
mutation2510	101	101	3620	35.8416	35.8416
mutation2511	101	101	5100	50.495	50.495
mutation2512	101	101	3180	31.4851	31.4851
mutation2513	101	101	5920	58.6139	58.6139
mutation2514	101	101	2260	22.3762	22.3762
mutation2515	101	101	4240	41.9802	41.9802
mutation2516	101	101	5520	54.6535	54.6535
mutation2517	101	101	3620	35.8416	35.8416
mutation2518	101	101	4340	42.9703	42.9703
mutation2519	101	101	3160	31.2871	31.2871
mutation2520	101	101	3320	32.8713	32.8713
mutation2521	101	101	5120	50.6931	50.6931
mutation2522	101	101	3560	35.2475	35.2475
mutation2523	101	101	3060	30.297	30.297
mutation2524	101	101	4280	42.3762	42.3762
mutation2525	101	101	4240	41.9802	41.9802
mutation2526	101	101	4660	46.1386	46.1386
mutation2527	101	101	4320	42.7723	42.7723
mutation2528	101	101	3160	31.2871	31.2871
mutation2529	101	101	3160	31.2871	31.2871
mutation2530	101	101	3060	30.297	30.297
mutation2531	101	101	3180	31.4851	31.4851
mutation2532	101	101	5820	57.6238	57.6238
mutation2533	101	101	3340	33.0693	33.0693
mutation2534	101	101	4740	46.9307	46.9307
mutation2535	101	101	3520	34.8515	34.8515
mutation2536	101	101	3340	33.0693	33.0693
mutation2537	101	101	5460	54.0594	54.0594
mutation2538	101	101	3820	37.8218	37.8218
mutation2539	101	101	3300	32.6733	32.6733
mutation2540	101	101	4680	46.3366	46.3366
mutation2541	101	101	5080	50.297	50.297
mutation2542	101	101	3120	30.8911	30.8911
mutation2543	101	101	3420	33.8614	33.8614
mutation2544	101	101	3040	30.099	30.099
mutation2545	101	101	4200	41.5842	41.5842
mutation2546	101	101	4240	41.9802	41.9802
mutation2547	101	101	2760	27.3267	27.3267
mutation2548	101	101	3680	36.4356	36.4356
mutation2549	101	101	2800	27.7228	27.7228
mutation2550	101	101	3320	32.8713	32.8713
mutation2551	101	101	3900	38.6139	38.6139
mutation2552	101	101	3080	30.495	30.495
mutation2553	101	101	3860	38.2178	38.2178
mutation2554	101	101	5140	50.8911	50.8911
mutation2555	101	101	3460	34.2574	34.2574
mutation2556	101	101	3580	35.4455	35.4455
mutation2557	101	101	3820	37.8218	37.8218
mutation2558	101	101	3940	39.0099	39.0099
mutation2559	101	101	2320	22.9703	22.9703
mutation2560	101	101	4520	44.7525	44.7525
mutation2561	101	101	5680	56.2376	56.2376
mutation2562	101	101	2580	25.5446	25.5446
mutation2563	101	101	4820	47.7228	47.7228
mutation2564	101	101	4580	45.3465	45.3465
mutation2565	101	101	2960	29.3069	29.3069
mutation2566	101	101	3920	38.8119	38.8119
mutation2567	101	101	4360	43.1683	43.1683
mutation2568	101	101	4340	42.9703	42.9703
mutation2569	101	101	2900	28.7129	28.7129
mutation2570	101	101	3180	31.4851	31.4851
mutation2571	101	101	3980	39.4059	39.4059
mutation2572	101	101	3900	38.6139	38.6139
mutation2573	101	101	3340	33.0693	33.0693
mutation2574	101	101	4460	44.1584	44.1584
mutation2575	101	101	3560	35.2475	35.2475
mutation2576	101	101	3120	30.8911	30.8911
mutation2577	101	101	2840	28.1188	28.1188
mutation2578	101	101	3320	32.8713	32.8713
mutation2579	101	101	2460	24.3564	24.3564
mutation2580	101	101	2720	26.9307	26.9307
mutation2581	101	101	3060	30.297	30.297
mutation2582	101	101	5020	49.703	49.703
mutation2583	101	101	3360	33.2673	33.2673
mutation2584	101	101	3100	30.6931	30.6931
mutation2585	101	101	5680	56.2376	56.2376
mutation2586	101	101	4640	45.9406	45.9406
mutation2587	101	101	3660	36.2376	36.2376
mutation2588	101	101	3680	36.4356	36.4356
mutation2589	101	101	4660	46.1386	46.1386
mutation2590	101	101	3620	35.8416	35.8416
mutation2591	101	101	3940	39.0099	39.0099
mutation2592	101	101	5240	51.8812	51.8812
mutation2593	101	101	4060	40.198	40.198
mutation2594	101	101	3840	38.0198	38.0198
mutation2595	101	101	2920	28.9109	28.9109
mutation2596	101	101	2760	27.3267	27.3267
mutation2597	101	101	6360	62.9703	62.9703
mutation2598	101	101	4880	48.3168	48.3168
mutation2599	101	101	3100	30.6931	30.6931
mutation2600	101	101	3160	31.2871	31.2871
mutation2601	101	101	3400	33.6634	33.6634
mutation2602	101	101	3740	37.0297	37.0297
mutation2603	101	101	3180	31.4851	31.4851
mutation2604	101	101	2260	22.3762	22.3762
mutation2605	101	101	3520	34.8515	34.8515
mutation2606	101	101	5480	54.2574	54.2574
mutation2607	101	101	4060	40.198	40.198
mutation2608	101	101	3120	30.8911	30.8911
mutation2609	101	101	3560	35.2475	35.2475
mutation2610	101	101	2840	28.1188	28.1188
mutation2611	101	101	4320	42.7723	42.7723
mutation2612	101	101	3420	33.8614	33.8614
mutation2613	101	101	2400	23.7624	23.7624
mutation2614	101	101	4900	48.5149	48.5149
mutation2615	101	101	5160	51.0891	51.0891
mutation2616	101	101	4620	45.7426	45.7426
mutation2617	101	101	3320	32.8713	32.8713
mutation2618	101	101	3200	31.6832	31.6832
mutation2619	101	101	3140	31.0891	31.0891
mutation2620	101	101	4700	46.5347	46.5347
mutation2621	101	101	2900	28.7129	28.7129
mutation2622	101	101	3420	33.8614	33.8614
mutation2623	101	101	3920	38.8119	38.8119
mutation2624	101	101	3980	39.4059	39.4059
mutation2625	101	101	3780	37.4257	37.4257
mutation2626	101	101	4220	41.7822	41.7822
mutation2627	101	101	4120	40.7921	40.7921
mutation2628	101	101	4240	41.9802	41.9802
mutation2629	101	101	4680	46.3366	46.3366
mutation2630	101	101	5560	55.0495	55.0495
mutation2631	101	101	5740	56.8317	56.8317
mutation2632	101	101	5700	56.4356	56.4356
mutation2633	101	101	3560	35.2475	35.2475
mutation2634	101	101	4240	41.9802	41.9802
mutation2635	101	101	5300	52.4752	52.4752
mutation2636	101	101	3800	37.6238	37.6238
mutation2637	101	101	5060	50.099	50.099
mutation2638	101	101	4780	47.3267	47.3267
mutation2639	101	101	3360	33.2673	33.2673
mutation2640	101	101	3220	31.8812	31.8812
mutation2641	101	101	4060	40.198	40.198
mutation2642	101	101	4460	44.1584	44.1584
mutation2643	101	101	3040	30.099	30.099
mutation2644	101	101	2540	25.1485	25.1485
mutation2645	101	101	2140	21.1881	21.1881
mutation2646	101	101	6140	60.7921	60.7921
mutation2647	101	101	3840	38.0198	38.0198
mutation2648	101	101	3600	35.6436	35.6436
mutation2649	101	101	5320	52.6733	52.6733
mutation2650	101	101	4480	44.3564	44.3564
mutation2651	101	101	2900	28.7129	28.7129
mutation2652	101	101	4860	48.1188	48.1188
mutation2653	101	101	2880	28.5149	28.5149
mutation2654	101	101	4020	39.802	39.802
mutation2655	101	101	4440	43.9604	43.9604
mutation2656	101	101	3340	33.0693	33.0693
mutation2657	101	101	4000	39.604	39.604
mutation2658	101	101	4920	48.7129	48.7129
mutation2659	101	101	3880	38.4158	38.4158
mutation2660	101	101	5640	55.8416	55.8416
mutation2661	101	101	4040	40	40
mutation2662	101	101	3680	36.4356	36.4356
mutation2663	101	101	3040	30.099	30.099
mutation2664	101	101	3580	35.4455	35.4455
mutation2665	101	101	4240	41.9802	41.9802
mutation2666	101	101	4120	40.7921	40.7921
mutation2667	101	101	5620	55.6436	55.6436
mutation2668	101	101	4200	41.5842	41.5842
mutation2669	101	101	3020	29.901	29.901
mutation2670	101	101	5840	57.8218	57.8218
mutation2671	101	101	4100	40.5941	40.5941
mutation2672	101	101	4360	43.1683	43.1683
mutation2673	101	101	4020	39.802	39.802
mutation2674	101	101	3520	34.8515	34.8515
mutation2675	101	101	3340	33.0693	33.0693
mutation2676	101	101	6340	62.7723	62.7723
mutation2677	101	101	4860	48.1188	48.1188
mutation2678	101	101	4960	49.1089	49.1089
mutation2679	101	101	2880	28.5149	28.5149
mutation2680	101	101	3140	31.0891	31.0891
mutation2681	101	101	6160	60.9901	60.9901
mutation2682	101	101	3060	30.297	30.297
mutation2683	101	101	5000	49.505	49.505
mutation2684	101	101	3360	33.2673	33.2673
mutation2685	101	101	2860	28.3168	28.3168
mutation2686	101	101	3380	33.4653	33.4653
mutation2687	101	101	4160	41.1881	41.1881
mutation2688	101	101	5540	54.8515	54.8515
mutation2689	101	101	2160	21.3861	21.3861
mutation2690	101	101	3140	31.0891	31.0891
mutation2691	101	101	2480	24.5545	24.5545
mutation2692	101	101	5080	50.297	50.297
mutation2693	101	101	2220	21.9802	21.9802
mutation2694	101	101	3880	38.4158	38.4158
mutation2695	101	101	3700	36.6337	36.6337
mutation2696	101	101	3740	37.0297	37.0297
mutation2697	101	101	5100	50.495	50.495
mutation2698	101	101	4600	45.5446	45.5446
mutation2699	101	101	5060	50.099	50.099
mutation2700	101	101	4120	40.7921	40.7921
mutation2701	101	101	4460	44.1584	44.1584
mutation2702	101	101	4140	40.9901	40.9901
mutation2703	101	101	5840	57.8218	57.8218
mutation2704	101	101	5960	59.0099	59.0099
mutation2705	101	101	4600	45.5446	45.5446
mutation2706	101	101	5640	55.8416	55.8416
mutation2707	101	101	4980	49.3069	49.3069
mutation2708	101	101	2960	29.3069	29.3069
mutation2709	101	101	3220	31.8812	31.8812
mutation2710	101	101	3260	32.2772	32.2772
mutation2711	101	101	3920	38.8119	38.8119
mutation2712	101	101	5540	54.8515	54.8515
mutation2713	101	101	4660	46.1386	46.1386
mutation2714	101	101	4440	43.9604	43.9604
mutation2715	101	101	4900	48.5149	48.5149
mutation2716	101	101	3500	34.6535	34.6535
mutation2717	101	101	4640	45.9406	45.9406
mutation2718	101	101	4680	46.3366	46.3366
mutation2719	101	101	2820	27.9208	27.9208
mutation2720	101	101	3200	31.6832	31.6832
mutation2721	101	101	6280	62.1782	62.1782
mutation2722	101	101	3440	34.0594	34.0594
mutation2723	101	101	4760	47.1287	47.1287
mutation2724	101	101	3040	30.099	30.099
mutation2725	101	101	2980	29.505	29.505
mutation2726	101	101	3860	38.2178	38.2178
mutation2727	101	101	3640	36.0396	36.0396
mutation2728	101	101	3400	33.6634	33.6634
mutation2729	101	101	4080	40.396	40.396
mutation2730	101	101	3220	31.8812	31.8812
mutation2731	101	101	3600	35.6436	35.6436
mutation2732	101	101	4940	48.9109	48.9109
mutation2733	101	101	3380	33.4653	33.4653
mutation2734	101	101	4360	43.1683	43.1683
mutation2735	101	101	4380	43.3663	43.3663
mutation2736	101	101	4000	39.604	39.604
mutation2737	101	101	2700	26.7327	26.7327
mutation2738	101	101	4380	43.3663	43.3663
mutation2739	101	101	6260	61.9802	61.9802
mutation2740	101	101	3880	38.4158	38.4158
mutation2741	101	101	3720	36.8317	36.8317
mutation2742	101	101	3640	36.0396	36.0396
mutation2743	101	101	2520	24.9505	24.9505
mutation2744	101	101	3740	37.0297	37.0297
mutation2745	101	101	4820	47.7228	47.7228
mutation2746	101	101	2580	25.5446	25.5446
mutation2747	101	101	4940	48.9109	48.9109
mutation2748	101	101	3860	38.2178	38.2178
mutation2749	101	101	6340	62.7723	62.7723
mutation2750	101	101	3420	33.8614	33.8614
mutation2751	101	101	4660	46.1386	46.1386
mutation2752	101	101	3040	30.099	30.099
mutation2753	101	101	5220	51.6832	51.6832
mutation2754	101	101	2400	23.7624	23.7624
mutation2755	101	101	3820	37.8218	37.8218
mutation2756	101	101	3160	31.2871	31.2871
mutation2757	101	101	2620	25.9406	25.9406
mutation2758	101	101	3140	31.0891	31.0891
mutation2759	101	101	5920	58.6139	58.6139
mutation2760	101	101	3460	34.2574	34.2574
mutation2761	101	101	4380	43.3663	43.3663
mutation2762	101	101	2600	25.7426	25.7426
mutation2763	101	101	6640	65.7426	65.7426
mutation2764	101	101	2840	28.1188	28.1188
mutation2765	101	101	3060	30.297	30.297
mutation2766	101	101	3160	31.2871	31.2871
mutation2767	101	101	3420	33.8614	33.8614
mutation2768	101	101	2640	26.1386	26.1386
mutation2769	101	101	3800	37.6238	37.6238
mutation2770	101	101	3400	33.6634	33.6634
mutation2771	101	101	3840	38.0198	38.0198
mutation2772	101	101	2880	28.5149	28.5149
mutation2773	101	101	4960	49.1089	49.1089
mutation2774	101	101	3100	30.6931	30.6931
mutation2775	101	101	3640	36.0396	36.0396
mutation2776	101	101	4820	47.7228	47.7228
mutation2777	101	101	3540	35.0495	35.0495
mutation2778	101	101	5660	56.0396	56.0396
mutation2779	101	101	3260	32.2772	32.2772
mutation2780	101	101	3840	38.0198	38.0198
mutation2781	101	101	2380	23.5644	23.5644
mutation2782	101	101	3000	29.703	29.703
mutation2783	101	101	4020	39.802	39.802
mutation2784	101	101	2220	21.9802	21.9802
mutation2785	101	101	4320	42.7723	42.7723
mutation2786	101	101	3720	36.8317	36.8317
mutation2787	101	101	4300	42.5743	42.5743
mutation2788	101	101	3400	33.6634	33.6634
mutation2789	101	101	5460	54.0594	54.0594
mutation2790	101	101	4100	40.5941	40.5941
mutation2791	101	101	5820	57.6238	57.6238
mutation2792	101	101	4040	40	40
mutation2793	101	101	5060	50.099	50.099
mutation2794	101	101	3900	38.6139	38.6139
mutation2795	101	101	3220	31.8812	31.8812
mutation2796	101	101	3360	33.2673	33.2673
mutation2797	101	101	4240	41.9802	41.9802
mutation2798	101	101	4240	41.9802	41.9802
mutation2799	101	101	5340	52.8713	52.8713
mutation2800	101	101	5380	53.2673	53.2673
mutation2801	101	101	3980	39.4059	39.4059
mutation2802	101	101	4900	48.5149	48.5149
mutation2803	101	101	3740	37.0297	37.0297
mutation2804	101	101	3280	32.4752	32.4752
mutation2805	101	101	4040	40	40
mutation2806	101	101	4060	40.198	40.198
mutation2807	101	101	5300	52.4752	52.4752
mutation2808	101	101	3900	38.6139	38.6139
mutation2809	101	101	3840	38.0198	38.0198
mutation2810	101	101	3080	30.495	30.495
mutation2811	101	101	3200	31.6832	31.6832
mutation2812	101	101	3080	30.495	30.495
mutation2813	101	101	3500	34.6535	34.6535
mutation2814	101	101	5320	52.6733	52.6733
mutation2815	101	101	2520	24.9505	24.9505
mutation2816	101	101	4060	40.198	40.198
mutation2817	101	101	3860	38.2178	38.2178
mutation2818	101	101	3220	31.8812	31.8812
mutation2819	101	101	4060	40.198	40.198
mutation2820	101	101	4140	40.9901	40.9901
mutation2821	101	101	3720	36.8317	36.8317
mutation2822	101	101	3400	33.6634	33.6634
mutation2823	101	101	3300	32.6733	32.6733
mutation2824	101	101	3580	35.4455	35.4455
mutation2825	101	101	6340	62.7723	62.7723
mutation2826	101	101	5860	58.0198	58.0198
mutation2827	101	101	5760	57.0297	57.0297
mutation2828	101	101	2460	24.3564	24.3564
mutation2829	101	101	3260	32.2772	32.2772
mutation2830	101	101	5960	59.0099	59.0099
mutation2831	101	101	4520	44.7525	44.7525
mutation2832	101	101	3280	32.4752	32.4752
mutation2833	101	101	4960	49.1089	49.1089
mutation2834	101	101	3760	37.2277	37.2277
mutation2835	101	101	5200	51.4851	51.4851
mutation2836	101	101	2320	22.9703	22.9703
mutation2837	101	101	1960	19.4059	19.4059
mutation2838	101	101	2920	28.9109	28.9109
mutation2839	101	101	3920	38.8119	38.8119
mutation2840	101	101	2520	24.9505	24.9505
mutation2841	101	101	3100	30.6931	30.6931
mutation2842	101	101	4540	44.9505	44.9505
mutation2843	101	101	2920	28.9109	28.9109
mutation2844	101	101	4820	47.7228	47.7228
mutation2845	101	101	2420	23.9604	23.9604
mutation2846	101	101	3620	35.8416	35.8416
mutation2847	101	101	5200	51.4851	51.4851
mutation2848	101	101	3420	33.8614	33.8614
mutation2849	101	101	4700	46.5347	46.5347
mutation2850	101	101	4720	46.7327	46.7327
mutation2851	101	101	4700	46.5347	46.5347
mutation2852	101	101	3360	33.2673	33.2673
mutation2853	101	101	4240	41.9802	41.9802
mutation2854	101	101	4240	41.9802	41.9802
mutation2855	101	101	6020	59.604	59.604
mutation2856	101	101	3960	39.2079	39.2079
mutation2857	101	101	3480	34.4554	34.4554
mutation2858	101	101	3700	36.6337	36.6337
mutation2859	101	101	4960	49.1089	49.1089
mutation2860	101	101	4020	39.802	39.802
mutation2861	101	101	3720	36.8317	36.8317
mutation2862	101	101	6360	62.9703	62.9703
mutation2863	101	101	5500	54.4554	54.4554
mutation2864	101	101	6660	65.9406	65.9406
mutation2865	101	101	3020	29.901	29.901
mutation2866	101	101	5880	58.2178	58.2178
mutation2867	101	101	3260	32.2772	32.2772
