mutation1	101	101	36.9369	0.365712	0.365712
mutation2	101	101	57.8188	0.572463	0.572463
mutation3	101	101	1.51482	0.0149983	0.0149983
mutation4	101	101	47.0148	0.465493	0.465493
mutation5	101	101	72.8927	0.72171	0.72171
mutation6	101	101	67.4745	0.668064	0.668064
mutation7	101	101	60.011	0.594168	0.594168
mutation8	101	101	20.1922	0.199923	0.199923
mutation9	101	101	37.8885	0.375134	0.375134
mutation10	101	101	28.2181	0.279387	0.279387
mutation11	101	101	79.5918	0.788038	0.788038
mutation12	101	101	57.9856	0.574115	0.574115
mutation13	101	101	11.1582	0.110477	0.110477
mutation14	101	101	57.0685	0.565035	0.565035
mutation15	101	101	7.8685	0.0779059	0.0779059
mutation16	101	101	14.9991	0.148506	0.148506
mutation17	101	101	16.2709	0.161098	0.161098
mutation18	101	101	65.483	0.648347	0.648347
mutation19	101	101	88.9845	0.881035	0.881035
mutation20	101	101	89.3532	0.884685	0.884685
mutation21	101	101	37.1037	0.367364	0.367364
mutation22	101	101	34.8094	0.344647	0.344647
mutation23	101	101	9.82198	0.0972473	0.0972473
mutation24	101	101	89.2117	0.883284	0.883284
mutation25	101	101	50.8228	0.503196	0.503196
mutation26	101	101	91.0094	0.901084	0.901084
mutation27	101	101	73.5536	0.728254	0.728254
mutation28	101	101	3.55737	0.0352215	0.0352215
mutation29	101	101	95.474	0.945287	0.945287
mutation30	101	10	6.47596	0.0641184	0.647596
mutation31	101	101	60.9863	0.603825	0.603825
mutation32	101	101	73.2586	0.725332	0.725332
mutation33	101	101	53.8158	0.53283	0.53283
mutation34	101	101	63.7141	0.630833	0.630833
mutation35	101	101	81.1556	0.803521	0.803521
mutation36	101	101	75.3574	0.746113	0.746113
mutation37	101	101	91.2821	0.903783	0.903783
mutation38	101	101	16.4792	0.163161	0.163161
mutation39	101	101	74.8444	0.741034	0.741034
mutation40	101	101	8.58324	0.0849825	0.0849825
mutation41	101	101	62.9044	0.622816	0.622816
mutation42	101	101	38.2197	0.378413	0.378413
mutation43	101	101	30.1095	0.298114	0.298114
mutation44	101	101	53.6361	0.531051	0.531051
mutation45	101	101	95.0511	0.9411	0.9411
mutation46	101	101	86.9955	0.861341	0.861341
mutation47	101	101	24.8869	0.246404	0.246404
mutation48	101	101	36.8435	0.364787	0.364787
mutation49	101	101	58.2052	0.576289	0.576289
mutation50	101	101	33.3476	0.330175	0.330175
mutation51	101	101	92.7994	0.918806	0.918806
mutation52	101	101	59.734	0.591425	0.591425
mutation53	101	101	100.354	0.9936	0.9936
mutation54	101	101	55.9885	0.554342	0.554342
mutation55	101	101	39.602	0.392099	0.392099
mutation56	101	101	79.1869	0.784029	0.784029
mutation57	101	101	81.3158	0.805106	0.805106
mutation58	101	101	43.4766	0.430461	0.430461
mutation59	101	101	37.2377	0.36869	0.36869
mutation60	101	101	38.3219	0.379425	0.379425
mutation61	101	101	100.223	0.992304	0.992304
mutation62	101	101	95.4263	0.944815	0.944815
mutation63	101	101	77.4805	0.767133	0.767133
mutation64	101	101	69.9186	0.692264	0.692264
mutation65	101	101	83.9191	0.830883	0.830883
mutation66	101	101	92.8125	0.918936	0.918936
mutation67	101	101	59.565	0.589752	0.589752
mutation68	101	101	75.5817	0.748333	0.748333
mutation69	101	101	99.2384	0.982558	0.982558
mutation70	101	101	64.6246	0.639848	0.639848
mutation71	101	101	39.7419	0.393484	0.393484
mutation72	101	101	67.8403	0.671686	0.671686
mutation73	101	51	12.8913	0.127636	0.25277
mutation74	101	101	70.3364	0.6964	0.6964
mutation75	101	101	90.6788	0.897809	0.897809
mutation76	101	101	43.5592	0.43128	0.43128
mutation77	101	101	76.6364	0.758776	0.758776
mutation78	101	101	15.3525	0.152005	0.152005
mutation79	101	101	17.8965	0.177194	0.177194
mutation80	101	101	39.8251	0.394308	0.394308
mutation81	101	101	76.8975	0.761361	0.761361
mutation82	101	101	78.351	0.775752	0.775752
mutation83	101	101	39.1908	0.388028	0.388028
mutation84	101	101	96.1425	0.951906	0.951906
mutation85	101	101	57.5496	0.569798	0.569798
mutation86	101	101	76.4641	0.75707	0.75707
mutation87	101	101	29.0367	0.287493	0.287493
mutation88	101	101	47.5817	0.471106	0.471106
mutation89	101	101	48.0025	0.475272	0.475272
mutation90	101	101	1.78661	0.0176892	0.0176892
mutation91	101	101	84.8885	0.84048	0.84048
mutation92	101	101	55.6178	0.550671	0.550671
mutation93	101	101	85.704	0.848555	0.848555
mutation94	101	101	82.9723	0.821508	0.821508
mutation95	101	101	8.70517	0.0861898	0.0861898
mutation96	101	101	93.7194	0.927915	0.927915
mutation97	101	0	0	0	0
mutation98	101	101	99.6354	0.986489	0.986489
mutation99	101	101	74.726	0.739862	0.739862
mutation100	101	101	77.9073	0.77136	0.77136
mutation101	101	99	48.6704	0.481886	0.491621
mutation102	101	101	62.7356	0.621144	0.621144
mutation103	101	101	4.38409	0.0434068	0.0434068
mutation104	101	101	45.0121	0.445664	0.445664
mutation105	101	101	17.0848	0.169156	0.169156
mutation106	101	101	58.4535	0.578748	0.578748
mutation107	101	101	26.5282	0.262655	0.262655
mutation108	101	101	30.9468	0.306404	0.306404
mutation109	101	101	36.6606	0.362976	0.362976
mutation110	101	8	7.98966	0.0791055	0.998707
mutation111	101	101	4.01127	0.0397155	0.0397155
mutation112	101	101	45.1495	0.447025	0.447025
mutation113	101	101	35.6845	0.353312	0.353312
mutation114	101	101	61.8359	0.612237	0.612237
mutation115	101	101	93.3015	0.923778	0.923778
mutation116	101	101	29.8041	0.29509	0.29509
mutation117	101	101	50.4223	0.499231	0.499231
mutation118	101	101	76.7374	0.759777	0.759777
mutation119	101	58	27.788	0.275129	0.479104
mutation120	101	101	96.5444	0.955885	0.955885
mutation121	101	0	0	0	0
mutation122	101	101	87.1413	0.862785	0.862785
mutation123	101	101	15.142	0.149921	0.149921
mutation124	101	101	98.4553	0.974805	0.974805
mutation125	101	72	71.9265	0.712144	0.99898
mutation126	101	101	71.085	0.703812	0.703812
mutation127	101	101	95.0578	0.941167	0.941167
mutation128	101	101	90.8177	0.899186	0.899186
mutation129	101	101	61.4911	0.608823	0.608823
mutation130	101	101	40.9552	0.405497	0.405497
mutation131	101	101	61.0449	0.604405	0.604405
mutation132	101	101	31.576	0.312634	0.312634
mutation133	101	101	65.746	0.65095	0.65095
mutation134	101	101	58.7847	0.582027	0.582027
mutation135	101	101	76.6999	0.759405	0.759405
mutation136	101	101	55.6406	0.550897	0.550897
mutation137	101	101	79.1395	0.78356	0.78356
mutation138	101	101	86.817	0.859575	0.859575
mutation139	101	101	71.5134	0.708053	0.708053
mutation140	101	101	92.063	0.911515	0.911515
mutation141	101	101	96.2997	0.953462	0.953462
mutation142	101	101	31.577	0.312644	0.312644
mutation143	101	101	17.4959	0.173226	0.173226
mutation144	101	101	17.1496	0.169799	0.169799
mutation145	101	40	39.1977	0.388096	0.979944
mutation146	101	0	0	0	0
mutation147	101	101	69.213	0.685277	0.685277
mutation148	101	101	15.6182	0.154636	0.154636
mutation149	101	101	87.1631	0.863001	0.863001
mutation150	101	101	37.9102	0.375348	0.375348
mutation151	101	101	59.6119	0.590217	0.590217
mutation152	101	101	89.5519	0.886653	0.886653
mutation153	101	0	0	0	0
mutation154	101	101	18.4994	0.183162	0.183162
mutation155	101	101	7.2495	0.0717773	0.0717773
mutation156	101	101	96.8594	0.959004	0.959004
mutation157	101	101	73.7753	0.730449	0.730449
mutation158	101	101	87.726	0.868575	0.868575
mutation159	101	101	96.0763	0.951251	0.951251
mutation160	101	101	94.7323	0.937944	0.937944
mutation161	101	101	42.0886	0.416719	0.416719
mutation162	101	0	0	0	0
mutation163	101	101	44.774	0.443307	0.443307
mutation164	101	101	32.0555	0.317381	0.317381
mutation165	101	101	28.7105	0.284263	0.284263
mutation166	101	101	97.6984	0.967311	0.967311
mutation167	101	101	25.8022	0.255467	0.255467
mutation168	101	101	44.0341	0.435982	0.435982
mutation169	101	101	55.4878	0.549385	0.549385
mutation170	101	101	81.3832	0.805775	0.805775
mutation171	101	101	94.0379	0.931069	0.931069
mutation172	101	101	87.6532	0.867854	0.867854
mutation173	101	101	63.6208	0.629909	0.629909
mutation174	101	101	67.576	0.669069	0.669069
mutation175	101	101	21.9712	0.217536	0.217536
mutation176	101	101	59.4496	0.58861	0.58861
mutation177	101	101	94.7655	0.938272	0.938272
mutation178	101	101	67.1083	0.664438	0.664438
mutation179	101	101	83.1742	0.823507	0.823507
mutation180	101	101	23.6495	0.234154	0.234154
mutation181	101	101	73.3519	0.726257	0.726257
mutation182	101	101	93.848	0.929189	0.929189
mutation183	101	101	65.6414	0.649915	0.649915
mutation184	101	101	63.765	0.631337	0.631337
mutation185	101	101	12.8659	0.127385	0.127385
mutation186	101	101	42.9466	0.425214	0.425214
mutation187	101	101	85.1278	0.84285	0.84285
mutation188	101	101	15.2625	0.151114	0.151114
mutation189	101	101	65.1855	0.645401	0.645401
mutation190	101	101	53.8196	0.532868	0.532868
mutation191	101	101	26.9438	0.26677	0.26677
mutation192	101	101	47.867	0.473931	0.473931
mutation193	101	101	31.7368	0.314226	0.314226
mutation194	101	101	79.6609	0.788722	0.788722
mutation195	101	101	79.9528	0.791611	0.791611
mutation196	101	0	0	0	0
mutation197	101	101	14.532	0.143881	0.143881
mutation198	101	101	27.952	0.276752	0.276752
mutation199	101	101	45.8361	0.453823	0.453823
mutation200	101	101	25.456	0.25204	0.25204
mutation201	101	101	70.8615	0.701599	0.701599
mutation202	101	101	62.4346	0.618165	0.618165
mutation203	101	101	1.45615	0.0144174	0.0144174
mutation204	101	101	50.6226	0.501213	0.501213
mutation205	101	101	64.4469	0.638088	0.638088
mutation206	101	101	26.55	0.262871	0.262871
mutation207	101	101	5.86914	0.0581103	0.0581103
mutation208	101	101	26.4888	0.262265	0.262265
mutation209	101	18	12.3955	0.122727	0.688637
mutation210	101	66	23.6467	0.234125	0.358283
mutation211	101	101	31.6135	0.313005	0.313005
mutation212	101	101	0.747477	0.00740076	0.00740076
mutation213	101	101	42.0557	0.416394	0.416394
mutation214	101	101	96.6995	0.957421	0.957421
mutation215	101	101	42.4004	0.419806	0.419806
mutation216	101	101	53.8235	0.532906	0.532906
mutation217	101	101	71.6556	0.709461	0.709461
mutation218	101	101	28.0111	0.277338	0.277338
mutation219	101	101	72.7155	0.719955	0.719955
mutation220	101	101	29.2495	0.289599	0.289599
mutation221	101	101	92.7968	0.91878	0.91878
mutation222	101	0	0	0	0
mutation223	101	101	46.9972	0.465319	0.465319
mutation224	101	101	22.6159	0.22392	0.22392
mutation225	101	0	0	0	0
mutation226	101	81	48.4813	0.480013	0.598535
mutation227	101	101	94.437	0.93502	0.93502
mutation228	101	0	0	0	0
mutation229	101	101	29.0936	0.288055	0.288055
mutation230	101	101	16.9352	0.167675	0.167675
mutation231	101	101	48.9458	0.484612	0.484612
mutation232	101	101	86.1913	0.85338	0.85338
mutation233	101	101	82.974	0.821525	0.821525
mutation234	101	101	32.6282	0.323052	0.323052
mutation235	101	0	0	0	0
mutation236	101	101	45.7963	0.453429	0.453429
mutation237	101	101	65.2344	0.645885	0.645885
mutation238	101	92	41.5511	0.411397	0.451642
mutation239	101	101	56.5857	0.560255	0.560255
mutation240	101	101	42.6144	0.421925	0.421925
mutation241	101	101	18.641	0.184564	0.184564
mutation242	101	101	24.3299	0.24089	0.24089
mutation243	101	101	10.5375	0.104331	0.104331
mutation244	101	101	93.3159	0.92392	0.92392
mutation245	101	101	21.4673	0.212547	0.212547
mutation246	101	101	35.6938	0.353404	0.353404
mutation247	101	101	24.0343	0.237964	0.237964
mutation248	101	63	16.3588	0.161968	0.259664
mutation249	101	0	0	0	0
mutation250	101	101	0.418689	0.00414544	0.00414544
mutation251	101	101	15.3997	0.152472	0.152472
mutation252	101	101	56.6948	0.561335	0.561335
mutation253	101	101	83.5925	0.827648	0.827648
mutation254	101	101	87.9799	0.871088	0.871088
mutation255	101	101	34.2804	0.339409	0.339409
mutation256	101	101	19.0918	0.189028	0.189028
mutation257	101	101	71.6986	0.709887	0.709887
mutation258	101	101	61.8486	0.612362	0.612362
mutation259	101	101	35.9605	0.356045	0.356045
mutation260	101	101	14.8649	0.147178	0.147178
mutation261	101	101	72.7298	0.720097	0.720097
mutation262	101	101	34.45	0.341089	0.341089
mutation263	101	101	92.9107	0.919908	0.919908
mutation264	101	101	47.8193	0.473459	0.473459
mutation265	101	28	27.0291	0.267615	0.965326
mutation266	101	101	42.6991	0.422763	0.422763
mutation267	101	101	41.4843	0.410736	0.410736
mutation268	101	101	22.8183	0.225924	0.225924
mutation269	101	101	62.2888	0.616721	0.616721
mutation270	101	101	62.7446	0.621233	0.621233
mutation271	101	73	49.9016	0.494075	0.683583
mutation272	101	101	73.086	0.723624	0.723624
mutation273	101	101	39.0446	0.38658	0.38658
mutation274	101	101	14.8324	0.146855	0.146855
mutation275	101	101	75.3182	0.745725	0.745725
mutation276	101	101	42.208	0.417901	0.417901
mutation277	101	101	39.6264	0.392341	0.392341
mutation278	101	101	49.5709	0.490801	0.490801
mutation279	101	101	23.0999	0.228712	0.228712
mutation280	101	101	76.5581	0.758001	0.758001
mutation281	101	101	65.1998	0.645543	0.645543
mutation282	101	101	83.8948	0.830642	0.830642
mutation283	101	101	98.828	0.978495	0.978495
mutation284	101	101	54.8874	0.543439	0.543439
mutation285	101	101	33.6447	0.333116	0.333116
mutation286	101	101	71.7728	0.710622	0.710622
mutation287	101	101	81.2765	0.804718	0.804718
mutation288	101	101	3.5353	0.035003	0.035003
mutation289	101	101	0.00481845	4.77075e-05	4.77075e-05
mutation290	101	101	30.1054	0.298073	0.298073
mutation291	101	101	40.8673	0.404626	0.404626
mutation292	101	101	83.3995	0.825737	0.825737
mutation293	101	101	80.0427	0.792502	0.792502
mutation294	101	101	94.4492	0.935141	0.935141
mutation295	101	101	73.5401	0.72812	0.72812
mutation296	101	101	68.6881	0.680081	0.680081
mutation297	101	101	100.449	0.994545	0.994545
mutation298	101	101	10.1756	0.100748	0.100748
mutation299	101	101	46.6737	0.462116	0.462116
mutation300	101	101	61.5301	0.609209	0.609209
mutation301	101	101	52.5376	0.520174	0.520174
mutation302	101	0	0	0	0
mutation303	101	0	0	0	0
mutation304	101	101	81.9312	0.8112	0.8112
mutation305	101	101	57.5585	0.569886	0.569886
mutation306	101	101	61.0271	0.604229	0.604229
mutation307	101	101	53.7552	0.53223	0.53223
mutation308	101	101	16.1142	0.159547	0.159547
mutation309	101	101	82.1607	0.813472	0.813472
mutation310	101	101	84.3149	0.834801	0.834801
mutation311	101	101	34.1048	0.337671	0.337671
mutation312	101	101	38.78	0.383961	0.383961
mutation313	101	101	63.3385	0.627114	0.627114
mutation314	101	101	69.9169	0.692247	0.692247
mutation315	101	101	54.9171	0.543734	0.543734
mutation316	101	0	0	0	0
mutation317	101	101	98.5222	0.975468	0.975468
mutation318	101	101	94.161	0.932287	0.932287
mutation319	101	101	41.6138	0.412018	0.412018
mutation320	101	101	94.5732	0.936369	0.936369
mutation321	101	0	0	0	0
mutation322	101	101	6.25419	0.0619227	0.0619227
mutation323	101	101	59.9266	0.593333	0.593333
mutation324	101	101	15.1113	0.149617	0.149617
mutation325	101	101	38.1493	0.377716	0.377716
mutation326	101	101	53.6269	0.530959	0.530959
mutation327	101	101	86.0329	0.851811	0.851811
mutation328	101	94	91.5639	0.906573	0.974084
mutation329	101	101	100.385	0.993911	0.993911
mutation330	101	101	81.0529	0.802504	0.802504
mutation331	101	101	87.1578	0.862949	0.862949
mutation332	101	101	64.9202	0.642774	0.642774
mutation333	101	101	58.9012	0.58318	0.58318
mutation334	101	101	42.0606	0.416441	0.416441
mutation335	101	101	41.5766	0.41165	0.41165
mutation336	101	101	23.8098	0.23574	0.23574
mutation337	101	101	65.6251	0.649753	0.649753
mutation338	101	0	0	0	0
mutation339	101	101	36.9775	0.366114	0.366114
mutation340	101	101	36.3307	0.35971	0.35971
mutation341	101	101	0.132469	0.00131157	0.00131157
mutation342	101	101	53.9858	0.534513	0.534513
mutation343	101	101	48.3504	0.478717	0.478717
mutation344	101	101	90.1887	0.892957	0.892957
mutation345	101	0	0	0	0
mutation346	101	101	22.9998	0.227721	0.227721
mutation347	101	5	4.955	0.0490594	0.991
mutation348	101	101	69.9387	0.692462	0.692462
mutation349	101	0	0	0	0
mutation350	101	101	35.1016	0.347541	0.347541
mutation351	101	101	21.7825	0.215668	0.215668
mutation352	101	101	78.9015	0.781203	0.781203
mutation353	101	101	64.8049	0.641633	0.641633
mutation354	101	101	34.7324	0.343885	0.343885
mutation355	101	101	88.6628	0.87785	0.87785
mutation356	101	101	89.7707	0.888819	0.888819
mutation357	101	101	13.3873	0.132547	0.132547
mutation358	101	101	67.7688	0.670978	0.670978
mutation359	101	101	83.852	0.830218	0.830218
mutation360	101	101	59.451	0.588624	0.588624
mutation361	101	101	51.0998	0.505939	0.505939
mutation362	101	66	51.3396	0.508313	0.777872
mutation363	101	101	22.4004	0.221786	0.221786
mutation364	101	101	98.0284	0.970578	0.970578
mutation365	101	101	73.5257	0.727977	0.727977
mutation366	101	0	0	0	0
mutation367	101	101	99.6234	0.98637	0.98637
mutation368	101	101	26.8142	0.265487	0.265487
mutation369	101	101	43.0312	0.426052	0.426052
mutation370	101	101	52.7914	0.522688	0.522688
mutation371	101	101	52.0584	0.515429	0.515429
mutation372	101	0	0	0	0
mutation373	101	101	48.9069	0.484227	0.484227
mutation374	101	101	83.1456	0.823224	0.823224
mutation375	101	101	12.3865	0.122639	0.122639
mutation376	101	101	3.50472	0.0347002	0.0347002
mutation377	101	101	79.7833	0.789934	0.789934
mutation378	101	101	65.4388	0.647909	0.647909
mutation379	101	101	35.7218	0.353681	0.353681
mutation380	101	0	0	0	0
mutation381	101	101	50.7355	0.502331	0.502331
mutation382	101	101	76.6293	0.758706	0.758706
mutation383	101	101	95.7026	0.94755	0.94755
mutation384	101	101	28.5348	0.282522	0.282522
mutation385	101	101	56.824	0.562614	0.562614
mutation386	101	101	32.9665	0.326401	0.326401
mutation387	101	101	17.6079	0.174335	0.174335
mutation388	101	101	34.4334	0.340925	0.340925
mutation389	101	101	35.6502	0.352972	0.352972
mutation390	101	101	92.1324	0.912202	0.912202
mutation391	101	101	52.7194	0.521974	0.521974
mutation392	101	92	79.6129	0.788246	0.865357
mutation393	101	101	37.401	0.370307	0.370307
mutation394	101	101	63.7441	0.631129	0.631129
mutation395	101	101	38.5227	0.381413	0.381413
mutation396	101	101	92.6032	0.916863	0.916863
mutation397	101	101	3.60742	0.0357171	0.0357171
mutation398	101	101	94.8256	0.938867	0.938867
mutation399	101	101	30.7557	0.304512	0.304512
mutation400	101	101	59.1008	0.585156	0.585156
mutation401	101	101	12.9834	0.128548	0.128548
mutation402	101	101	30.7816	0.304768	0.304768
mutation403	101	0	0	0	0
mutation404	101	101	37.2426	0.368738	0.368738
mutation405	101	101	11.6834	0.115677	0.115677
mutation406	101	101	29.8641	0.295685	0.295685
mutation407	101	101	56.8705	0.563075	0.563075
mutation408	101	101	74.64	0.73901	0.73901
mutation409	101	101	82.7212	0.819021	0.819021
mutation410	101	101	76.568	0.758099	0.758099
mutation411	101	101	3.97252	0.0393319	0.0393319
mutation412	101	101	25.2854	0.25035	0.25035
mutation413	101	101	70.7418	0.700414	0.700414
mutation414	101	101	50.8501	0.503467	0.503467
mutation415	101	101	59.2693	0.586825	0.586825
mutation416	101	101	55.4031	0.548545	0.548545
mutation417	101	101	22.1293	0.219102	0.219102
mutation418	101	101	8.6154	0.085301	0.085301
mutation419	101	101	41.4596	0.410491	0.410491
mutation420	101	101	66.6878	0.660276	0.660276
mutation421	101	101	36.1476	0.357897	0.357897
mutation422	101	101	78.8424	0.780618	0.780618
mutation423	101	101	48.4304	0.479509	0.479509
mutation424	101	101	50.8479	0.503445	0.503445
mutation425	101	101	74.4209	0.736841	0.736841
mutation426	101	101	74.5818	0.738433	0.738433
mutation427	101	101	97.3645	0.964005	0.964005
mutation428	101	101	80.9367	0.801354	0.801354
mutation429	101	101	76.8796	0.761184	0.761184
mutation430	101	101	27.9281	0.276516	0.276516
mutation431	101	101	100.415	0.994208	0.994208
mutation432	101	101	80.0129	0.792207	0.792207
mutation433	101	101	81.8746	0.810639	0.810639
mutation434	101	101	72.9292	0.722071	0.722071
mutation435	101	101	72.4425	0.717253	0.717253
mutation436	101	101	46.0814	0.456252	0.456252
mutation437	101	101	84.7131	0.838743	0.838743
mutation438	101	0	0	0	0
mutation439	101	101	8.01664	0.0793727	0.0793727
mutation440	101	101	73.372	0.726455	0.726455
mutation441	101	0	0	0	0
mutation442	101	51	21.8836	0.216669	0.429089
mutation443	101	51	50.5909	0.5009	0.991978
mutation444	101	0	0	0	0
mutation445	101	101	84.3508	0.835157	0.835157
mutation446	101	101	39.8838	0.394889	0.394889
mutation447	101	101	71.4718	0.707642	0.707642
mutation448	101	101	20.4322	0.202299	0.202299
mutation449	101	101	82.0257	0.812136	0.812136
mutation450	101	96	68.5067	0.678284	0.713611
mutation451	101	101	30.9867	0.306799	0.306799
mutation452	101	101	92.3058	0.913918	0.913918
mutation453	101	101	21.8	0.215841	0.215841
mutation454	101	101	21.6196	0.214056	0.214056
mutation455	101	101	88.8328	0.879533	0.879533
mutation456	101	101	19.6692	0.194745	0.194745
mutation457	101	101	64.038	0.63404	0.63404
mutation458	101	101	66.1308	0.65476	0.65476
mutation459	101	0	0	0	0
mutation460	101	101	39.8852	0.394903	0.394903
mutation461	101	101	20.9397	0.207324	0.207324
mutation462	101	101	51.1407	0.506344	0.506344
mutation463	101	101	62.7414	0.621202	0.621202
mutation464	101	101	17.7986	0.176224	0.176224
mutation465	101	101	88.4319	0.875563	0.875563
mutation466	101	101	54.6353	0.540943	0.540943
mutation467	101	101	57.874	0.57301	0.57301
mutation468	101	101	19.7171	0.195218	0.195218
mutation469	101	101	39.1266	0.387392	0.387392
mutation470	101	101	54.891	0.543476	0.543476
mutation471	101	101	7.80209	0.0772484	0.0772484
mutation472	101	101	49.5307	0.490403	0.490403
mutation473	101	101	28.995	0.287079	0.287079
mutation474	101	63	32.7868	0.324622	0.520426
mutation475	101	101	38.9113	0.38526	0.38526
mutation476	101	101	70.1494	0.694549	0.694549
mutation477	101	101	95.7652	0.94817	0.94817
mutation478	101	101	77.9399	0.771682	0.771682
mutation479	101	101	69.6814	0.689914	0.689914
mutation480	101	101	91.9798	0.910692	0.910692
mutation481	101	101	96.2191	0.952665	0.952665
mutation482	101	101	10.0589	0.0995932	0.0995932
mutation483	101	101	9.15312	0.090625	0.090625
mutation484	101	0	0	0	0
mutation485	101	101	84.5599	0.837227	0.837227
mutation486	101	101	75.2851	0.745397	0.745397
mutation487	101	101	43.9056	0.434709	0.434709
mutation488	101	101	29.1533	0.288646	0.288646
mutation489	101	101	1.21081	0.0119882	0.0119882
mutation490	101	101	76.3556	0.755996	0.755996
mutation491	101	101	67.2176	0.665521	0.665521
mutation492	101	101	74.7481	0.74008	0.74008
mutation493	101	0	0	0	0
mutation494	101	101	37.8947	0.375195	0.375195
mutation495	101	101	53.2795	0.52752	0.52752
mutation496	101	101	57.5959	0.570257	0.570257
mutation497	101	101	24.192	0.239524	0.239524
mutation498	101	101	8.4758	0.0839188	0.0839188
mutation499	101	101	92.492	0.915762	0.915762
mutation500	101	101	27.064	0.267961	0.267961
mutation501	101	101	41.0681	0.406615	0.406615
mutation502	101	101	90.1134	0.892212	0.892212
mutation503	101	101	31.8483	0.315329	0.315329
mutation504	101	101	52.0613	0.515458	0.515458
mutation505	101	101	81.3924	0.805865	0.805865
mutation506	101	101	78.7184	0.77939	0.77939
mutation507	101	101	21.4537	0.212413	0.212413
mutation508	101	68	54.1262	0.535903	0.795973
mutation509	101	51	27.6683	0.273943	0.542515
mutation510	101	0	0	0	0
mutation511	101	101	74.2232	0.734883	0.734883
mutation512	101	0	0	0	0
mutation513	101	0	0	0	0
mutation514	101	101	72.2301	0.71515	0.71515
mutation515	101	101	0.900111	0.00891199	0.00891199
mutation516	101	0	0	0	0
mutation517	101	101	27.2781	0.27008	0.27008
mutation518	101	101	100.775	0.997772	0.997772
mutation519	101	101	72.2329	0.715177	0.715177
mutation520	101	101	64.162	0.635268	0.635268
mutation521	101	56	22.9677	0.227403	0.410137
mutation522	101	101	61.6042	0.609943	0.609943
mutation523	101	0	0	0	0
mutation524	101	101	84.5775	0.837401	0.837401
mutation525	101	101	47.8547	0.473809	0.473809
mutation526	101	101	6.36886	0.063058	0.063058
mutation527	101	101	15.2419	0.150909	0.150909
mutation528	101	101	42.667	0.422445	0.422445
mutation529	101	101	13.0796	0.129501	0.129501
mutation530	101	101	78.0749	0.773019	0.773019
mutation531	101	101	39.9934	0.395974	0.395974
mutation532	101	101	95.672	0.947248	0.947248
mutation533	101	101	82.0139	0.812019	0.812019
mutation534	101	101	31.3569	0.310465	0.310465
mutation535	101	101	28.1091	0.278308	0.278308
mutation536	101	101	91.0584	0.901569	0.901569
mutation537	101	101	20.5531	0.203496	0.203496
mutation538	101	101	76.6195	0.758609	0.758609
mutation539	101	101	5.31605	0.0526341	0.0526341
mutation540	101	101	74.3969	0.736603	0.736603
mutation541	101	101	82.5195	0.817025	0.817025
mutation542	101	101	71.0455	0.703421	0.703421
mutation543	101	101	49.5977	0.491067	0.491067
mutation544	101	101	94.3825	0.93448	0.93448
mutation545	101	101	61.9878	0.613741	0.613741
mutation546	101	101	76.8753	0.761142	0.761142
mutation547	101	101	78.2521	0.774773	0.774773
mutation548	101	101	62.18	0.615643	0.615643
mutation549	101	101	88.485	0.876089	0.876089
mutation550	101	101	28.7583	0.284735	0.284735
mutation551	101	101	80.958	0.801565	0.801565
mutation552	101	101	78.636	0.778574	0.778574
mutation553	101	101	72.2056	0.714907	0.714907
mutation554	101	101	18.867	0.186802	0.186802
mutation555	101	101	47.2165	0.46749	0.46749
mutation556	101	101	43.0898	0.426632	0.426632
mutation557	101	101	23.4545	0.232223	0.232223
mutation558	101	101	18.6208	0.184365	0.184365
mutation559	101	101	37.928	0.375525	0.375525
mutation560	101	101	50.5113	0.500112	0.500112
mutation561	101	101	21.2532	0.210428	0.210428
mutation562	101	101	20.6058	0.204018	0.204018
mutation563	101	101	66.7447	0.660838	0.660838
mutation564	101	101	19.4933	0.193003	0.193003
mutation565	101	101	54.5577	0.540175	0.540175
mutation566	101	101	26.1077	0.258492	0.258492
mutation567	101	101	76.0521	0.752991	0.752991
mutation568	101	101	85.2761	0.844318	0.844318
mutation569	101	101	42.1556	0.417382	0.417382
mutation570	101	101	39.4644	0.390737	0.390737
mutation571	101	101	5.17016	0.0511897	0.0511897
mutation572	101	101	75.0335	0.742906	0.742906
mutation573	101	101	68.2529	0.675771	0.675771
mutation574	101	101	100.986	0.999863	0.999863
mutation575	101	101	84.1157	0.832829	0.832829
mutation576	101	101	63.432	0.628039	0.628039
mutation577	101	101	36.7389	0.363751	0.363751
mutation578	101	101	90.4341	0.895387	0.895387
mutation579	101	101	92.3521	0.914377	0.914377
mutation580	101	101	58.6266	0.580461	0.580461
mutation581	101	0	0	0	0
mutation582	101	101	73.5916	0.728629	0.728629
mutation583	101	101	91.1807	0.902779	0.902779
mutation584	101	101	29.6728	0.29379	0.29379
mutation585	101	101	64.2172	0.635814	0.635814
mutation586	101	101	96.5499	0.955939	0.955939
mutation587	101	101	92.4525	0.915371	0.915371
mutation588	101	51	28.4803	0.281983	0.558437
mutation589	101	101	44.043	0.436069	0.436069
mutation590	101	101	21.3375	0.211263	0.211263
mutation591	101	101	95.6908	0.947434	0.947434
mutation592	101	101	45.1159	0.446692	0.446692
mutation593	101	101	64.6283	0.639884	0.639884
mutation594	101	101	35.3859	0.350355	0.350355
mutation595	101	101	53.7202	0.531883	0.531883
mutation596	101	0	0	0	0
mutation597	101	101	58.0256	0.574511	0.574511
mutation598	101	101	71.1363	0.70432	0.70432
mutation599	101	0	0	0	0
mutation600	101	101	74.1391	0.734051	0.734051
mutation601	101	0	0	0	0
mutation602	101	101	73.537	0.728089	0.728089
mutation603	101	101	15.946	0.157881	0.157881
mutation604	101	101	71.9945	0.712817	0.712817
mutation605	101	101	29.569	0.292762	0.292762
mutation606	101	101	83.5749	0.827474	0.827474
mutation607	101	101	40.1292	0.397319	0.397319
mutation608	101	0	0	0	0
mutation609	101	101	43.9669	0.435316	0.435316
mutation610	101	0	0	0	0
mutation611	101	101	87.3621	0.864972	0.864972
mutation612	101	101	66.9243	0.662617	0.662617
mutation613	101	101	25.1626	0.249134	0.249134
mutation614	101	0	0	0	0
mutation615	101	101	90.1122	0.8922	0.8922
mutation616	101	101	98.5888	0.976127	0.976127
mutation617	101	101	64.6906	0.640501	0.640501
mutation618	101	101	4.02178	0.0398196	0.0398196
mutation619	101	101	28.4949	0.282128	0.282128
mutation620	101	101	82.1558	0.813424	0.813424
mutation621	101	0	0	0	0
mutation622	101	101	17.8654	0.176885	0.176885
mutation623	101	101	93.5394	0.926132	0.926132
mutation624	101	101	1.27474	0.0126212	0.0126212
mutation625	101	101	95.9281	0.949783	0.949783
mutation626	101	101	68.3627	0.676858	0.676858
mutation627	101	101	19.1989	0.190088	0.190088
mutation628	101	101	59.6893	0.590984	0.590984
mutation629	101	101	92.4126	0.914976	0.914976
mutation630	101	101	14.7455	0.145995	0.145995
mutation631	101	101	28.5571	0.282744	0.282744
mutation632	101	0	0	0	0
mutation633	101	101	19.9901	0.197922	0.197922
mutation634	101	101	89.4332	0.885477	0.885477
mutation635	101	101	78.6105	0.778321	0.778321
mutation636	101	101	61.2476	0.606412	0.606412
mutation637	101	101	49.3723	0.488834	0.488834
mutation638	101	101	99.9762	0.989863	0.989863
mutation639	101	101	38.6688	0.38286	0.38286
mutation640	101	101	99.9281	0.989387	0.989387
mutation641	101	101	36.9028	0.365374	0.365374
mutation642	101	101	47.1525	0.466857	0.466857
mutation643	101	10	9.15624	0.0906559	0.915624
mutation644	101	101	81.5077	0.807007	0.807007
mutation645	101	101	49.2253	0.487379	0.487379
mutation646	101	101	97.5852	0.96619	0.96619
mutation647	101	101	29.3983	0.291072	0.291072
mutation648	101	101	58.858	0.582753	0.582753
mutation649	101	101	58.6188	0.580384	0.580384
mutation650	101	101	92.3951	0.914803	0.914803
mutation651	101	101	23.4194	0.231876	0.231876
mutation652	101	101	50.0552	0.495596	0.495596
mutation653	101	101	88.3348	0.874602	0.874602
mutation654	101	101	84.5613	0.83724	0.83724
mutation655	101	101	67.0852	0.66421	0.66421
mutation656	101	101	8.31567	0.0823333	0.0823333
mutation657	101	101	27.7064	0.274321	0.274321
mutation658	101	101	71.1405	0.704361	0.704361
mutation659	101	101	46.9988	0.465335	0.465335
mutation660	101	101	58.0219	0.574474	0.574474
mutation661	101	101	20.1069	0.199079	0.199079
mutation662	101	101	50.5849	0.50084	0.50084
mutation663	101	58	55.009	0.544643	0.948431
mutation664	101	101	73.8271	0.730961	0.730961
mutation665	101	101	3.28805	0.032555	0.032555
mutation666	101	101	67.9585	0.672857	0.672857
mutation667	101	101	89.9422	0.890517	0.890517
mutation668	101	101	50.484	0.499842	0.499842
mutation669	101	0	0	0	0
mutation670	101	101	7.16354	0.0709261	0.0709261
mutation671	101	101	35.6043	0.352518	0.352518
mutation672	101	101	68.9887	0.683056	0.683056
mutation673	101	101	36.6848	0.363216	0.363216
mutation674	101	101	90.0044	0.891133	0.891133
mutation675	101	101	40.9086	0.405036	0.405036
mutation676	101	101	12.7649	0.126385	0.126385
mutation677	101	101	54.7135	0.541717	0.541717
mutation678	101	101	24.6661	0.244219	0.244219
mutation679	101	101	75.858	0.751069	0.751069
mutation680	101	101	6.38424	0.0632103	0.0632103
mutation681	101	101	74.8302	0.740893	0.740893
mutation682	101	101	87.1579	0.86295	0.86295
mutation683	101	101	48.046	0.475703	0.475703
mutation684	101	101	64.1797	0.635442	0.635442
mutation685	101	101	36.8137	0.364492	0.364492
mutation686	101	101	68.5337	0.678551	0.678551
mutation687	101	101	85.1053	0.842626	0.842626
mutation688	101	101	82.7271	0.81908	0.81908
mutation689	101	101	85.3657	0.845205	0.845205
mutation690	101	101	10.669	0.105634	0.105634
mutation691	101	101	43.3938	0.429641	0.429641
mutation692	101	101	49.5096	0.490194	0.490194
mutation693	101	101	45.6706	0.452185	0.452185
mutation694	101	101	86.5133	0.856567	0.856567
mutation695	101	101	50.5157	0.500155	0.500155
mutation696	101	101	2.892	0.0286336	0.0286336
mutation697	101	69	15.7819	0.156256	0.228723
mutation698	101	101	6.9834	0.0691426	0.0691426
mutation699	101	101	43.3046	0.428758	0.428758
mutation700	101	101	34.9933	0.346468	0.346468
mutation701	101	101	92.2421	0.913288	0.913288
mutation702	101	101	28.8778	0.285919	0.285919
mutation703	101	101	9.13509	0.0904464	0.0904464
mutation704	101	101	81.8025	0.809925	0.809925
mutation705	101	101	54.8614	0.543182	0.543182
mutation706	101	51	15.7889	0.156326	0.309587
mutation707	101	101	53.8398	0.533067	0.533067
mutation708	101	101	66.1725	0.655173	0.655173
mutation709	101	101	86.6049	0.857474	0.857474
mutation710	101	101	9.08431	0.0899436	0.0899436
mutation711	101	101	63.0455	0.624213	0.624213
mutation712	101	101	67.175	0.665099	0.665099
mutation713	101	101	12.6749	0.125494	0.125494
mutation714	101	101	63.2643	0.626379	0.626379
mutation715	101	101	82.7181	0.818991	0.818991
mutation716	101	101	26.9994	0.26732	0.26732
mutation717	101	101	91.034	0.901327	0.901327
mutation718	101	6	5.85838	0.0580038	0.976397
mutation719	101	101	62.7452	0.62124	0.62124
mutation720	101	51	3.53551	0.035005	0.0693237
mutation721	101	101	52.9567	0.524323	0.524323
mutation722	101	101	20.2352	0.200348	0.200348
mutation723	101	101	35.5656	0.352135	0.352135
mutation724	101	101	58.5577	0.579779	0.579779
mutation725	101	101	7.23183	0.0716023	0.0716023
mutation726	101	101	99.5952	0.986091	0.986091
mutation727	101	101	48.4213	0.479418	0.479418
mutation728	101	101	78.9418	0.781602	0.781602
mutation729	101	101	40.9385	0.405332	0.405332
mutation730	101	101	77.7877	0.770176	0.770176
mutation731	101	101	82.5701	0.817526	0.817526
mutation732	101	101	34.4458	0.341048	0.341048
mutation733	101	101	27.2986	0.270284	0.270284
mutation734	101	101	79.1189	0.783355	0.783355
mutation735	101	101	20.4806	0.202778	0.202778
mutation736	101	101	39.4545	0.390638	0.390638
mutation737	101	101	81.9114	0.811004	0.811004
mutation738	101	101	28.5872	0.283041	0.283041
mutation739	101	101	50.4172	0.499181	0.499181
mutation740	101	101	55.7804	0.552281	0.552281
mutation741	101	101	94.6235	0.936867	0.936867
mutation742	101	101	55.2943	0.547468	0.547468
mutation743	101	101	44.3477	0.439087	0.439087
mutation744	101	101	43.1294	0.427024	0.427024
mutation745	101	101	54.8349	0.54292	0.54292
mutation746	101	101	87.1565	0.862935	0.862935
mutation747	101	0	0	0	0
mutation748	101	101	28.2553	0.279756	0.279756
mutation749	101	0	0	0	0
mutation750	101	101	94.188	0.932554	0.932554
mutation751	101	101	16.2856	0.161243	0.161243
mutation752	101	32	29.6252	0.293319	0.925787
mutation753	101	101	69.8276	0.691363	0.691363
mutation754	101	101	75.495	0.747475	0.747475
mutation755	101	101	36.9606	0.365947	0.365947
mutation756	101	101	11.354	0.112415	0.112415
mutation757	101	101	38.5691	0.381872	0.381872
mutation758	101	101	91.7695	0.908609	0.908609
mutation759	101	101	65.7473	0.650963	0.650963
mutation760	101	101	25.0969	0.248484	0.248484
mutation761	101	0	0	0	0
mutation762	101	101	60.9397	0.603363	0.603363
mutation763	101	101	82.1277	0.813146	0.813146
mutation764	101	101	82.5697	0.817522	0.817522
mutation765	101	0	0	0	0
mutation766	101	101	21.0421	0.208338	0.208338
mutation767	101	101	54.3795	0.538411	0.538411
mutation768	101	101	38.6099	0.382276	0.382276
mutation769	101	0	0	0	0
mutation770	101	0	0	0	0
mutation771	101	0	0	0	0
mutation772	101	101	66.1573	0.655023	0.655023
mutation773	101	101	2.57052	0.0254507	0.0254507
mutation774	101	101	38.5241	0.381427	0.381427
mutation775	101	101	54.3969	0.538583	0.538583
mutation776	101	101	50.8212	0.50318	0.50318
mutation777	101	101	82.2049	0.81391	0.81391
mutation778	101	101	83.9	0.830693	0.830693
mutation779	101	101	31.1057	0.307977	0.307977
mutation780	101	101	56.9647	0.564007	0.564007
mutation781	101	101	91.8398	0.909305	0.909305
mutation782	101	101	92.5968	0.9168	0.9168
mutation783	101	101	10.3843	0.102815	0.102815
mutation784	101	101	57.0289	0.564643	0.564643
mutation785	101	101	66.1514	0.654965	0.654965
mutation786	101	0	0	0	0
mutation787	101	101	34.4708	0.341295	0.341295
mutation788	101	101	58.5695	0.579896	0.579896
mutation789	101	101	53.2883	0.527607	0.527607
mutation790	101	101	90.4382	0.895427	0.895427
mutation791	101	101	8.72086	0.0863452	0.0863452
mutation792	101	101	31.181	0.308722	0.308722
mutation793	101	101	53.4414	0.529123	0.529123
mutation794	101	0	0	0	0
mutation795	101	101	11.9882	0.118695	0.118695
mutation796	101	101	87.5803	0.867132	0.867132
mutation797	101	101	81.279	0.804742	0.804742
mutation798	101	101	59.6572	0.590666	0.590666
mutation799	101	101	43.306	0.428773	0.428773
mutation800	101	101	47.6294	0.471579	0.471579
mutation801	101	0	0	0	0
mutation802	101	101	82.8569	0.820365	0.820365
mutation803	101	0	0	0	0
mutation804	101	101	86.7596	0.859006	0.859006
mutation805	101	101	31.0601	0.307525	0.307525
mutation806	101	101	18.2127	0.180324	0.180324
mutation807	101	101	87.9994	0.871282	0.871282
mutation808	101	101	0.537102	0.00531784	0.00531784
mutation809	101	101	67.0885	0.664242	0.664242
mutation810	101	101	62.3241	0.617071	0.617071
mutation811	101	101	74.9224	0.741806	0.741806
mutation812	101	101	90.9576	0.900571	0.900571
mutation813	101	101	71.6333	0.70924	0.70924
mutation814	101	101	41.8773	0.414627	0.414627
mutation815	101	101	55.7095	0.551579	0.551579
mutation816	101	101	33.9597	0.336235	0.336235
mutation817	101	101	72.3247	0.716086	0.716086
mutation818	101	101	98.4384	0.974638	0.974638
mutation819	101	101	45.8034	0.453499	0.453499
mutation820	101	101	54.3333	0.537953	0.537953
mutation821	101	101	72.3501	0.716338	0.716338
mutation822	101	0	0	0	0
mutation823	101	101	59.7636	0.591718	0.591718
mutation824	101	101	36.5412	0.361794	0.361794
mutation825	101	101	71.0101	0.70307	0.70307
mutation826	101	101	20.6121	0.20408	0.20408
mutation827	101	101	65.5789	0.649296	0.649296
mutation828	101	101	47.2313	0.467637	0.467637
mutation829	101	101	54.53	0.539901	0.539901
mutation830	101	101	45.981	0.455258	0.455258
mutation831	101	101	33.4676	0.331362	0.331362
mutation832	101	101	36.2254	0.358667	0.358667
mutation833	101	101	14.7761	0.146298	0.146298
mutation834	101	101	82.0562	0.812438	0.812438
mutation835	101	101	3.24526	0.0321313	0.0321313
mutation836	101	101	58.3634	0.577855	0.577855
mutation837	101	0	0	0	0
mutation838	101	101	71.5859	0.708771	0.708771
mutation839	101	101	30.401	0.301	0.301
mutation840	101	101	75.991	0.752386	0.752386
mutation841	101	101	43.6176	0.431857	0.431857
mutation842	101	101	79.4418	0.786552	0.786552
mutation843	101	101	12.8641	0.127367	0.127367
mutation844	101	101	16.1108	0.159512	0.159512
mutation845	101	101	36.264	0.35905	0.35905
mutation846	101	101	76.7761	0.76016	0.76016
mutation847	101	101	60.397	0.59799	0.59799
mutation848	101	101	84.9071	0.840665	0.840665
mutation849	101	101	87.5582	0.866913	0.866913
mutation850	101	101	5.13605	0.050852	0.050852
mutation851	101	101	22.6268	0.224028	0.224028
mutation852	101	63	46.3182	0.458596	0.73521
mutation853	101	101	83.6639	0.828355	0.828355
mutation854	101	101	76.2813	0.75526	0.75526
mutation855	101	101	31.9834	0.316667	0.316667
mutation856	101	101	91.8696	0.9096	0.9096
mutation857	101	101	81.0395	0.802371	0.802371
mutation858	101	101	60.0188	0.594246	0.594246
mutation859	101	101	94.8399	0.939008	0.939008
mutation860	101	101	77.2102	0.764457	0.764457
mutation861	101	101	52.1923	0.516755	0.516755
mutation862	101	101	45.4285	0.449787	0.449787
mutation863	101	101	67.5198	0.668513	0.668513
mutation864	101	54	53.2017	0.526749	0.985217
mutation865	101	101	80.8512	0.800507	0.800507
mutation866	101	101	29.9789	0.296821	0.296821
mutation867	101	101	16.5667	0.164026	0.164026
mutation868	101	101	33.9871	0.336506	0.336506
mutation869	101	101	29.9774	0.296806	0.296806
mutation870	101	101	42.0387	0.416225	0.416225
mutation871	101	101	87.6288	0.867612	0.867612
mutation872	101	101	26.8743	0.266082	0.266082
mutation873	101	101	95.1903	0.942478	0.942478
mutation874	101	101	84.5457	0.837087	0.837087
mutation875	101	101	99.5774	0.985915	0.985915
mutation876	101	101	21.7569	0.215415	0.215415
mutation877	101	101	52.0337	0.515185	0.515185
mutation878	101	101	96.8208	0.958622	0.958622
mutation879	101	101	95.7476	0.947996	0.947996
mutation880	101	101	35.171	0.348227	0.348227
mutation881	101	101	71.5699	0.708613	0.708613
mutation882	101	101	69.1752	0.684903	0.684903
mutation883	101	0	0	0	0
mutation884	101	101	7.00683	0.0693745	0.0693745
mutation885	101	101	20.4532	0.202506	0.202506
mutation886	101	101	61.9911	0.613773	0.613773
mutation887	101	101	46.2881	0.458298	0.458298
mutation888	101	101	15.3402	0.151884	0.151884
mutation889	101	0	0	0	0
mutation890	101	0	0	0	0
mutation891	101	101	51.5588	0.510483	0.510483
mutation892	101	101	13.2877	0.131562	0.131562
mutation893	101	101	83.5853	0.827578	0.827578
mutation894	101	101	47.5959	0.471247	0.471247
mutation895	101	101	98.4711	0.974962	0.974962
mutation896	101	101	27.6083	0.27335	0.27335
mutation897	101	101	83.6798	0.828513	0.828513
mutation898	101	101	69.9834	0.692905	0.692905
mutation899	101	101	45.147	0.447	0.447
mutation900	101	101	61.7868	0.61175	0.61175
mutation901	101	101	53.0177	0.524928	0.524928
mutation902	101	101	67.5041	0.668357	0.668357
mutation903	101	101	41.0478	0.406414	0.406414
mutation904	101	101	99.1184	0.98137	0.98137
mutation905	101	101	69.7552	0.690646	0.690646
mutation906	101	101	92.0084	0.910974	0.910974
mutation907	101	101	100.127	0.991352	0.991352
mutation908	101	101	55.875	0.553218	0.553218
mutation909	101	101	46.8471	0.463833	0.463833
mutation910	101	101	90.2527	0.893591	0.893591
mutation911	101	101	70.0084	0.693153	0.693153
mutation912	101	101	78.0366	0.77264	0.77264
mutation913	101	101	82.8522	0.820319	0.820319
mutation914	101	101	73.7979	0.730672	0.730672
mutation915	101	101	93.3547	0.924304	0.924304
mutation916	101	101	41.2787	0.4087	0.4087
mutation917	101	101	20.2226	0.200224	0.200224
mutation918	101	55	47.309	0.468406	0.860164
mutation919	101	101	54.331	0.537931	0.537931
mutation920	101	101	28.6782	0.283943	0.283943
mutation921	101	101	89.6196	0.887322	0.887322
mutation922	101	101	6.87266	0.0680462	0.0680462
mutation923	101	101	23.9401	0.237031	0.237031
mutation924	101	101	30.8528	0.305473	0.305473
mutation925	101	101	41.3306	0.409214	0.409214
mutation926	101	101	12.1499	0.120296	0.120296
mutation927	101	0	0	0	0
mutation928	101	101	14.7155	0.145698	0.145698
mutation929	101	101	13.055	0.129257	0.129257
mutation930	101	101	41.1923	0.407844	0.407844
mutation931	101	101	43.3974	0.429677	0.429677
mutation932	101	101	32.0686	0.317511	0.317511
mutation933	101	101	55.0951	0.545496	0.545496
mutation934	101	101	77.6626	0.768937	0.768937
mutation935	101	101	14.2757	0.141344	0.141344
mutation936	101	101	95.8271	0.948784	0.948784
mutation937	101	101	99.3206	0.983373	0.983373
mutation938	101	101	98.8204	0.97842	0.97842
mutation939	101	101	22.0738	0.218553	0.218553
mutation940	101	101	59.0705	0.584856	0.584856
mutation941	101	101	60.7774	0.601756	0.601756
mutation942	101	101	14.7865	0.146401	0.146401
mutation943	101	101	95.5055	0.945599	0.945599
mutation944	101	101	55.2696	0.547224	0.547224
mutation945	101	101	97.4296	0.964649	0.964649
mutation946	101	101	8.21001	0.0812872	0.0812872
mutation947	101	101	79.1473	0.783637	0.783637
mutation948	101	101	82.0714	0.812589	0.812589
mutation949	101	101	66.1102	0.654557	0.654557
mutation950	101	0	0	0	0
mutation951	101	101	85.34	0.84495	0.84495
mutation952	101	101	98.4454	0.974707	0.974707
mutation953	101	101	36.0285	0.356718	0.356718
mutation954	101	101	88.2118	0.873385	0.873385
mutation955	101	101	78.2567	0.774818	0.774818
mutation956	101	101	26.2495	0.259896	0.259896
mutation957	101	101	18.4215	0.182391	0.182391
mutation958	101	101	69.0452	0.683616	0.683616
mutation959	101	101	0.482439	0.00477662	0.00477662
mutation960	101	101	7.59137	0.0751621	0.0751621
mutation961	101	101	44.26	0.438218	0.438218
mutation962	101	101	50.2451	0.497476	0.497476
mutation963	101	101	20.4122	0.202101	0.202101
mutation964	101	101	66.848	0.661861	0.661861
mutation965	101	101	31.2968	0.309869	0.309869
mutation966	101	101	52.275	0.517574	0.517574
mutation967	101	101	9.97868	0.0987988	0.0987988
mutation968	101	101	48.0253	0.475498	0.475498
mutation969	101	101	53.0113	0.524865	0.524865
mutation970	101	101	44.2024	0.437647	0.437647
mutation971	101	101	82.7329	0.819138	0.819138
mutation972	101	101	54.1496	0.536135	0.536135
mutation973	101	29	23.0188	0.227909	0.793753
mutation974	101	101	36.7497	0.363858	0.363858
mutation975	101	101	47.0637	0.465978	0.465978
mutation976	101	101	5.29833	0.0524587	0.0524587
mutation977	101	101	86.9766	0.861155	0.861155
mutation978	101	101	52.797	0.522742	0.522742
mutation979	101	101	59.8499	0.592573	0.592573
mutation980	101	101	6.62231	0.0655674	0.0655674
mutation981	101	101	85.0958	0.842533	0.842533
mutation982	101	101	17.3131	0.171417	0.171417
mutation983	101	101	73.6013	0.728725	0.728725
mutation984	101	101	96.5145	0.955589	0.955589
mutation985	101	101	100.664	0.996671	0.996671
mutation986	101	101	100.403	0.994089	0.994089
mutation987	101	101	24.2278	0.239879	0.239879
mutation988	101	101	41.0439	0.406375	0.406375
mutation989	101	101	12.0937	0.11974	0.11974
mutation990	101	101	46.5839	0.461227	0.461227
mutation991	101	101	67.1439	0.664791	0.664791
mutation992	101	101	79.4091	0.786229	0.786229
mutation993	101	101	35.4838	0.351325	0.351325
mutation994	101	101	46.064	0.45608	0.45608
mutation995	101	101	76.0933	0.753399	0.753399
mutation996	101	101	62.9938	0.623701	0.623701
mutation997	101	101	72.352	0.716356	0.716356
mutation998	101	101	64.9507	0.643076	0.643076
mutation999	101	85	54.302	0.537644	0.638847
mutation1000	101	101	18.5125	0.183293	0.183293
mutation1001	101	101	32.6022	0.322794	0.322794
mutation1002	101	101	76.0703	0.753171	0.753171
mutation1003	101	101	100.171	0.991793	0.991793
mutation1004	101	101	3.23429	0.0320226	0.0320226
mutation1005	101	101	34.5898	0.342473	0.342473
mutation1006	101	101	72.4656	0.717481	0.717481
mutation1007	101	101	44.2774	0.43839	0.43839
mutation1008	101	101	65.1061	0.644615	0.644615
mutation1009	101	101	64.4214	0.637836	0.637836
mutation1010	101	101	35.1676	0.348194	0.348194
mutation1011	101	101	6.83645	0.0676876	0.0676876
mutation1012	101	101	16.135	0.159753	0.159753
mutation1013	101	101	18.789	0.18603	0.18603
mutation1014	101	101	28.4958	0.282137	0.282137
mutation1015	101	101	78.7778	0.779978	0.779978
mutation1016	101	101	18.8431	0.186565	0.186565
mutation1017	101	101	92.9068	0.919869	0.919869
mutation1018	101	101	77.2363	0.764716	0.764716
mutation1019	101	101	86.7753	0.859162	0.859162
mutation1020	101	101	99.3857	0.984017	0.984017
mutation1021	101	101	38.458	0.380772	0.380772
mutation1022	101	101	56.9347	0.56371	0.56371
mutation1023	101	101	35.7235	0.353698	0.353698
mutation1024	101	95	46.4904	0.460301	0.489372
mutation1025	101	101	95.8508	0.949017	0.949017
mutation1026	101	101	51.4581	0.509487	0.509487
mutation1027	101	101	54.5174	0.539776	0.539776
mutation1028	101	101	75.9445	0.751926	0.751926
mutation1029	101	101	90.8629	0.899633	0.899633
mutation1030	101	101	41.6439	0.412315	0.412315
mutation1031	101	101	85.7774	0.849281	0.849281
mutation1032	101	101	83.3094	0.824845	0.824845
mutation1033	101	101	42.1279	0.417108	0.417108
mutation1034	101	51	15.6305	0.154757	0.30648
mutation1035	101	101	87.254	0.863901	0.863901
mutation1036	101	101	89.8134	0.889242	0.889242
mutation1037	101	101	20.1581	0.199586	0.199586
mutation1038	101	101	9.06581	0.0897605	0.0897605
mutation1039	101	101	44.5602	0.44119	0.44119
mutation1040	101	101	26.137	0.258783	0.258783
mutation1041	101	101	0.550741	0.00545288	0.00545288
mutation1042	101	101	73.2771	0.725516	0.725516
mutation1043	101	101	98.2397	0.97267	0.97267
mutation1044	101	101	82.6299	0.818118	0.818118
mutation1045	101	101	81.3326	0.805274	0.805274
mutation1046	101	101	97.6898	0.967226	0.967226
mutation1047	101	101	19.012	0.188238	0.188238
mutation1048	101	101	72.2127	0.714978	0.714978
mutation1049	101	101	28.6218	0.283384	0.283384
mutation1050	101	101	78.5722	0.777942	0.777942
mutation1051	101	101	20.8163	0.206102	0.206102
mutation1052	101	101	14.7531	0.14607	0.14607
mutation1053	101	101	14.848	0.147009	0.147009
mutation1054	101	101	86.6206	0.857629	0.857629
mutation1055	101	101	86.8365	0.859768	0.859768
mutation1056	101	101	75.8729	0.751216	0.751216
mutation1057	101	101	81.6761	0.808675	0.808675
mutation1058	101	101	97.1238	0.961622	0.961622
mutation1059	101	101	71.0892	0.703853	0.703853
mutation1060	101	101	23.9414	0.237044	0.237044
mutation1061	101	101	19.7928	0.195968	0.195968
mutation1062	101	101	24.8491	0.246031	0.246031
mutation1063	101	101	35.947	0.355911	0.355911
mutation1064	101	101	89.4468	0.885611	0.885611
mutation1065	101	101	23.9198	0.23683	0.23683
mutation1066	101	101	50.4474	0.49948	0.49948
mutation1067	101	24	16.778	0.166119	0.699082
mutation1068	101	101	17.2577	0.170868	0.170868
mutation1069	101	101	92.5595	0.91643	0.91643
mutation1070	101	101	75.2335	0.744886	0.744886
mutation1071	101	101	37.5102	0.371388	0.371388
mutation1072	101	101	81.303	0.80498	0.80498
mutation1073	101	101	88.6499	0.877722	0.877722
mutation1074	101	101	20.4296	0.202273	0.202273
mutation1075	101	101	43.4152	0.429854	0.429854
mutation1076	101	101	77.5445	0.767767	0.767767
mutation1077	101	101	89.3433	0.884587	0.884587
mutation1078	101	101	36.3299	0.359702	0.359702
mutation1079	101	101	46.2282	0.457705	0.457705
mutation1080	101	101	49.703	0.492109	0.492109
mutation1081	101	101	13.4086	0.132759	0.132759
mutation1082	101	101	40.654	0.402515	0.402515
mutation1083	101	0	0	0	0
mutation1084	101	101	69.8192	0.691279	0.691279
mutation1085	101	101	92.1878	0.91275	0.91275
mutation1086	101	101	93.3141	0.923902	0.923902
mutation1087	101	101	61.5661	0.609565	0.609565
mutation1088	101	101	25.0447	0.247967	0.247967
mutation1089	101	101	7.70796	0.0763164	0.0763164
mutation1090	101	101	49.8913	0.493973	0.493973
mutation1091	101	101	72.0235	0.713104	0.713104
mutation1092	101	101	15.4994	0.15346	0.15346
mutation1093	101	101	52.8474	0.523241	0.523241
mutation1094	101	101	53.5676	0.530372	0.530372
mutation1095	101	101	55.2966	0.547491	0.547491
mutation1096	101	101	25.3723	0.251211	0.251211
mutation1097	101	101	69.5761	0.688872	0.688872
mutation1098	101	101	73.4912	0.727636	0.727636
mutation1099	101	101	78.2463	0.774716	0.774716
mutation1100	101	0	0	0	0
mutation1101	101	0	0	0	0
mutation1102	101	101	10.3678	0.102652	0.102652
mutation1103	101	101	94.4927	0.935571	0.935571
mutation1104	101	101	56.1652	0.556091	0.556091
mutation1105	101	101	97.6441	0.966773	0.966773
mutation1106	101	101	83.5245	0.826975	0.826975
mutation1107	101	101	80.2847	0.794898	0.794898
mutation1108	101	101	5.04675	0.0499678	0.0499678
mutation1109	101	101	92.74	0.918218	0.918218
mutation1110	101	101	62.3718	0.617543	0.617543
mutation1111	101	101	58.1672	0.575913	0.575913
mutation1112	101	101	79.2952	0.785101	0.785101
mutation1113	101	101	62.9857	0.623621	0.623621
mutation1114	101	101	15.1499	0.149999	0.149999
mutation1115	101	101	78.281	0.775059	0.775059
mutation1116	101	101	4.12137	0.0408057	0.0408057
mutation1117	101	101	89.8455	0.88956	0.88956
mutation1118	101	101	98.0241	0.970536	0.970536
mutation1119	101	101	97.105	0.961435	0.961435
mutation1120	101	101	70.8672	0.701655	0.701655
mutation1121	101	101	92.1929	0.912801	0.912801
mutation1122	101	101	21.6139	0.213999	0.213999
mutation1123	101	101	0.652259	0.00645801	0.00645801
mutation1124	101	101	6.3913	0.0632802	0.0632802
mutation1125	101	101	11.2399	0.111287	0.111287
mutation1126	101	101	82.522	0.81705	0.81705
mutation1127	101	101	53.4751	0.529456	0.529456
mutation1128	101	101	34.9236	0.345778	0.345778
mutation1129	101	101	74.9964	0.742539	0.742539
mutation1130	101	101	82.7396	0.819204	0.819204
mutation1131	101	101	75.7585	0.750085	0.750085
mutation1132	101	101	28.772	0.284871	0.284871
mutation1133	101	101	23.6443	0.234102	0.234102
mutation1134	101	101	23.251	0.230208	0.230208
mutation1135	101	101	86.7411	0.858823	0.858823
mutation1136	101	101	46.8838	0.464196	0.464196
mutation1137	101	101	34.3829	0.340425	0.340425
mutation1138	101	101	99.3428	0.983592	0.983592
mutation1139	101	101	81.2836	0.804788	0.804788
mutation1140	101	101	14.0182	0.138794	0.138794
mutation1141	101	101	94.8324	0.938935	0.938935
mutation1142	101	101	46.5235	0.460629	0.460629
mutation1143	101	66	61.3429	0.607355	0.929438
mutation1144	101	101	63.0211	0.623971	0.623971
mutation1145	101	101	79.778	0.789881	0.789881
mutation1146	101	101	81.1642	0.803606	0.803606
mutation1147	101	101	97.9073	0.96938	0.96938
mutation1148	101	101	47.242	0.467742	0.467742
mutation1149	101	101	23.3401	0.23109	0.23109
mutation1150	101	101	78.6195	0.778411	0.778411
mutation1151	101	101	90.2928	0.893988	0.893988
mutation1152	101	101	37.5743	0.372023	0.372023
mutation1153	101	101	42.0958	0.41679	0.41679
mutation1154	101	101	55.311	0.547634	0.547634
mutation1155	101	101	45.1285	0.446817	0.446817
mutation1156	101	101	17.6676	0.174927	0.174927
mutation1157	101	101	50.6447	0.501433	0.501433
mutation1158	101	101	16.999	0.168307	0.168307
mutation1159	101	101	20.2342	0.200338	0.200338
mutation1160	101	101	100.505	0.9951	0.9951
mutation1161	101	101	16.193	0.160326	0.160326
mutation1162	101	101	22.5333	0.223102	0.223102
mutation1163	101	101	1.95877	0.0193938	0.0193938
mutation1164	101	101	58.7516	0.581699	0.581699
mutation1165	101	101	72.0635	0.7135	0.7135
mutation1166	101	101	78.4856	0.777086	0.777086
mutation1167	101	101	13.7457	0.136096	0.136096
mutation1168	101	101	10.608	0.10503	0.10503
mutation1169	101	101	86.7517	0.858928	0.858928
mutation1170	101	101	17.0116	0.168432	0.168432
mutation1171	101	101	77.9266	0.771551	0.771551
mutation1172	101	101	25.6615	0.254074	0.254074
mutation1173	101	101	54.6266	0.540857	0.540857
mutation1174	101	101	29.4323	0.291408	0.291408
mutation1175	101	101	11.6814	0.115657	0.115657
mutation1176	101	101	36.3003	0.359409	0.359409
mutation1177	101	101	90.435	0.895396	0.895396
mutation1178	101	101	95.3927	0.944482	0.944482
mutation1179	101	101	74.4939	0.737564	0.737564
mutation1180	101	101	34.0902	0.337526	0.337526
mutation1181	101	101	69.7126	0.690223	0.690223
mutation1182	101	101	53.3242	0.527962	0.527962
mutation1183	101	101	44.2744	0.43836	0.43836
mutation1184	101	101	98.9448	0.979652	0.979652
mutation1185	101	101	95.2625	0.943193	0.943193
mutation1186	101	101	21.9279	0.217108	0.217108
mutation1187	101	101	81.7255	0.809164	0.809164
mutation1188	101	101	12.0017	0.118829	0.118829
mutation1189	101	101	91.0481	0.901467	0.901467
mutation1190	101	101	89.0285	0.88147	0.88147
mutation1191	101	101	73.7875	0.730569	0.730569
mutation1192	101	101	32.3399	0.320197	0.320197
mutation1193	101	101	50.8468	0.503434	0.503434
mutation1194	101	101	65.9663	0.653132	0.653132
mutation1195	101	101	62.4904	0.618717	0.618717
mutation1196	101	101	46.9599	0.464949	0.464949
mutation1197	101	101	90.6643	0.897666	0.897666
mutation1198	101	101	83.5109	0.826841	0.826841
mutation1199	101	0	0	0	0
mutation1200	101	101	39.1205	0.387331	0.387331
mutation1201	101	101	6.21998	0.061584	0.061584
mutation1202	101	101	49.3759	0.48887	0.48887
mutation1203	101	101	13.6653	0.1353	0.1353
mutation1204	101	101	47.3584	0.468895	0.468895
mutation1205	101	101	97.9847	0.970145	0.970145
mutation1206	101	101	29.6345	0.293411	0.293411
mutation1207	101	101	51.3121	0.508041	0.508041
mutation1208	101	101	75.6594	0.749103	0.749103
mutation1209	101	101	94.0133	0.930825	0.930825
mutation1210	101	101	38.0404	0.376638	0.376638
mutation1211	101	101	25.3157	0.25065	0.25065
mutation1212	101	101	83.805	0.829753	0.829753
mutation1213	101	101	10.126	0.100257	0.100257
mutation1214	101	101	10.3154	0.102132	0.102132
mutation1215	101	101	89.0176	0.881363	0.881363
mutation1216	101	101	53.5432	0.530131	0.530131
mutation1217	101	101	13.6668	0.135315	0.135315
mutation1218	101	101	79.4354	0.786489	0.786489
mutation1219	101	101	71.6923	0.709825	0.709825
mutation1220	101	101	99.5265	0.985411	0.985411
mutation1221	101	101	64.4249	0.637871	0.637871
mutation1222	101	101	42.5667	0.421452	0.421452
mutation1223	101	0	0	0	0
mutation1224	101	101	95.6519	0.947049	0.947049
mutation1225	101	101	40.3807	0.399809	0.399809
mutation1226	101	91	90.0986	0.892065	0.990094
mutation1227	101	101	14.0534	0.139142	0.139142
mutation1228	101	101	0.489737	0.00484888	0.00484888
mutation1229	101	101	4.2652	0.0422297	0.0422297
mutation1230	101	101	56.1166	0.55561	0.55561
mutation1231	101	101	41.8994	0.414845	0.414845
mutation1232	101	101	67.2424	0.665766	0.665766
mutation1233	101	101	58.2556	0.576789	0.576789
mutation1234	101	101	54.8938	0.543503	0.543503
mutation1235	101	101	76.9688	0.762067	0.762067
mutation1236	101	101	89.343	0.884584	0.884584
mutation1237	101	101	73.4103	0.726835	0.726835
mutation1238	101	101	38.344	0.379644	0.379644
mutation1239	101	101	31.2419	0.309326	0.309326
mutation1240	101	101	67.2312	0.665655	0.665655
mutation1241	101	101	47.0606	0.465947	0.465947
mutation1242	101	101	68.401	0.677238	0.677238
mutation1243	101	101	52.9184	0.523945	0.523945
mutation1244	101	101	17.6117	0.174373	0.174373
mutation1245	101	101	39.578	0.391861	0.391861
mutation1246	101	101	47.0655	0.465995	0.465995
mutation1247	101	101	73.5081	0.727803	0.727803
mutation1248	101	101	41.4047	0.409948	0.409948
mutation1249	101	101	39.3166	0.389274	0.389274
mutation1250	101	101	57.7578	0.571859	0.571859
mutation1251	101	101	47.9519	0.474771	0.474771
mutation1252	101	101	19.9067	0.197096	0.197096
mutation1253	101	0	0	0	0
mutation1254	101	101	27.2943	0.270241	0.270241
mutation1255	101	64	12.8838	0.127562	0.201309
mutation1256	101	101	81.6687	0.808601	0.808601
mutation1257	101	101	59.4611	0.588724	0.588724
mutation1258	101	101	93.4652	0.925398	0.925398
mutation1259	101	101	47.0213	0.465558	0.465558
mutation1260	101	79	72.5754	0.718568	0.918676
mutation1261	101	101	46.3519	0.45893	0.45893
mutation1262	101	76	59.9455	0.59352	0.788757
mutation1263	101	0	0	0	0
mutation1264	101	101	34.7999	0.344553	0.344553
mutation1265	101	101	23.2147	0.229848	0.229848
mutation1266	101	101	100.948	0.999484	0.999484
mutation1267	101	101	71.8644	0.711529	0.711529
mutation1268	101	101	61.8152	0.612032	0.612032
mutation1269	101	101	24.2236	0.239837	0.239837
mutation1270	101	101	37.2685	0.368995	0.368995
mutation1271	101	101	71.5198	0.708117	0.708117
mutation1272	101	101	58.8646	0.582818	0.582818
mutation1273	101	101	30.2664	0.299667	0.299667
mutation1274	101	101	35.5619	0.352098	0.352098
mutation1275	101	101	78.7337	0.779542	0.779542
mutation1276	101	101	2.63299	0.0260692	0.0260692
mutation1277	101	101	71.9084	0.711965	0.711965
mutation1278	101	101	19.0691	0.188803	0.188803
mutation1279	101	101	10.5911	0.104863	0.104863
mutation1280	101	101	86.0834	0.852311	0.852311
mutation1281	101	101	71.4974	0.707896	0.707896
mutation1282	101	101	66.8997	0.662373	0.662373
mutation1283	101	101	83.1604	0.82337	0.82337
mutation1284	101	101	11.2249	0.111137	0.111137
mutation1285	101	101	75.8373	0.750865	0.750865
mutation1286	101	101	87.3826	0.865174	0.865174
mutation1287	101	101	54.8341	0.542911	0.542911
mutation1288	101	101	29.9012	0.296052	0.296052
mutation1289	101	101	43.3853	0.429558	0.429558
mutation1290	101	101	58.1628	0.575869	0.575869
mutation1291	101	101	26.089	0.258307	0.258307
mutation1292	101	101	45.7712	0.45318	0.45318
mutation1293	101	101	9.72414	0.0962786	0.0962786
mutation1294	101	101	32.2512	0.319318	0.319318
mutation1295	101	101	30.1864	0.298875	0.298875
mutation1296	101	101	64.6737	0.640333	0.640333
mutation1297	101	101	23.5115	0.232788	0.232788
mutation1298	101	101	72.3226	0.716065	0.716065
mutation1299	101	0	0	0	0
mutation1300	101	101	55.1468	0.546008	0.546008
mutation1301	101	101	96.37	0.954159	0.954159
mutation1302	101	101	83.5552	0.827279	0.827279
mutation1303	101	101	30.917	0.306109	0.306109
mutation1304	101	101	27.8253	0.275498	0.275498
mutation1305	101	0	0	0	0
mutation1306	101	101	100.414	0.994198	0.994198
mutation1307	101	101	91.3579	0.904534	0.904534
mutation1308	101	101	20.803	0.20597	0.20597
mutation1309	101	101	0.321695	0.0031851	0.0031851
mutation1310	101	101	55.6292	0.550784	0.550784
mutation1311	101	101	21.3225	0.211114	0.211114
mutation1312	101	101	86.0401	0.851882	0.851882
mutation1313	101	101	100.998	0.999982	0.999982
mutation1314	101	21	14.5128	0.143691	0.691084
mutation1315	101	101	8.69798	0.0861186	0.0861186
mutation1316	101	101	9.97879	0.0987999	0.0987999
mutation1317	101	101	4.4861	0.0444169	0.0444169
mutation1318	101	101	8.2678	0.0818594	0.0818594
mutation1319	101	0	0	0	0
mutation1320	101	101	45.9577	0.455026	0.455026
mutation1321	101	101	83.0086	0.821868	0.821868
mutation1322	101	101	32.8905	0.325648	0.325648
mutation1323	101	101	34.0492	0.33712	0.33712
mutation1324	101	101	12.9936	0.12865	0.12865
mutation1325	101	101	67.394	0.667267	0.667267
mutation1326	101	101	23.9895	0.23752	0.23752
mutation1327	101	50	13.5509	0.134167	0.271018
mutation1328	101	101	9.40601	0.0931288	0.0931288
mutation1329	101	25	24.2549	0.240147	0.970196
mutation1330	101	101	55.1586	0.546125	0.546125
mutation1331	101	101	87.0516	0.861897	0.861897
mutation1332	101	101	57.1351	0.565694	0.565694
mutation1333	101	101	37.8881	0.375129	0.375129
mutation1334	101	101	90.6279	0.897305	0.897305
mutation1335	101	101	68.7387	0.680581	0.680581
mutation1336	101	101	77.4226	0.76656	0.76656
mutation1337	101	101	78.7853	0.780053	0.780053
mutation1338	101	101	82.91	0.820891	0.820891
mutation1339	101	101	41.4462	0.410358	0.410358
mutation1340	101	101	28.7975	0.285124	0.285124
mutation1341	101	101	26.2722	0.260121	0.260121
mutation1342	101	101	65.0349	0.64391	0.64391
mutation1343	101	101	43.2035	0.427757	0.427757
mutation1344	101	0	0	0	0
mutation1345	101	0	0	0	0
mutation1346	101	0	0	0	0
mutation1347	101	0	0	0	0
mutation1348	101	101	2.72506	0.0269808	0.0269808
mutation1349	101	101	80.8133	0.800131	0.800131
mutation1350	101	101	66.9634	0.663004	0.663004
mutation1351	101	101	19.3777	0.191859	0.191859
mutation1352	101	101	71.3795	0.706728	0.706728
mutation1353	101	101	29.3898	0.290988	0.290988
mutation1354	101	101	58.6517	0.58071	0.58071
mutation1355	101	101	34.2693	0.3393	0.3393
mutation1356	101	101	68.0312	0.673576	0.673576
mutation1357	101	101	53.8967	0.53363	0.53363
mutation1358	101	101	28.3756	0.280946	0.280946
mutation1359	101	101	100.039	0.990484	0.990484
mutation1360	101	101	52.9415	0.524173	0.524173
mutation1361	101	0	0	0	0
mutation1362	101	101	60.7281	0.601268	0.601268
mutation1363	101	101	46.6181	0.461566	0.461566
mutation1364	101	101	40.8313	0.404271	0.404271
mutation1365	101	101	75.22	0.744752	0.744752
mutation1366	101	101	0.660586	0.00654046	0.00654046
mutation1367	101	101	56.9124	0.563489	0.563489
mutation1368	101	101	48.3259	0.478474	0.478474
mutation1369	101	101	78.8522	0.780715	0.780715
mutation1370	101	101	97.1536	0.961916	0.961916
mutation1371	101	101	69.9196	0.692274	0.692274
mutation1372	101	101	89.1794	0.882964	0.882964
mutation1373	101	101	13.6331	0.134982	0.134982
mutation1374	101	101	39.3649	0.389751	0.389751
mutation1375	101	21	20.086	0.198871	0.956475
mutation1376	101	101	33.1185	0.327906	0.327906
mutation1377	101	0	0	0	0
mutation1378	101	101	49.7142	0.49222	0.49222
mutation1379	101	101	48.6901	0.48208	0.48208
mutation1380	101	101	93.5718	0.926454	0.926454
mutation1381	101	101	21.1063	0.208973	0.208973
mutation1382	101	101	6.86696	0.0679897	0.0679897
mutation1383	101	101	85.7029	0.848544	0.848544
mutation1384	101	101	84.4802	0.836438	0.836438
mutation1385	101	101	14.4811	0.143378	0.143378
mutation1386	101	101	69.3419	0.686553	0.686553
mutation1387	101	101	75.4686	0.747214	0.747214
mutation1388	101	101	20.6664	0.204618	0.204618
mutation1389	101	101	2.54099	0.0251583	0.0251583
mutation1390	101	101	23.3203	0.230894	0.230894
mutation1391	101	101	40.7415	0.403381	0.403381
mutation1392	101	101	41.7501	0.413367	0.413367
mutation1393	101	101	80.3906	0.795946	0.795946
mutation1394	101	101	85.9479	0.85097	0.85097
mutation1395	101	101	94.763	0.938247	0.938247
mutation1396	101	101	99.8624	0.988736	0.988736
mutation1397	101	101	79.0699	0.78287	0.78287
mutation1398	101	101	20.1664	0.199667	0.199667
mutation1399	101	101	14.3909	0.142484	0.142484
mutation1400	101	101	30.3344	0.30034	0.30034
mutation1401	101	101	95.9142	0.949646	0.949646
mutation1402	101	101	70.9112	0.702091	0.702091
mutation1403	101	101	90.0172	0.891259	0.891259
mutation1404	101	101	99.2711	0.982882	0.982882
mutation1405	101	0	0	0	0
mutation1406	101	101	0.392179	0.00388296	0.00388296
mutation1407	101	80	51.0234	0.505183	0.637793
mutation1408	101	101	92.4632	0.915477	0.915477
mutation1409	101	101	97.4469	0.964821	0.964821
mutation1410	101	101	93.64	0.927128	0.927128
mutation1411	101	101	82.5388	0.817216	0.817216
mutation1412	101	101	94.6084	0.936717	0.936717
mutation1413	101	63	58.2665	0.576896	0.924865
mutation1414	101	101	48.7601	0.482773	0.482773
mutation1415	101	101	49.4816	0.489916	0.489916
mutation1416	101	101	97.0672	0.961061	0.961061
mutation1417	101	101	29.51	0.292178	0.292178
mutation1418	101	101	21.6495	0.214352	0.214352
mutation1419	101	101	87.1073	0.862449	0.862449
mutation1420	101	101	62.4905	0.618718	0.618718
mutation1421	101	101	43.9672	0.435319	0.435319
mutation1422	101	101	31.2383	0.30929	0.30929
mutation1423	101	101	26.6626	0.263986	0.263986
mutation1424	101	101	83.1196	0.822966	0.822966
mutation1425	101	101	11.3535	0.112411	0.112411
mutation1426	101	101	95.8773	0.94928	0.94928
mutation1427	101	101	69.9498	0.692572	0.692572
mutation1428	101	101	78.5846	0.778066	0.778066
mutation1429	101	101	87.5344	0.866678	0.866678
mutation1430	101	76	39.2221	0.388338	0.516081
mutation1431	101	101	28.7367	0.284522	0.284522
mutation1432	101	101	12.7312	0.126052	0.126052
mutation1433	101	101	86.428	0.855723	0.855723
mutation1434	101	101	25.2324	0.249826	0.249826
mutation1435	101	101	44.0041	0.435684	0.435684
mutation1436	101	101	25.1747	0.249255	0.249255
mutation1437	101	101	61.1902	0.605844	0.605844
mutation1438	101	101	17.71	0.175347	0.175347
mutation1439	101	101	78.5753	0.777974	0.777974
mutation1440	101	101	45.6298	0.45178	0.45178
mutation1441	101	101	11.8801	0.117625	0.117625
mutation1442	101	76	22.0668	0.218483	0.290353
mutation1443	101	101	14.9097	0.147621	0.147621
mutation1444	101	101	59.3529	0.587652	0.587652
mutation1445	101	101	35.7399	0.35386	0.35386
mutation1446	101	101	46.9919	0.465267	0.465267
mutation1447	101	0	0	0	0
mutation1448	101	101	50.4892	0.499893	0.499893
mutation1449	101	101	26.9198	0.266533	0.266533
mutation1450	101	101	98.3479	0.973742	0.973742
mutation1451	101	101	23.2062	0.229765	0.229765
mutation1452	101	101	54.877	0.543337	0.543337
mutation1453	101	101	59.5566	0.58967	0.58967
mutation1454	101	101	93.6157	0.926888	0.926888
mutation1455	101	101	93.4539	0.925286	0.925286
mutation1456	101	101	95.2064	0.942637	0.942637
mutation1457	101	101	93.0678	0.921463	0.921463
mutation1458	101	101	15.052	0.14903	0.14903
mutation1459	101	101	62.469	0.618505	0.618505
mutation1460	101	101	45.7106	0.45258	0.45258
mutation1461	101	101	83.8757	0.830452	0.830452
mutation1462	101	101	99.6624	0.986757	0.986757
mutation1463	101	101	54.5213	0.539815	0.539815
mutation1464	101	101	70.7054	0.700053	0.700053
mutation1465	101	101	86.5189	0.856623	0.856623
mutation1466	101	101	53.125	0.52599	0.52599
mutation1467	101	101	74.4371	0.737001	0.737001
mutation1468	101	101	42.0476	0.416313	0.416313
mutation1469	101	101	16.0158	0.158572	0.158572
mutation1470	101	101	12.493	0.123693	0.123693
mutation1471	101	101	31.1428	0.308345	0.308345
mutation1472	101	101	100.754	0.997562	0.997562
mutation1473	101	101	16.8615	0.166945	0.166945
mutation1474	101	101	22.1414	0.219222	0.219222
mutation1475	101	101	65.7243	0.650735	0.650735
mutation1476	101	101	70.157	0.694624	0.694624
mutation1477	101	101	95.0664	0.941252	0.941252
mutation1478	101	101	65.1772	0.645319	0.645319
mutation1479	101	101	50.7256	0.502234	0.502234
mutation1480	101	101	78.7529	0.779731	0.779731
mutation1481	101	101	20.0677	0.19869	0.19869
mutation1482	101	101	61.2565	0.6065	0.6065
mutation1483	101	101	91.7367	0.908284	0.908284
mutation1484	101	101	42.9552	0.425299	0.425299
mutation1485	101	101	63.0764	0.624519	0.624519
mutation1486	101	101	34.1193	0.337815	0.337815
mutation1487	101	101	82.9113	0.820904	0.820904
mutation1488	101	101	93.9817	0.930512	0.930512
mutation1489	101	101	90.5896	0.896927	0.896927
mutation1490	101	101	96.6564	0.956994	0.956994
mutation1491	101	101	10.3657	0.102631	0.102631
mutation1492	101	101	30.5995	0.302966	0.302966
mutation1493	101	101	82.5716	0.81754	0.81754
mutation1494	101	101	77.682	0.769129	0.769129
mutation1495	101	101	53.407	0.528783	0.528783
mutation1496	101	101	0.127614	0.0012635	0.0012635
mutation1497	101	101	98.041	0.970703	0.970703
mutation1498	101	51	11.9293	0.118112	0.233908
mutation1499	101	101	74.6511	0.73912	0.73912
mutation1500	101	101	91.4912	0.905854	0.905854
mutation1501	101	101	7.68163	0.0760558	0.0760558
mutation1502	101	101	67.2372	0.665715	0.665715
mutation1503	101	101	53.7605	0.532282	0.532282
mutation1504	101	101	37.8087	0.374344	0.374344
mutation1505	101	101	85.7434	0.848945	0.848945
mutation1506	101	101	7.14949	0.0707871	0.0707871
mutation1507	101	101	30.4609	0.301593	0.301593
mutation1508	101	101	13.0631	0.129338	0.129338
mutation1509	101	101	86.2995	0.85445	0.85445
mutation1510	101	101	87.303	0.864386	0.864386
mutation1511	101	101	93.7119	0.927841	0.927841
mutation1512	101	101	85.7784	0.849291	0.849291
mutation1513	101	101	93.8427	0.929136	0.929136
mutation1514	101	101	99.5397	0.985542	0.985542
mutation1515	101	101	39.5525	0.391609	0.391609
mutation1516	101	101	45.6763	0.452241	0.452241
mutation1517	101	100	74.3145	0.735787	0.743145
mutation1518	101	101	45.1661	0.447189	0.447189
mutation1519	101	101	23.6435	0.234094	0.234094
mutation1520	101	101	65.6327	0.649829	0.649829
mutation1521	101	101	82.4712	0.816547	0.816547
mutation1522	101	101	62.0538	0.614394	0.614394
mutation1523	101	101	37.364	0.369941	0.369941
mutation1524	101	51	20.5657	0.20362	0.403248
mutation1525	101	101	25.8465	0.255906	0.255906
mutation1526	101	101	28.1799	0.279009	0.279009
mutation1527	101	0	0	0	0
mutation1528	101	101	47.1903	0.46723	0.46723
mutation1529	101	101	47.9749	0.474999	0.474999
mutation1530	101	101	39.755	0.393614	0.393614
mutation1531	101	101	56.3465	0.557886	0.557886
mutation1532	101	101	13.8225	0.136857	0.136857
mutation1533	101	101	95.2098	0.942671	0.942671
mutation1534	101	101	87.121	0.862584	0.862584
mutation1535	101	101	80.9325	0.801312	0.801312
mutation1536	101	101	87.1317	0.86269	0.86269
mutation1537	101	101	92.742	0.918238	0.918238
mutation1538	101	101	25.8296	0.255738	0.255738
mutation1539	101	101	78.0314	0.772588	0.772588
mutation1540	101	101	100.159	0.991669	0.991669
mutation1541	101	101	99.5185	0.985332	0.985332
mutation1542	101	101	48.0327	0.475571	0.475571
mutation1543	101	101	84.3292	0.834942	0.834942
mutation1544	101	101	89.9383	0.890478	0.890478
mutation1545	101	101	88.479	0.876029	0.876029
mutation1546	101	101	85.6112	0.847636	0.847636
mutation1547	101	101	21.4915	0.212788	0.212788
mutation1548	101	101	38.5298	0.381483	0.381483
mutation1549	101	101	23.4284	0.231964	0.231964
mutation1550	101	101	37.4008	0.370305	0.370305
mutation1551	101	101	59.8137	0.592214	0.592214
mutation1552	101	101	23.3823	0.231508	0.231508
mutation1553	101	101	31.5237	0.312116	0.312116
mutation1554	101	101	100.349	0.993552	0.993552
mutation1555	101	101	3.15135	0.0312015	0.0312015
mutation1556	101	101	1.47758	0.0146295	0.0146295
mutation1557	101	101	0.508559	0.00503524	0.00503524
mutation1558	101	101	3.15163	0.0312042	0.0312042
mutation1559	101	101	41.9631	0.415476	0.415476
mutation1560	101	101	34.4448	0.341038	0.341038
mutation1561	101	101	51.661	0.511495	0.511495
mutation1562	101	101	88.1808	0.873077	0.873077
mutation1563	101	101	79.2264	0.78442	0.78442
mutation1564	101	101	68.0734	0.673994	0.673994
mutation1565	101	101	81.0538	0.802513	0.802513
mutation1566	101	101	18.2284	0.180479	0.180479
mutation1567	101	87	16.7156	0.165501	0.192133
mutation1568	101	101	66.3965	0.657391	0.657391
mutation1569	101	101	65.1421	0.644971	0.644971
mutation1570	101	101	56.6753	0.561141	0.561141
mutation1571	101	101	25.3655	0.251144	0.251144
mutation1572	101	101	9.71677	0.0962056	0.0962056
mutation1573	101	101	90.8076	0.899085	0.899085
mutation1574	101	101	62.8461	0.622238	0.622238
mutation1575	101	101	49.3483	0.488597	0.488597
mutation1576	101	101	88.8773	0.879973	0.879973
mutation1577	101	101	87.5409	0.866741	0.866741
mutation1578	101	101	61.2548	0.606483	0.606483
mutation1579	101	101	67.4295	0.667619	0.667619
mutation1580	101	101	90.6592	0.897616	0.897616
mutation1581	101	101	36.1245	0.357669	0.357669
mutation1582	101	101	58.6362	0.580557	0.580557
mutation1583	101	101	87.327	0.864624	0.864624
mutation1584	101	101	62.282	0.616653	0.616653
mutation1585	101	101	29.7669	0.294722	0.294722
mutation1586	101	101	25.1892	0.249398	0.249398
mutation1587	101	101	86.9077	0.860472	0.860472
mutation1588	101	101	46.6017	0.461403	0.461403
mutation1589	101	101	16.8982	0.167309	0.167309
mutation1590	101	101	12.7574	0.126311	0.126311
mutation1591	101	101	64.6158	0.63976	0.63976
mutation1592	101	101	77.5607	0.767928	0.767928
mutation1593	101	101	76.5416	0.757838	0.757838
mutation1594	101	101	91.0381	0.901367	0.901367
mutation1595	101	101	63.0004	0.623767	0.623767
mutation1596	101	101	67.4819	0.668138	0.668138
mutation1597	101	101	61.9752	0.613616	0.613616
mutation1598	101	101	77.3174	0.765519	0.765519
mutation1599	101	101	39.1233	0.38736	0.38736
mutation1600	101	101	40.6866	0.402838	0.402838
mutation1601	101	101	34.5793	0.342369	0.342369
mutation1602	101	101	37.4796	0.371085	0.371085
mutation1603	101	101	35.3322	0.349824	0.349824
mutation1604	101	101	73.6781	0.729486	0.729486
mutation1605	101	101	67.9351	0.672625	0.672625
mutation1606	101	101	95.9289	0.949791	0.949791
mutation1607	101	101	65.149	0.645039	0.645039
mutation1608	101	101	43.9066	0.434719	0.434719
mutation1609	101	101	39.3045	0.389153	0.389153
mutation1610	101	101	32.5033	0.321815	0.321815
mutation1611	101	101	46.1146	0.45658	0.45658
mutation1612	101	101	6.19589	0.0613455	0.0613455
mutation1613	101	101	34.7258	0.34382	0.34382
mutation1614	101	101	82.3606	0.815452	0.815452
mutation1615	101	101	47.1364	0.466697	0.466697
mutation1616	101	101	63.7619	0.631306	0.631306
mutation1617	101	101	44.899	0.444544	0.444544
mutation1618	101	101	71.5368	0.708285	0.708285
mutation1619	101	101	57.6676	0.570966	0.570966
mutation1620	101	101	67.0913	0.66427	0.66427
mutation1621	101	101	76.6487	0.758898	0.758898
mutation1622	101	101	76.5458	0.757879	0.757879
mutation1623	101	101	71.2183	0.705132	0.705132
mutation1624	101	101	93.9711	0.930407	0.930407
mutation1625	101	101	92.8031	0.918843	0.918843
mutation1626	101	101	27.523	0.272505	0.272505
mutation1627	101	101	2.74648	0.0271929	0.0271929
mutation1628	101	101	88.5002	0.87624	0.87624
mutation1629	101	101	99.5011	0.985159	0.985159
mutation1630	101	101	88.6417	0.877641	0.877641
mutation1631	101	101	53.7456	0.532134	0.532134
mutation1632	101	101	33.711	0.333772	0.333772
mutation1633	101	78	25.9116	0.25655	0.332199
mutation1634	101	101	85.1141	0.842714	0.842714
mutation1635	101	101	95.8391	0.948902	0.948902
mutation1636	101	101	54.0782	0.535428	0.535428
mutation1637	101	58	4.14351	0.0410249	0.0714399
mutation1638	101	101	70.4451	0.697476	0.697476
mutation1639	101	101	72.2268	0.715117	0.715117
mutation1640	101	101	67.7896	0.671184	0.671184
mutation1641	101	101	66.2651	0.65609	0.65609
mutation1642	101	101	41.5531	0.411416	0.411416
mutation1643	101	101	72.4407	0.717234	0.717234
mutation1644	101	0	0	0	0
mutation1645	101	101	23.9451	0.23708	0.23708
mutation1646	101	101	38.1838	0.378057	0.378057
mutation1647	101	101	66.5879	0.659286	0.659286
mutation1648	101	101	71.2493	0.705439	0.705439
mutation1649	101	101	15.536	0.153822	0.153822
mutation1650	101	101	92.0446	0.911333	0.911333
mutation1651	101	101	57.938	0.573644	0.573644
mutation1652	101	101	86.1546	0.853016	0.853016
mutation1653	101	101	1.07879	0.0106811	0.0106811
mutation1654	101	101	1.05404	0.0104361	0.0104361
mutation1655	101	101	71.5536	0.708451	0.708451
mutation1656	101	101	30.4134	0.301123	0.301123
mutation1657	101	101	50.1351	0.496387	0.496387
mutation1658	101	101	55.5577	0.550077	0.550077
mutation1659	101	101	75.7069	0.749573	0.749573
mutation1660	101	101	97.2768	0.963137	0.963137
mutation1661	101	101	100.78	0.997826	0.997826
mutation1662	101	101	87.3276	0.86463	0.86463
mutation1663	101	101	42.2592	0.418408	0.418408
mutation1664	101	101	75.9885	0.752361	0.752361
mutation1665	101	101	7.11716	0.0704669	0.0704669
mutation1666	101	101	21.3672	0.211556	0.211556
mutation1667	101	101	83.0025	0.821807	0.821807
mutation1668	101	101	81.5817	0.80774	0.80774
mutation1669	101	101	93.0538	0.921324	0.921324
mutation1670	101	101	70.8466	0.701451	0.701451
mutation1671	101	101	64.7826	0.641411	0.641411
mutation1672	101	101	60.6111	0.600109	0.600109
mutation1673	101	101	4.36601	0.0432278	0.0432278
mutation1674	101	101	99.0462	0.980656	0.980656
mutation1675	101	101	93.4866	0.92561	0.92561
mutation1676	101	101	42.7715	0.42348	0.42348
mutation1677	101	101	23.627	0.233931	0.233931
mutation1678	101	101	40.2364	0.39838	0.39838
mutation1679	101	101	61.7883	0.611766	0.611766
mutation1680	101	101	61.2223	0.606161	0.606161
mutation1681	101	101	72.6623	0.719429	0.719429
mutation1682	101	101	63.6339	0.630039	0.630039
mutation1683	101	101	61.6878	0.61077	0.61077
mutation1684	101	0	0	0	0
mutation1685	101	101	89.3276	0.884432	0.884432
mutation1686	101	101	17.07	0.16901	0.16901
mutation1687	101	101	58.5996	0.580194	0.580194
mutation1688	101	101	22.7931	0.225674	0.225674
mutation1689	101	101	96.4631	0.95508	0.95508
mutation1690	101	101	33.0125	0.326856	0.326856
mutation1691	101	101	63.5556	0.629263	0.629263
mutation1692	101	101	92.787	0.918683	0.918683
mutation1693	101	101	54.1984	0.536618	0.536618
mutation1694	101	101	83.9304	0.830994	0.830994
mutation1695	101	0	0	0	0
mutation1696	101	101	62.9924	0.623687	0.623687
mutation1697	101	101	43.9596	0.435243	0.435243
mutation1698	101	101	72.2979	0.71582	0.71582
mutation1699	101	101	51.6152	0.511042	0.511042
mutation1700	101	101	75.8739	0.751226	0.751226
mutation1701	101	101	33.9222	0.335863	0.335863
mutation1702	101	101	78.9283	0.781468	0.781468
mutation1703	101	101	48.3037	0.478254	0.478254
mutation1704	101	101	11.7991	0.116822	0.116822
mutation1705	101	101	65.8666	0.652144	0.652144
mutation1706	101	101	77.5786	0.768105	0.768105
mutation1707	101	101	12.5392	0.12415	0.12415
mutation1708	101	101	24.2207	0.239809	0.239809
mutation1709	101	101	40.706	0.40303	0.40303
mutation1710	101	101	97.3457	0.963819	0.963819
mutation1711	101	101	67.7739	0.671028	0.671028
mutation1712	101	101	81.4686	0.80662	0.80662
mutation1713	101	101	68.177	0.675019	0.675019
mutation1714	101	101	72.793	0.720723	0.720723
mutation1715	101	101	80.2218	0.794276	0.794276
mutation1716	101	101	52.1002	0.515843	0.515843
mutation1717	101	101	40.7523	0.403488	0.403488
mutation1718	101	101	8.20323	0.0812201	0.0812201
mutation1719	101	101	80.8301	0.800298	0.800298
mutation1720	101	101	60.7932	0.601913	0.601913
mutation1721	101	101	26.7313	0.264667	0.264667
mutation1722	101	101	74.4941	0.737565	0.737565
mutation1723	101	101	75.7487	0.749987	0.749987
mutation1724	101	101	72.2991	0.715832	0.715832
mutation1725	101	101	37.0362	0.366695	0.366695
mutation1726	101	101	59.8305	0.592382	0.592382
mutation1727	101	101	54.4824	0.53943	0.53943
mutation1728	101	101	97.3596	0.963957	0.963957
mutation1729	101	101	33.0904	0.327627	0.327627
mutation1730	101	101	49.2201	0.487328	0.487328
mutation1731	101	101	17.9743	0.177963	0.177963
mutation1732	101	71	27.3822	0.27111	0.385664
mutation1733	101	101	31.8207	0.315057	0.315057
mutation1734	101	101	79.1946	0.784105	0.784105
mutation1735	101	101	67.8203	0.671488	0.671488
mutation1736	101	101	52.9052	0.523813	0.523813
mutation1737	101	101	77.6293	0.768607	0.768607
mutation1738	101	101	87.239	0.863752	0.863752
mutation1739	101	101	79.8505	0.790599	0.790599
mutation1740	101	101	2.41854	0.023946	0.023946
mutation1741	101	101	32.2406	0.319213	0.319213
mutation1742	101	101	58.044	0.574693	0.574693
mutation1743	101	101	92.1547	0.912423	0.912423
mutation1744	101	101	37.0967	0.367294	0.367294
mutation1745	101	101	44.796	0.443525	0.443525
mutation1746	101	101	79.2496	0.78465	0.78465
mutation1747	101	101	93.5577	0.926314	0.926314
mutation1748	101	101	63.0789	0.624544	0.624544
mutation1749	101	101	90.2184	0.893251	0.893251
mutation1750	101	101	30.6977	0.303937	0.303937
mutation1751	101	101	27.3475	0.270767	0.270767
mutation1752	101	51	13.9376	0.137996	0.273286
mutation1753	101	101	26.4544	0.261925	0.261925
mutation1754	101	101	63.4657	0.628374	0.628374
mutation1755	101	101	34.2625	0.339233	0.339233
mutation1756	101	101	27.2816	0.270115	0.270115
mutation1757	101	3	2.20057	0.0217878	0.733522
mutation1758	101	101	67.5648	0.668958	0.668958
mutation1759	101	101	95.6648	0.947176	0.947176
mutation1760	101	101	92.4024	0.914875	0.914875
mutation1761	101	101	92.4179	0.915028	0.915028
mutation1762	101	101	83.4461	0.826199	0.826199
mutation1763	101	101	66.8683	0.662062	0.662062
mutation1764	101	101	20.7565	0.20551	0.20551
mutation1765	101	101	99.6146	0.986283	0.986283
mutation1766	101	101	44.8136	0.443699	0.443699
mutation1767	101	101	97.0524	0.960915	0.960915
mutation1768	101	101	72.4445	0.717273	0.717273
mutation1769	101	101	8.50757	0.0842334	0.0842334
mutation1770	101	101	66.1725	0.655173	0.655173
mutation1771	101	101	84.2619	0.834277	0.834277
mutation1772	101	101	66.9765	0.663134	0.663134
mutation1773	101	101	61.2902	0.606834	0.606834
mutation1774	101	101	80.7607	0.799611	0.799611
mutation1775	101	101	47.0781	0.46612	0.46612
mutation1776	101	101	41.7916	0.413778	0.413778
mutation1777	101	101	69.1105	0.684263	0.684263
mutation1778	101	101	18.7237	0.185384	0.185384
mutation1779	101	101	0.611931	0.00605872	0.00605872
mutation1780	101	101	48.1978	0.477206	0.477206
mutation1781	101	84	13.3452	0.132131	0.158872
mutation1782	101	101	92.9899	0.920692	0.920692
mutation1783	101	101	72.3181	0.716021	0.716021
mutation1784	101	101	42.2828	0.418642	0.418642
mutation1785	101	101	33.2923	0.329627	0.329627
mutation1786	101	101	62.5137	0.618947	0.618947
mutation1787	101	101	21.1254	0.209163	0.209163
mutation1788	101	101	91.9638	0.910532	0.910532
mutation1789	101	101	95.2509	0.943078	0.943078
mutation1790	101	101	37.9108	0.375354	0.375354
mutation1791	101	101	20.5513	0.203478	0.203478
mutation1792	101	101	42.9999	0.425742	0.425742
mutation1793	101	101	21.7983	0.215825	0.215825
mutation1794	101	101	22.6711	0.224466	0.224466
mutation1795	101	101	8.40338	0.0832018	0.0832018
mutation1796	101	101	95.3188	0.94375	0.94375
mutation1797	101	101	89.093	0.882109	0.882109
mutation1798	101	101	44.7905	0.44347	0.44347
mutation1799	101	101	36.2133	0.358548	0.358548
mutation1800	101	101	76.8042	0.760437	0.760437
mutation1801	101	47	27.1495	0.268807	0.577648
mutation1802	101	101	74.7539	0.740138	0.740138
mutation1803	101	101	18.6452	0.184606	0.184606
mutation1804	101	101	34.2371	0.338982	0.338982
mutation1805	101	101	52.435	0.519159	0.519159
mutation1806	101	101	68.276	0.676	0.676
mutation1807	101	0	0	0	0
mutation1808	101	101	97.8274	0.968588	0.968588
mutation1809	101	101	98.8791	0.979001	0.979001
mutation1810	101	101	98.4945	0.975193	0.975193
mutation1811	101	101	40.0654	0.396687	0.396687
mutation1812	101	101	35.2	0.348515	0.348515
mutation1813	101	101	52.4744	0.519549	0.519549
mutation1814	101	101	54.6012	0.540606	0.540606
mutation1815	101	101	34.6289	0.342861	0.342861
mutation1816	101	101	88.3751	0.875001	0.875001
mutation1817	101	101	94.1143	0.931825	0.931825
mutation1818	101	101	16.9321	0.167644	0.167644
mutation1819	101	101	36.0075	0.35651	0.35651
mutation1820	101	101	74.4251	0.736882	0.736882
mutation1821	101	101	100.227	0.992351	0.992351
mutation1822	101	101	40.0902	0.396932	0.396932
mutation1823	101	101	59.3833	0.587953	0.587953
mutation1824	101	101	65.561	0.649119	0.649119
mutation1825	101	101	46.8648	0.464008	0.464008
mutation1826	101	101	23.313	0.230821	0.230821
mutation1827	101	101	76.706	0.759466	0.759466
mutation1828	101	101	10.3203	0.102181	0.102181
mutation1829	101	101	51.8277	0.513146	0.513146
mutation1830	101	101	52.5379	0.520177	0.520177
mutation1831	101	101	74.8436	0.741025	0.741025
mutation1832	101	101	98.8948	0.979156	0.979156
mutation1833	101	101	45.8055	0.45352	0.45352
mutation1834	101	101	86.8622	0.860021	0.860021
mutation1835	101	101	91.3828	0.904781	0.904781
mutation1836	101	52	48.8155	0.483322	0.93876
mutation1837	101	101	81.3328	0.805276	0.805276
mutation1838	101	101	97.3696	0.964056	0.964056
mutation1839	101	101	82.1769	0.813633	0.813633
mutation1840	101	101	51.6299	0.511187	0.511187
mutation1841	101	101	7.25835	0.0718649	0.0718649
mutation1842	101	101	12.1013	0.119815	0.119815
mutation1843	101	101	13.8439	0.137069	0.137069
mutation1844	101	101	8.5917	0.0850663	0.0850663
mutation1845	101	101	58.4549	0.578761	0.578761
mutation1846	101	101	37.5794	0.372073	0.372073
mutation1847	101	101	32.1941	0.318753	0.318753
mutation1848	101	101	6.91086	0.0684244	0.0684244
mutation1849	101	101	85.8099	0.849603	0.849603
mutation1850	101	101	85.0758	0.842334	0.842334
mutation1851	101	101	81.3724	0.805667	0.805667
mutation1852	101	101	10.8348	0.107275	0.107275
mutation1853	101	101	24.1329	0.23894	0.23894
mutation1854	101	101	32.1308	0.318127	0.318127
mutation1855	101	101	87.5012	0.866349	0.866349
mutation1856	101	101	14.3853	0.142428	0.142428
mutation1857	101	101	49.6004	0.491094	0.491094
mutation1858	101	101	69.0541	0.683704	0.683704
mutation1859	101	101	26.1098	0.258513	0.258513
mutation1860	101	101	38.6695	0.382867	0.382867
mutation1861	101	101	52.1102	0.515943	0.515943
mutation1862	101	101	51.8562	0.513428	0.513428
mutation1863	101	101	95.5496	0.946036	0.946036
mutation1864	101	79	43.8286	0.433946	0.554792
mutation1865	101	101	63.5816	0.62952	0.62952
mutation1866	101	101	2.51609	0.0249118	0.0249118
mutation1867	101	101	9.22785	0.0913648	0.0913648
mutation1868	101	101	32.0903	0.317726	0.317726
mutation1869	101	101	35.129	0.347812	0.347812
mutation1870	101	101	32.5177	0.321957	0.321957
mutation1871	101	101	8.82643	0.0873904	0.0873904
mutation1872	101	101	50.1672	0.496705	0.496705
mutation1873	101	101	57.9101	0.573367	0.573367
mutation1874	101	101	23.3175	0.230866	0.230866
mutation1875	101	101	55.418	0.548693	0.548693
mutation1876	101	101	64.426	0.637881	0.637881
mutation1877	101	101	65.4543	0.648063	0.648063
mutation1878	101	101	100.148	0.991563	0.991563
mutation1879	101	101	44.4252	0.439854	0.439854
mutation1880	101	101	6.49392	0.0642962	0.0642962
mutation1881	101	101	24.366	0.241248	0.241248
mutation1882	101	101	51.995	0.514802	0.514802
mutation1883	101	101	92.2138	0.913008	0.913008
mutation1884	101	101	47.5306	0.4706	0.4706
mutation1885	101	101	61.8704	0.612579	0.612579
mutation1886	101	101	65.6364	0.649865	0.649865
mutation1887	101	101	96.8102	0.958517	0.958517
mutation1888	101	101	7.85632	0.0777853	0.0777853
mutation1889	101	101	30.1254	0.298272	0.298272
mutation1890	101	101	48.0259	0.475504	0.475504
mutation1891	101	101	17.9516	0.177739	0.177739
mutation1892	101	101	69.8855	0.691935	0.691935
mutation1893	101	101	67.4778	0.668097	0.668097
mutation1894	101	101	90.4157	0.895205	0.895205
mutation1895	101	101	28.4097	0.281285	0.281285
mutation1896	101	101	66.0539	0.653999	0.653999
mutation1897	101	101	36.5494	0.361875	0.361875
mutation1898	101	101	78.5364	0.777588	0.777588
mutation1899	101	101	10.5558	0.104513	0.104513
mutation1900	101	69	9.26449	0.0917276	0.134268
mutation1901	101	101	93.2515	0.923282	0.923282
mutation1902	101	101	43.3012	0.428725	0.428725
mutation1903	101	101	43.6484	0.432162	0.432162
mutation1904	101	101	83.3128	0.82488	0.82488
mutation1905	101	101	84.5406	0.837036	0.837036
mutation1906	101	101	68.3328	0.676563	0.676563
mutation1907	101	101	95.9456	0.949956	0.949956
mutation1908	101	101	88.9418	0.880612	0.880612
mutation1909	101	101	82.1886	0.813749	0.813749
mutation1910	101	101	76.386	0.756297	0.756297
mutation1911	101	101	90.0647	0.89173	0.89173
mutation1912	101	101	78.4733	0.776964	0.776964
mutation1913	101	101	89.8297	0.889403	0.889403
mutation1914	101	65	25.9297	0.25673	0.398919
mutation1915	101	101	55.1449	0.545989	0.545989
mutation1916	101	101	31.29	0.309802	0.309802
mutation1917	101	101	28.7036	0.284194	0.284194
mutation1918	101	101	83.0071	0.821853	0.821853
mutation1919	101	101	95.7338	0.947859	0.947859
mutation1920	101	0	0	0	0
mutation1921	101	101	76.8682	0.761071	0.761071
mutation1922	101	101	31.5474	0.312351	0.312351
mutation1923	101	101	83.1929	0.823692	0.823692
mutation1924	101	101	52.6055	0.520847	0.520847
mutation1925	101	101	78.1857	0.774116	0.774116
mutation1926	101	101	85.6407	0.847927	0.847927
mutation1927	101	101	44.4169	0.439772	0.439772
mutation1928	101	101	74.1784	0.73444	0.73444
mutation1929	101	101	81.5384	0.807311	0.807311
mutation1930	101	101	82.1677	0.813542	0.813542
mutation1931	101	101	32.059	0.317416	0.317416
mutation1932	101	101	27.0399	0.267722	0.267722
mutation1933	101	101	13.1692	0.130388	0.130388
mutation1934	101	101	69.1645	0.684797	0.684797
mutation1935	101	101	69.1042	0.6842	0.6842
mutation1936	101	101	63.0598	0.624354	0.624354
mutation1937	101	101	38.1001	0.377229	0.377229
mutation1938	101	101	27.1873	0.269181	0.269181
mutation1939	101	101	39.7605	0.393669	0.393669
mutation1940	101	101	60.0312	0.594368	0.594368
mutation1941	101	101	57.31	0.567425	0.567425
mutation1942	101	101	73.2899	0.725643	0.725643
mutation1943	101	101	60.8255	0.602233	0.602233
mutation1944	101	101	4.40073	0.0435716	0.0435716
mutation1945	101	101	88.8488	0.879691	0.879691
mutation1946	101	101	94.8788	0.939394	0.939394
mutation1947	101	101	71.4636	0.70756	0.70756
mutation1948	101	101	31.4667	0.311551	0.311551
mutation1949	101	101	68.688	0.680079	0.680079
mutation1950	101	101	19.3727	0.191808	0.191808
mutation1951	101	101	66.0602	0.654061	0.654061
mutation1952	101	101	4.58791	0.0454248	0.0454248
mutation1953	101	101	97.3779	0.964138	0.964138
mutation1954	101	101	26.4728	0.262107	0.262107
mutation1955	101	101	17.5238	0.173503	0.173503
mutation1956	101	101	10.0818	0.0998196	0.0998196
mutation1957	101	101	8.32244	0.0824004	0.0824004
mutation1958	101	101	34.8754	0.345301	0.345301
mutation1959	101	101	44.8304	0.443865	0.443865
mutation1960	101	0	0	0	0
mutation1961	101	101	100.984	0.999842	0.999842
mutation1962	101	101	100.986	0.999862	0.999862
mutation1963	101	101	83.9694	0.83138	0.83138
mutation1964	101	101	53.5335	0.530035	0.530035
mutation1965	101	101	63.6048	0.629751	0.629751
mutation1966	101	101	37.3334	0.369638	0.369638
mutation1967	101	101	15.5324	0.153786	0.153786
mutation1968	101	101	39.5242	0.391328	0.391328
mutation1969	101	101	44.6642	0.44222	0.44222
mutation1970	101	101	66.3288	0.65672	0.65672
mutation1971	101	0	0	0	0
mutation1972	101	101	73.3735	0.72647	0.72647
mutation1973	101	101	62.1648	0.615493	0.615493
mutation1974	101	101	41.1187	0.407116	0.407116
mutation1975	101	101	72.3797	0.716631	0.716631
mutation1976	101	101	68.3681	0.676912	0.676912
mutation1977	101	101	92.0376	0.911263	0.911263
mutation1978	101	56	41.5041	0.410932	0.741145
mutation1979	101	101	6.68295	0.0661679	0.0661679
mutation1980	101	101	15.2981	0.151466	0.151466
mutation1981	101	101	45.0048	0.445592	0.445592
mutation1982	101	101	60.0771	0.594823	0.594823
mutation1983	101	0	0	0	0
mutation1984	101	101	38.1404	0.377628	0.377628
mutation1985	101	101	80.4082	0.796121	0.796121
mutation1986	101	51	15.374	0.152218	0.301451
mutation1987	101	101	96.7557	0.957977	0.957977
mutation1988	101	101	74.7903	0.740498	0.740498
mutation1989	101	0	0	0	0
mutation1990	101	101	68.8437	0.681621	0.681621
mutation1991	101	101	43.3545	0.429253	0.429253
mutation1992	101	101	39.5727	0.391809	0.391809
mutation1993	101	101	39.3346	0.389451	0.389451
mutation1994	101	75	27.0704	0.268024	0.360939
mutation1995	101	101	57.8817	0.573087	0.573087
mutation1996	101	101	79.4272	0.786408	0.786408
mutation1997	101	101	25.0124	0.247647	0.247647
mutation1998	101	101	85.9363	0.850855	0.850855
mutation1999	101	101	51.9046	0.513907	0.513907
mutation2000	101	101	89.7553	0.888667	0.888667
mutation2001	101	101	69.1198	0.684354	0.684354
mutation2002	101	101	54.6845	0.541431	0.541431
mutation2003	101	101	57.389	0.568208	0.568208
mutation2004	101	101	54.6182	0.540775	0.540775
mutation2005	101	101	63.5862	0.629567	0.629567
mutation2006	101	101	59.4924	0.589034	0.589034
mutation2007	101	101	39.2581	0.388694	0.388694
mutation2008	101	101	82.9346	0.821135	0.821135
mutation2009	101	101	9.03538	0.0894592	0.0894592
mutation2010	101	101	98.5723	0.975963	0.975963
mutation2011	101	101	87.223	0.863594	0.863594
mutation2012	101	101	39.4855	0.390945	0.390945
mutation2013	101	101	80.3459	0.795504	0.795504
mutation2014	101	101	41.8588	0.414444	0.414444
mutation2015	101	101	58.1979	0.576217	0.576217
mutation2016	101	101	21.629	0.214148	0.214148
mutation2017	101	101	79.3713	0.785855	0.785855
mutation2018	101	101	79.4688	0.78682	0.78682
mutation2019	101	0	0	0	0
mutation2020	101	101	71.4681	0.707605	0.707605
mutation2021	101	23	10.9154	0.108073	0.474581
mutation2022	101	101	9.54679	0.0945227	0.0945227
mutation2023	101	101	7.71176	0.076354	0.076354
mutation2024	101	101	12.1262	0.120061	0.120061
mutation2025	101	101	59.6535	0.590629	0.590629
mutation2026	101	101	56.9623	0.563983	0.563983
mutation2027	101	101	95.3408	0.943968	0.943968
mutation2028	101	0	0	0	0
mutation2029	101	101	54.7082	0.541665	0.541665
mutation2030	101	101	68.5312	0.678527	0.678527
mutation2031	101	0	0	0	0
mutation2032	101	101	62.2947	0.616779	0.616779
mutation2033	101	101	41.8658	0.414512	0.414512
mutation2034	101	101	76.4519	0.756949	0.756949
mutation2035	101	34	33.6735	0.333401	0.990398
mutation2036	101	101	63.4482	0.6282	0.6282
mutation2037	101	101	71.1571	0.704526	0.704526
mutation2038	101	101	79.1691	0.783853	0.783853
mutation2039	101	101	9.7179	0.0962168	0.0962168
mutation2040	101	101	28.2693	0.279894	0.279894
mutation2041	101	101	41.4264	0.410162	0.410162
mutation2042	101	101	50.5957	0.500948	0.500948
mutation2043	101	101	64.9787	0.643353	0.643353
mutation2044	101	101	37.191	0.368227	0.368227
mutation2045	101	101	93.8222	0.928933	0.928933
mutation2046	101	101	59.0938	0.585087	0.585087
mutation2047	101	101	75.1743	0.7443	0.7443
mutation2048	101	101	62.3937	0.61776	0.61776
mutation2049	101	101	76.9615	0.761995	0.761995
mutation2050	101	101	88.7396	0.87861	0.87861
mutation2051	101	101	85.6525	0.848045	0.848045
mutation2052	101	101	12.0382	0.11919	0.11919
mutation2053	101	101	65.8234	0.651717	0.651717
mutation2054	101	101	35.1402	0.347923	0.347923
mutation2055	101	101	69.1473	0.684627	0.684627
mutation2056	101	101	82.0242	0.812121	0.812121
mutation2057	101	101	85.6638	0.848157	0.848157
mutation2058	101	32	21.6471	0.214328	0.676472
mutation2059	101	101	86.5292	0.856725	0.856725
mutation2060	101	0	0	0	0
mutation2061	101	101	70.9502	0.702478	0.702478
mutation2062	101	101	43.5598	0.431285	0.431285
mutation2063	101	101	44.5528	0.441116	0.441116
mutation2064	101	101	29.2763	0.289864	0.289864
mutation2065	101	101	3.26747	0.0323512	0.0323512
mutation2066	101	101	98.2268	0.972542	0.972542
mutation2067	101	101	68.065	0.673911	0.673911
mutation2068	101	101	59.6045	0.590143	0.590143
mutation2069	101	101	31.9502	0.316338	0.316338
mutation2070	101	101	96.541	0.955851	0.955851
mutation2071	101	101	99.1324	0.981509	0.981509
mutation2072	101	101	87.2226	0.86359	0.86359
mutation2073	101	101	54.5287	0.539888	0.539888
mutation2074	101	0	0	0	0
mutation2075	101	101	2.19021	0.0216853	0.0216853
mutation2076	101	101	94.6158	0.93679	0.93679
mutation2077	101	101	96.3133	0.953597	0.953597
mutation2078	101	101	45.2638	0.448156	0.448156
mutation2079	101	101	81.0855	0.802827	0.802827
mutation2080	101	101	100.828	0.998296	0.998296
mutation2081	101	0	0	0	0
mutation2082	101	101	57.8549	0.57282	0.57282
mutation2083	101	66	40.3718	0.399721	0.611694
mutation2084	101	101	85.8821	0.850318	0.850318
mutation2085	101	0	0	0	0
mutation2086	101	101	66.3804	0.657232	0.657232
mutation2087	101	101	77.2542	0.764893	0.764893
mutation2088	101	101	45.6095	0.451579	0.451579
mutation2089	101	101	3.41391	0.0338011	0.0338011
mutation2090	101	101	23.5452	0.233121	0.233121
mutation2091	101	101	64.6638	0.640236	0.640236
mutation2092	101	101	24.1817	0.239423	0.239423
mutation2093	101	101	18.7771	0.185912	0.185912
mutation2094	101	101	66.8582	0.661962	0.661962
mutation2095	101	101	57.612	0.570416	0.570416
mutation2096	101	101	96.3836	0.954293	0.954293
mutation2097	101	101	7.26402	0.071921	0.071921
mutation2098	101	101	35.9187	0.355631	0.355631
mutation2099	101	101	48.1001	0.476239	0.476239
mutation2100	101	101	41.8631	0.414486	0.414486
mutation2101	101	101	66.9881	0.663249	0.663249
mutation2102	101	101	45.6204	0.451688	0.451688
mutation2103	101	101	72.2362	0.71521	0.71521
mutation2104	101	101	68.9342	0.682517	0.682517
mutation2105	101	101	33.667	0.333337	0.333337
mutation2106	101	101	65.631	0.649812	0.649812
mutation2107	101	101	75.7632	0.750131	0.750131
mutation2108	101	101	64.0764	0.63442	0.63442
mutation2109	101	101	58.4681	0.578892	0.578892
mutation2110	101	101	40.766	0.403624	0.403624
mutation2111	101	101	86.6811	0.858229	0.858229
mutation2112	101	101	100.737	0.997392	0.997392
mutation2113	101	101	59.7346	0.591431	0.591431
mutation2114	101	101	32.6659	0.323425	0.323425
mutation2115	101	101	70.8698	0.701681	0.701681
mutation2116	101	101	20.0656	0.198669	0.198669
mutation2117	101	101	59.6574	0.590668	0.590668
mutation2118	101	101	77.8061	0.770358	0.770358
mutation2119	101	101	10.7252	0.10619	0.10619
mutation2120	101	101	10.1167	0.100165	0.100165
mutation2121	101	101	19.8467	0.196502	0.196502
mutation2122	101	101	37.092	0.367248	0.367248
mutation2123	101	101	46.8584	0.463945	0.463945
mutation2124	101	101	58.9158	0.583324	0.583324
mutation2125	101	101	65.109	0.644644	0.644644
mutation2126	101	101	99.3454	0.983618	0.983618
mutation2127	101	101	9.80745	0.0971034	0.0971034
mutation2128	101	101	29.5743	0.292815	0.292815
mutation2129	101	101	26.8454	0.265796	0.265796
mutation2130	101	101	5.91054	0.0585202	0.0585202
mutation2131	101	101	57.407	0.568386	0.568386
mutation2132	101	101	4.35442	0.043113	0.043113
mutation2133	101	101	27.3742	0.271032	0.271032
mutation2134	101	101	17.3396	0.171679	0.171679
mutation2135	101	101	71.4719	0.707642	0.707642
mutation2136	101	101	53.3171	0.527892	0.527892
mutation2137	101	62	55.4146	0.548659	0.893783
mutation2138	101	101	34.1294	0.337915	0.337915
mutation2139	101	101	61.9963	0.613825	0.613825
mutation2140	101	101	98.2519	0.972791	0.972791
mutation2141	101	101	12.8977	0.1277	0.1277
mutation2142	101	101	10.675	0.105693	0.105693
mutation2143	101	101	63.8294	0.631974	0.631974
mutation2144	101	101	49.538	0.490475	0.490475
mutation2145	101	101	42.229	0.418109	0.418109
mutation2146	101	101	47.3337	0.468651	0.468651
mutation2147	101	101	63.1368	0.625117	0.625117
mutation2148	101	101	26.2668	0.260067	0.260067
mutation2149	101	101	40.1021	0.39705	0.39705
mutation2150	101	101	63.0529	0.624286	0.624286
mutation2151	101	101	68.8068	0.681255	0.681255
mutation2152	101	101	16.9998	0.168315	0.168315
mutation2153	101	101	40.0277	0.396314	0.396314
mutation2154	101	101	31.3925	0.310817	0.310817
mutation2155	101	101	66.5115	0.658529	0.658529
mutation2156	101	101	34.0902	0.337527	0.337527
mutation2157	101	101	91.1795	0.902768	0.902768
mutation2158	101	101	17.2836	0.171125	0.171125
mutation2159	101	101	50.4648	0.499652	0.499652
mutation2160	101	101	78.3651	0.775892	0.775892
mutation2161	101	101	48.3219	0.478434	0.478434
mutation2162	101	101	79.7709	0.789811	0.789811
mutation2163	101	101	39.7267	0.393333	0.393333
mutation2164	101	101	35.1675	0.348193	0.348193
mutation2165	101	101	88.1289	0.872563	0.872563
mutation2166	101	101	89.2381	0.883546	0.883546
mutation2167	101	101	55.1477	0.546017	0.546017
mutation2168	101	101	22.8563	0.2263	0.2263
mutation2169	101	101	33.7305	0.333965	0.333965
mutation2170	101	101	31.6391	0.313259	0.313259
mutation2171	101	55	52.0966	0.515808	0.947211
mutation2172	101	101	58.2271	0.576506	0.576506
mutation2173	101	101	87.9803	0.871093	0.871093
mutation2174	101	101	45.0622	0.446161	0.446161
mutation2175	101	101	19.5888	0.193948	0.193948
mutation2176	101	101	45.4621	0.45012	0.45012
mutation2177	101	101	1.14862	0.0113725	0.0113725
mutation2178	101	101	4.68467	0.0463829	0.0463829
mutation2179	101	101	27.5518	0.27279	0.27279
mutation2180	101	101	60.2985	0.597015	0.597015
mutation2181	101	101	86.9848	0.861236	0.861236
mutation2182	101	101	37.5198	0.371483	0.371483
mutation2183	101	101	77.069	0.76306	0.76306
mutation2184	101	101	92.2848	0.913711	0.913711
mutation2185	101	101	49.7495	0.492569	0.492569
mutation2186	101	101	56.8183	0.562558	0.562558
mutation2187	101	101	82.1274	0.813142	0.813142
mutation2188	101	101	14.3286	0.141867	0.141867
mutation2189	101	101	37.452	0.370812	0.370812
mutation2190	101	101	7.13957	0.0706888	0.0706888
mutation2191	101	101	25.9475	0.256906	0.256906
mutation2192	101	101	40.4695	0.400688	0.400688
mutation2193	101	101	37.2229	0.368544	0.368544
mutation2194	101	101	13.0347	0.129057	0.129057
mutation2195	101	101	72.4815	0.717639	0.717639
mutation2196	101	101	91.6578	0.907503	0.907503
mutation2197	101	101	60.1462	0.595507	0.595507
mutation2198	101	101	78.7199	0.779405	0.779405
mutation2199	101	101	81.5693	0.807617	0.807617
mutation2200	101	0	0	0	0
mutation2201	101	101	47.586	0.471148	0.471148
mutation2202	101	101	84.8071	0.839674	0.839674
mutation2203	101	101	78.1826	0.774085	0.774085
mutation2204	101	0	0	0	0
mutation2205	101	101	6.15751	0.0609654	0.0609654
mutation2206	101	101	85.4934	0.846469	0.846469
mutation2207	101	101	11.567	0.114524	0.114524
mutation2208	101	101	82.7343	0.819151	0.819151
mutation2209	101	0	0	0	0
mutation2210	101	101	15.3021	0.151506	0.151506
mutation2211	101	101	73.1895	0.724649	0.724649
mutation2212	101	101	11.6701	0.115545	0.115545
mutation2213	101	101	33.2457	0.329166	0.329166
mutation2214	101	101	71.3503	0.706439	0.706439
mutation2215	101	101	45.4263	0.449765	0.449765
mutation2216	101	101	30.0104	0.297132	0.297132
mutation2217	101	101	65.3811	0.647337	0.647337
mutation2218	101	101	96.9876	0.960274	0.960274
mutation2219	101	101	42.6961	0.422734	0.422734
mutation2220	101	101	5.01846	0.0496878	0.0496878
mutation2221	101	101	80.9517	0.801502	0.801502
mutation2222	101	101	49.9329	0.494385	0.494385
mutation2223	101	101	91.6901	0.907823	0.907823
mutation2224	101	101	73.2664	0.72541	0.72541
mutation2225	101	101	25.3534	0.251023	0.251023
mutation2226	101	101	83.0804	0.822578	0.822578
mutation2227	101	101	39.0039	0.386177	0.386177
mutation2228	101	101	61.825	0.612129	0.612129
mutation2229	101	101	13.4474	0.133143	0.133143
mutation2230	101	101	9.29501	0.0920298	0.0920298
mutation2231	101	101	40.9134	0.405083	0.405083
mutation2232	101	0	0	0	0
mutation2233	101	101	52.9205	0.523965	0.523965
mutation2234	101	101	88.4248	0.875493	0.875493
mutation2235	101	101	55.2232	0.546765	0.546765
mutation2236	101	101	24.0611	0.238228	0.238228
mutation2237	101	101	60.7741	0.601724	0.601724
mutation2238	101	101	79.2938	0.785087	0.785087
mutation2239	101	101	39.8006	0.394066	0.394066
mutation2240	101	101	44.573	0.441317	0.441317
mutation2241	101	101	11.2074	0.110965	0.110965
mutation2242	101	101	1.69467	0.0167789	0.0167789
mutation2243	101	101	16.7937	0.166274	0.166274
mutation2244	101	101	6.23753	0.0617577	0.0617577
mutation2245	101	101	93.2977	0.92374	0.92374
mutation2246	101	101	26.1786	0.259194	0.259194
mutation2247	101	101	95.4567	0.945115	0.945115
mutation2248	101	101	43.3236	0.428946	0.428946
mutation2249	101	101	53.9175	0.533837	0.533837
mutation2250	101	101	41.8519	0.414375	0.414375
mutation2251	101	101	72.013	0.713	0.713
mutation2252	101	101	41.7709	0.413573	0.413573
mutation2253	101	101	81.7945	0.809847	0.809847
mutation2254	101	91	53.513	0.529832	0.588055
mutation2255	101	101	29.0343	0.287468	0.287468
mutation2256	101	101	17.5432	0.173695	0.173695
mutation2257	101	101	54.0934	0.535579	0.535579
mutation2258	101	101	2.79301	0.0276536	0.0276536
mutation2259	101	101	8.93342	0.0884497	0.0884497
mutation2260	101	101	1.26131	0.0124882	0.0124882
mutation2261	101	101	10.2708	0.101691	0.101691
mutation2262	101	101	84.2125	0.833787	0.833787
mutation2263	101	101	45.593	0.451415	0.451415
mutation2264	101	101	38.3565	0.379768	0.379768
mutation2265	101	101	12.6204	0.124955	0.124955
mutation2266	101	101	73.0066	0.722838	0.722838
mutation2267	101	101	56.9706	0.564065	0.564065
mutation2268	101	101	23.9055	0.236689	0.236689
mutation2269	101	101	90.7501	0.898515	0.898515
mutation2270	101	101	75.5724	0.748241	0.748241
mutation2271	101	101	26.8384	0.265727	0.265727
mutation2272	101	101	3.22605	0.0319411	0.0319411
mutation2273	101	101	10.5496	0.104452	0.104452
mutation2274	101	101	50.7812	0.502785	0.502785
mutation2275	101	101	91.4331	0.905278	0.905278
mutation2276	101	101	49.8952	0.494012	0.494012
mutation2277	101	101	17.9067	0.177294	0.177294
mutation2278	101	101	73.7727	0.730423	0.730423
mutation2279	101	91	63.395	0.627673	0.696648
mutation2280	101	101	34.0476	0.337105	0.337105
mutation2281	101	101	83.4596	0.826332	0.826332
mutation2282	101	101	69.4043	0.687171	0.687171
mutation2283	101	101	65.9652	0.653121	0.653121
mutation2284	101	101	84.359	0.835238	0.835238
mutation2285	101	101	43.5538	0.431226	0.431226
mutation2286	101	101	30.7393	0.30435	0.30435
mutation2287	101	101	99.3689	0.98385	0.98385
mutation2288	101	101	97.0224	0.960618	0.960618
mutation2289	101	101	51.6219	0.511108	0.511108
mutation2290	101	101	89.8224	0.889331	0.889331
mutation2291	101	101	63.2271	0.626011	0.626011
mutation2292	101	0	0	0	0
mutation2293	101	101	61.9791	0.613654	0.613654
mutation2294	101	101	8.24741	0.0816575	0.0816575
mutation2295	101	101	37.2795	0.369104	0.369104
mutation2296	101	101	18.1716	0.179917	0.179917
mutation2297	101	101	36.5572	0.361952	0.361952
mutation2298	101	101	62.8227	0.622007	0.622007
mutation2299	101	101	26.121	0.258624	0.258624
mutation2300	101	101	51.6161	0.51105	0.51105
mutation2301	101	101	82.4155	0.815995	0.815995
mutation2302	101	101	38.1013	0.37724	0.37724
mutation2303	101	101	68.1687	0.674937	0.674937
mutation2304	101	101	53.1107	0.525848	0.525848
mutation2305	101	101	41.1221	0.40715	0.40715
mutation2306	101	101	72.8343	0.721132	0.721132
mutation2307	101	101	19.9938	0.197959	0.197959
mutation2308	101	101	15.4743	0.15321	0.15321
mutation2309	101	101	65.9817	0.653284	0.653284
mutation2310	101	101	49.0096	0.485244	0.485244
mutation2311	101	101	28.7694	0.284846	0.284846
mutation2312	101	101	28.7961	0.28511	0.28511
mutation2313	101	101	56.7928	0.562305	0.562305
mutation2314	101	101	83.9404	0.831093	0.831093
mutation2315	101	101	46.6319	0.461702	0.461702
mutation2316	101	101	34.7642	0.3442	0.3442
mutation2317	101	101	80.3253	0.7953	0.7953
mutation2318	101	101	70.5265	0.698282	0.698282
mutation2319	101	51	12.4182	0.122952	0.243494
mutation2320	101	101	86.2985	0.854441	0.854441
mutation2321	101	101	60.5603	0.599607	0.599607
mutation2322	101	101	81.0591	0.802565	0.802565
mutation2323	101	101	21.8804	0.216637	0.216637
mutation2324	101	101	48.8813	0.483974	0.483974
mutation2325	101	101	87.0093	0.861478	0.861478
mutation2326	101	101	32.712	0.323881	0.323881
mutation2327	101	101	66.2415	0.655856	0.655856
mutation2328	101	101	23.8793	0.236429	0.236429
mutation2329	101	101	79.0381	0.782556	0.782556
mutation2330	101	101	47.1764	0.467093	0.467093
mutation2331	101	101	80.1694	0.793757	0.793757
mutation2332	101	70	65.8557	0.652036	0.940795
mutation2333	101	101	52.5472	0.520269	0.520269
mutation2334	101	101	64.1257	0.634908	0.634908
mutation2335	101	101	46.0411	0.455853	0.455853
mutation2336	101	101	4.50815	0.0446352	0.0446352
mutation2337	101	101	81.1753	0.803716	0.803716
mutation2338	101	101	97.7255	0.967579	0.967579
mutation2339	101	101	44.9739	0.445286	0.445286
mutation2340	101	101	23.2459	0.230158	0.230158
mutation2341	101	101	72.0378	0.713245	0.713245
mutation2342	101	101	64.8313	0.641894	0.641894
mutation2343	101	101	37.4588	0.370879	0.370879
mutation2344	101	101	35.4672	0.351161	0.351161
mutation2345	101	101	38.7819	0.383979	0.383979
mutation2346	101	101	13.5943	0.134597	0.134597
mutation2347	101	101	50.5653	0.500647	0.500647
mutation2348	101	101	5.23483	0.05183	0.05183
mutation2349	101	101	57.2669	0.566999	0.566999
mutation2350	101	101	7.01713	0.0694765	0.0694765
mutation2351	101	101	68.6246	0.679452	0.679452
mutation2352	101	101	28.2313	0.279518	0.279518
mutation2353	101	101	8.88116	0.0879323	0.0879323
mutation2354	101	101	54.1108	0.53575	0.53575
mutation2355	101	101	91.3425	0.904382	0.904382
mutation2356	101	101	39.9027	0.395076	0.395076
mutation2357	101	101	50.6962	0.501943	0.501943
mutation2358	101	101	63.8601	0.632278	0.632278
mutation2359	101	101	91.5085	0.906024	0.906024
mutation2360	101	0	0	0	0
mutation2361	101	101	57.4073	0.568389	0.568389
mutation2362	101	101	78.4678	0.776909	0.776909
mutation2363	101	101	32.3224	0.320024	0.320024
mutation2364	101	70	49.7338	0.492413	0.710482
mutation2365	101	88	37.0493	0.366825	0.421015
mutation2366	101	101	65.2838	0.646375	0.646375
mutation2367	101	101	75.9196	0.751679	0.751679
mutation2368	101	101	54.6371	0.540962	0.540962
mutation2369	101	101	0.942193	0.00932865	0.00932865
mutation2370	101	101	30.4327	0.301314	0.301314
mutation2371	101	101	92.3247	0.914106	0.914106
mutation2372	101	101	93.3428	0.924186	0.924186
mutation2373	101	101	33.0445	0.327173	0.327173
mutation2374	101	101	31.5949	0.312821	0.312821
mutation2375	101	101	89.6697	0.887819	0.887819
mutation2376	101	101	4.03459	0.0399465	0.0399465
mutation2377	101	101	76.4205	0.756639	0.756639
mutation2378	101	101	5.38199	0.053287	0.053287
mutation2379	101	101	36.6119	0.362494	0.362494
mutation2380	101	101	93.5068	0.92581	0.92581
mutation2381	101	101	34.2706	0.339312	0.339312
mutation2382	101	101	84.0764	0.83244	0.83244
mutation2383	101	101	59.6185	0.590282	0.590282
mutation2384	101	101	17.7009	0.175257	0.175257
mutation2385	101	101	42.7748	0.423513	0.423513
mutation2386	101	101	81.5984	0.807905	0.807905
mutation2387	101	101	7.99479	0.0791563	0.0791563
mutation2388	101	101	51.6522	0.511408	0.511408
mutation2389	101	101	93.1127	0.921908	0.921908
mutation2390	101	101	27.5084	0.27236	0.27236
mutation2391	101	101	2.17701	0.0215546	0.0215546
mutation2392	101	101	37.3651	0.369951	0.369951
mutation2393	101	101	33.0986	0.327709	0.327709
mutation2394	101	101	25.0013	0.247537	0.247537
mutation2395	101	101	66.4013	0.657438	0.657438
mutation2396	101	101	50.5295	0.500292	0.500292
mutation2397	101	101	49.7832	0.492903	0.492903
mutation2398	101	101	20.1163	0.199171	0.199171
mutation2399	101	101	10.1741	0.100733	0.100733
mutation2400	101	101	36.5993	0.362369	0.362369
mutation2401	101	101	32.3367	0.320165	0.320165
mutation2402	101	101	2.55444	0.0252915	0.0252915
mutation2403	101	101	31.2623	0.309527	0.309527
mutation2404	101	101	81.2546	0.804501	0.804501
mutation2405	101	101	58.1271	0.575516	0.575516
mutation2406	101	101	23.3445	0.231134	0.231134
mutation2407	101	0	0	0	0
mutation2408	101	89	88.0048	0.871335	0.988818
mutation2409	101	101	99.8135	0.988253	0.988253
mutation2410	101	101	63.5702	0.629408	0.629408
mutation2411	101	101	98.7982	0.9782	0.9782
mutation2412	101	101	62.1258	0.615107	0.615107
mutation2413	101	101	34.9611	0.346149	0.346149
mutation2414	101	101	75.2024	0.744578	0.744578
mutation2415	101	101	67.4839	0.668158	0.668158
mutation2416	101	101	15.9902	0.158319	0.158319
mutation2417	101	0	0	0	0
mutation2418	101	101	81.9476	0.811362	0.811362
mutation2419	101	101	13.1749	0.130445	0.130445
mutation2420	101	101	56.7294	0.561677	0.561677
mutation2421	101	101	41.1837	0.407759	0.407759
mutation2422	101	101	88.9884	0.881073	0.881073
mutation2423	101	101	53.5882	0.530576	0.530576
mutation2424	101	101	92.4322	0.91517	0.91517
mutation2425	101	101	47.2968	0.468285	0.468285
mutation2426	101	101	64.5104	0.638717	0.638717
mutation2427	101	101	75.0559	0.743128	0.743128
mutation2428	101	101	87.66	0.867921	0.867921
mutation2429	101	69	68.8994	0.682172	0.998541
mutation2430	101	101	94.5537	0.936176	0.936176
mutation2431	101	101	19.3211	0.191298	0.191298
mutation2432	101	101	54.2222	0.536853	0.536853
mutation2433	101	101	79.7448	0.789552	0.789552
mutation2434	101	101	22.3556	0.221343	0.221343
mutation2435	101	101	71.1877	0.704829	0.704829
mutation2436	101	101	58.7646	0.581828	0.581828
mutation2437	101	101	30.2571	0.299575	0.299575
mutation2438	101	101	19.2136	0.190234	0.190234
mutation2439	101	101	14.9895	0.148411	0.148411
mutation2440	101	101	73.39	0.726634	0.726634
mutation2441	101	101	33.2105	0.328817	0.328817
mutation2442	101	101	77.1161	0.763525	0.763525
mutation2443	101	101	74.5248	0.73787	0.73787
mutation2444	101	101	91.7549	0.908465	0.908465
mutation2445	101	101	70.2691	0.695734	0.695734
mutation2446	101	101	81.4231	0.806169	0.806169
mutation2447	101	101	68.651	0.679713	0.679713
mutation2448	101	101	16.8045	0.166381	0.166381
mutation2449	101	101	47.7486	0.472758	0.472758
mutation2450	101	101	25.19	0.249406	0.249406
mutation2451	101	101	73.9	0.731683	0.731683
mutation2452	101	101	32.2065	0.318876	0.318876
mutation2453	101	101	23.1108	0.22882	0.22882
mutation2454	101	101	43.5017	0.43071	0.43071
mutation2455	101	101	44.3846	0.439452	0.439452
mutation2456	101	101	64.9612	0.64318	0.64318
mutation2457	101	101	88.0279	0.871564	0.871564
mutation2458	101	101	37.0298	0.366632	0.366632
mutation2459	101	101	4.61715	0.0457143	0.0457143
mutation2460	101	0	0	0	0
mutation2461	101	101	82.6537	0.818354	0.818354
mutation2462	101	101	27.3318	0.270612	0.270612
mutation2463	101	101	2.67789	0.0265138	0.0265138
mutation2464	101	101	48.58	0.48099	0.48099
mutation2465	101	101	75.0199	0.742771	0.742771
mutation2466	101	101	46.764	0.46301	0.46301
mutation2467	101	101	52.5934	0.520727	0.520727
mutation2468	101	101	73.79	0.730594	0.730594
mutation2469	101	101	88.377	0.87502	0.87502
mutation2470	101	101	95.574	0.946278	0.946278
mutation2471	101	101	42.5113	0.420904	0.420904
mutation2472	101	101	74.0381	0.73305	0.73305
mutation2473	101	101	83.4463	0.826201	0.826201
mutation2474	101	101	82.0504	0.81238	0.81238
mutation2475	101	101	59.0873	0.585022	0.585022
mutation2476	101	101	43.1226	0.426956	0.426956
mutation2477	101	101	22.0454	0.218271	0.218271
mutation2478	101	101	13.4897	0.133561	0.133561
mutation2479	101	101	16.7771	0.16611	0.16611
mutation2480	101	101	40.9952	0.405893	0.405893
mutation2481	101	101	87.0977	0.862354	0.862354
mutation2482	101	0	0	0	0
mutation2483	101	101	24.1703	0.23931	0.23931
mutation2484	101	101	33.3701	0.330397	0.330397
mutation2485	101	70	25.021	0.247733	0.357443
mutation2486	101	91	65.6352	0.649854	0.721266
mutation2487	101	101	55.7051	0.551536	0.551536
mutation2488	101	101	15.5145	0.153609	0.153609
mutation2489	101	101	16.6119	0.164474	0.164474
mutation2490	101	101	41.9401	0.415248	0.415248
mutation2491	101	101	80.7658	0.799662	0.799662
mutation2492	101	101	89.5183	0.88632	0.88632
mutation2493	101	101	90.2948	0.894008	0.894008
mutation2494	101	101	11.2381	0.111268	0.111268
mutation2495	101	101	22.9704	0.22743	0.22743
mutation2496	101	101	29.665	0.293713	0.293713
mutation2497	101	101	46.8423	0.463785	0.463785
mutation2498	101	101	91.9834	0.910727	0.910727
mutation2499	101	101	66.6835	0.660233	0.660233
mutation2500	101	101	52.5661	0.520457	0.520457
mutation2501	101	0	0	0	0
mutation2502	101	0	0	0	0
mutation2503	101	101	95.047	0.94106	0.94106
mutation2504	101	101	61.8188	0.612067	0.612067
mutation2505	101	101	75.9948	0.752423	0.752423
mutation2506	101	101	29.1504	0.288618	0.288618
mutation2507	101	101	97.9859	0.970157	0.970157
mutation2508	101	101	98.5894	0.976132	0.976132
mutation2509	101	49	3.52416	0.0348927	0.0719217
mutation2510	101	51	29.7647	0.2947	0.583622
mutation2511	101	0	0	0	0
mutation2512	101	101	75.9752	0.752229	0.752229
mutation2513	101	101	43.8072	0.433735	0.433735
mutation2514	101	101	89.4068	0.885216	0.885216
mutation2515	101	101	38.1969	0.378187	0.378187
mutation2516	101	101	3.70445	0.0366777	0.0366777
mutation2517	101	101	71.2559	0.705504	0.705504
mutation2518	101	101	100.875	0.998762	0.998762
mutation2519	101	101	72.2236	0.715085	0.715085
mutation2520	101	101	69.2137	0.685284	0.685284
mutation2521	101	101	4.8868	0.0483842	0.0483842
mutation2522	101	101	73.5772	0.728487	0.728487
mutation2523	101	101	18.6981	0.18513	0.18513
mutation2524	101	101	47.8987	0.474245	0.474245
mutation2525	101	101	34.2133	0.338746	0.338746
mutation2526	101	101	58.6057	0.580254	0.580254
mutation2527	101	101	72.7701	0.720496	0.720496
mutation2528	101	101	61.2875	0.606807	0.606807
mutation2529	101	101	54.5665	0.540263	0.540263
mutation2530	101	101	31.9298	0.316137	0.316137
mutation2531	101	101	34.4755	0.341342	0.341342
mutation2532	101	101	11.9592	0.118408	0.118408
mutation2533	101	101	77.3458	0.7658	0.7658
mutation2534	101	0	0	0	0
mutation2535	101	101	37.0015	0.366352	0.366352
mutation2536	101	101	83.8059	0.829762	0.829762
mutation2537	101	48	30.6639	0.303603	0.638832
mutation2538	101	101	76.8198	0.760592	0.760592
mutation2539	101	101	76.9476	0.761857	0.761857
mutation2540	101	101	50.5821	0.500813	0.500813
mutation2541	101	101	2.25347	0.0223116	0.0223116
mutation2542	101	101	38.1466	0.377689	0.377689
mutation2543	101	101	94.8425	0.939035	0.939035
mutation2544	101	101	78.0534	0.772806	0.772806
mutation2545	101	101	46.0014	0.455459	0.455459
mutation2546	101	101	92.2306	0.913174	0.913174
mutation2547	101	101	46.1452	0.456883	0.456883
mutation2548	101	101	85.2165	0.843728	0.843728
mutation2549	101	101	20.2527	0.200521	0.200521
mutation2550	101	101	72.0859	0.713722	0.713722
mutation2551	101	101	90.0721	0.891803	0.891803
mutation2552	101	101	16.5157	0.163522	0.163522
mutation2553	101	101	31.0663	0.307587	0.307587
mutation2554	101	101	50.3501	0.498516	0.498516
mutation2555	101	101	76.0063	0.752537	0.752537
mutation2556	101	101	44.4575	0.440174	0.440174
mutation2557	101	101	34.2651	0.339258	0.339258
mutation2558	101	101	31.4191	0.31108	0.31108
mutation2559	101	101	88.0217	0.871502	0.871502
mutation2560	101	101	82.4483	0.81632	0.81632
mutation2561	101	101	29.2824	0.289924	0.289924
mutation2562	101	101	69.6659	0.689761	0.689761
mutation2563	101	101	90.3224	0.894281	0.894281
mutation2564	101	101	60.6745	0.600737	0.600737
mutation2565	101	101	27.6863	0.274121	0.274121
mutation2566	101	101	57.3887	0.568205	0.568205
mutation2567	101	101	67.2905	0.666242	0.666242
mutation2568	101	72	33.8811	0.335456	0.470571
mutation2569	101	101	34.309	0.339693	0.339693
mutation2570	101	101	97.773	0.968049	0.968049
mutation2571	101	101	100.055	0.990644	0.990644
mutation2572	101	101	62.4311	0.61813	0.61813
mutation2573	101	101	6.79832	0.0673101	0.0673101
mutation2574	101	101	59.3802	0.587923	0.587923
mutation2575	101	101	35.4252	0.350744	0.350744
mutation2576	101	101	94.4696	0.935343	0.935343
mutation2577	101	101	92.328	0.914139	0.914139
mutation2578	101	101	51.9116	0.513976	0.513976
mutation2579	101	101	48.4051	0.479258	0.479258
mutation2580	101	101	60.3705	0.597728	0.597728
mutation2581	101	101	35.0102	0.346636	0.346636
mutation2582	101	101	63.6131	0.629833	0.629833
mutation2583	101	101	57.2316	0.56665	0.56665
mutation2584	101	101	97.1881	0.962258	0.962258
mutation2585	101	101	99.0731	0.980922	0.980922
mutation2586	101	101	22.3505	0.221292	0.221292
mutation2587	101	101	58.9212	0.583378	0.583378
mutation2588	101	101	18.1477	0.17968	0.17968
mutation2589	101	101	14.3756	0.142333	0.142333
mutation2590	101	50	49.4171	0.489278	0.988342
mutation2591	101	101	74.4711	0.737338	0.737338
mutation2592	101	101	96.6537	0.956968	0.956968
mutation2593	101	101	23.7194	0.234845	0.234845
mutation2594	101	101	52.4892	0.519695	0.519695
mutation2595	101	101	37.3091	0.369397	0.369397
mutation2596	101	101	58.4798	0.579008	0.579008
mutation2597	101	101	59.9973	0.594033	0.594033
mutation2598	101	101	94.8765	0.939371	0.939371
mutation2599	101	101	79.8209	0.790306	0.790306
mutation2600	101	101	84.8138	0.839741	0.839741
mutation2601	101	101	82.9615	0.821401	0.821401
mutation2602	101	101	88.6153	0.877379	0.877379
mutation2603	101	101	89.1269	0.882444	0.882444
mutation2604	101	101	93.5037	0.92578	0.92578
mutation2605	101	101	98.8679	0.97889	0.97889
mutation2606	101	101	6.11742	0.0605686	0.0605686
mutation2607	101	101	58.1479	0.575722	0.575722
mutation2608	101	101	70.2361	0.695407	0.695407
mutation2609	101	101	92.4154	0.915004	0.915004
mutation2610	101	101	56.6239	0.560633	0.560633
mutation2611	101	101	28.515	0.282327	0.282327
mutation2612	101	101	18.2305	0.1805	0.1805
mutation2613	101	101	60.1578	0.595622	0.595622
mutation2614	101	101	21.8332	0.21617	0.21617
mutation2615	101	101	77.0657	0.763027	0.763027
mutation2616	101	101	11.0276	0.109184	0.109184
mutation2617	101	101	51.1756	0.506689	0.506689
mutation2618	101	101	94.2933	0.933597	0.933597
mutation2619	101	101	85.8079	0.849583	0.849583
mutation2620	101	101	38.2617	0.378829	0.378829
mutation2621	101	101	64.2486	0.636125	0.636125
mutation2622	101	101	62.937	0.623139	0.623139
mutation2623	101	101	22.9486	0.227214	0.227214
mutation2624	101	101	40.1601	0.397625	0.397625
mutation2625	101	101	98.9645	0.979847	0.979847
mutation2626	101	101	89.2644	0.883806	0.883806
mutation2627	101	101	100.029	0.990391	0.990391
mutation2628	101	101	96.0096	0.950591	0.950591
mutation2629	101	101	97.9837	0.970136	0.970136
mutation2630	101	101	35.3965	0.350461	0.350461
mutation2631	101	101	11.8661	0.117486	0.117486
mutation2632	101	101	50.2532	0.497557	0.497557
mutation2633	101	101	69.0726	0.683887	0.683887
mutation2634	101	101	71.0334	0.703301	0.703301
mutation2635	101	101	71.4765	0.707689	0.707689
mutation2636	101	101	93.9789	0.930484	0.930484
mutation2637	101	101	82.1614	0.813479	0.813479
mutation2638	101	101	15.7774	0.156211	0.156211
mutation2639	101	0	0	0	0
mutation2640	101	101	28.5042	0.282219	0.282219
mutation2641	101	101	1.29867	0.0128582	0.0128582
mutation2642	101	101	33.4507	0.331195	0.331195
mutation2643	101	101	10.9003	0.107923	0.107923
mutation2644	101	101	41.4936	0.410828	0.410828
mutation2645	101	101	32.869	0.325436	0.325436
mutation2646	101	0	0	0	0
mutation2647	101	101	76.2269	0.754722	0.754722
mutation2648	101	101	26.3437	0.260828	0.260828
mutation2649	101	101	41.9331	0.415179	0.415179
mutation2650	101	101	8.80159	0.0871445	0.0871445
mutation2651	101	101	58.9221	0.583387	0.583387
mutation2652	101	101	92.0029	0.910919	0.910919
mutation2653	101	101	65.8017	0.651502	0.651502
mutation2654	101	101	79.2869	0.785019	0.785019
mutation2655	101	101	5.64561	0.0558971	0.0558971
mutation2656	101	101	70.7389	0.700385	0.700385
mutation2657	101	101	23.264	0.230337	0.230337
mutation2658	101	89	87.8887	0.870185	0.987513
mutation2659	101	101	19.5798	0.19386	0.19386
mutation2660	101	101	17.6921	0.175169	0.175169
mutation2661	101	101	20.4743	0.202716	0.202716
mutation2662	101	101	57.918	0.573445	0.573445
mutation2663	101	101	97.2512	0.962883	0.962883
mutation2664	101	101	81.4051	0.805991	0.805991
mutation2665	101	101	56.7417	0.561799	0.561799
mutation2666	101	101	58.9265	0.583431	0.583431
mutation2667	101	101	9.07623	0.0898636	0.0898636
mutation2668	101	101	70.8116	0.701105	0.701105
mutation2669	101	101	78.5871	0.77809	0.77809
mutation2670	101	101	68.183	0.675079	0.675079
mutation2671	101	101	6.32163	0.0625904	0.0625904
mutation2672	101	101	42.3051	0.418862	0.418862
mutation2673	101	101	80.9515	0.8015	0.8015
mutation2674	101	101	96.7765	0.958183	0.958183
mutation2675	101	101	1.08912	0.0107834	0.0107834
mutation2676	101	101	33.3393	0.330092	0.330092
mutation2677	101	101	4.78716	0.0473976	0.0473976
mutation2678	101	101	53.5184	0.529885	0.529885
mutation2679	101	101	40.7074	0.403044	0.403044
mutation2680	101	101	50.8455	0.50342	0.50342
mutation2681	101	101	9.47444	0.0938063	0.0938063
mutation2682	101	101	12.0256	0.119065	0.119065
mutation2683	101	101	95.1276	0.941858	0.941858
mutation2684	101	101	63.3111	0.626842	0.626842
mutation2685	101	101	90.2451	0.893516	0.893516
mutation2686	101	101	15.0704	0.149212	0.149212
mutation2687	101	101	16.4872	0.16324	0.16324
mutation2688	101	101	35.3077	0.349581	0.349581
mutation2689	101	101	80.3426	0.795471	0.795471
mutation2690	101	101	3.88255	0.0384411	0.0384411
mutation2691	101	101	16.8414	0.166747	0.166747
mutation2692	101	101	34.1792	0.338408	0.338408
mutation2693	101	101	90.9048	0.900047	0.900047
mutation2694	101	101	49.1097	0.486234	0.486234
mutation2695	101	101	12.4007	0.122779	0.122779
mutation2696	101	101	10.1224	0.100222	0.100222
mutation2697	101	101	67.8356	0.67164	0.67164
mutation2698	101	101	24.1244	0.238856	0.238856
mutation2699	101	101	30.0716	0.297738	0.297738
mutation2700	101	101	6.451	0.0638713	0.0638713
mutation2701	101	101	45.1294	0.446825	0.446825
mutation2702	101	101	98.9606	0.979808	0.979808
mutation2703	101	101	29.0462	0.287586	0.287586
mutation2704	101	101	18.4536	0.182709	0.182709
mutation2705	101	101	20.7806	0.205749	0.205749
mutation2706	101	101	33.5191	0.331872	0.331872
mutation2707	101	0	0	0	0
mutation2708	101	101	94.8478	0.939087	0.939087
mutation2709	101	101	93.3414	0.924172	0.924172
mutation2710	101	101	77.446	0.766792	0.766792
mutation2711	101	101	88.4783	0.876022	0.876022
mutation2712	101	101	68.3282	0.676517	0.676517
mutation2713	101	101	28.8095	0.285243	0.285243
mutation2714	101	101	78.2279	0.774534	0.774534
mutation2715	101	60	23.8216	0.235857	0.397026
mutation2716	101	101	22.3094	0.220885	0.220885
mutation2717	101	0	0	0	0
mutation2718	101	101	66.5285	0.658698	0.658698
mutation2719	101	101	89.4544	0.885687	0.885687
mutation2720	101	101	47.95	0.474752	0.474752
mutation2721	101	101	74.1985	0.734638	0.734638
mutation2722	101	101	25.9157	0.256591	0.256591
mutation2723	101	101	49.5176	0.490273	0.490273
mutation2724	101	101	11.5482	0.114339	0.114339
mutation2725	101	101	7.28745	0.072153	0.072153
mutation2726	101	101	30.7313	0.30427	0.30427
mutation2727	101	101	85.493	0.846466	0.846466
mutation2728	101	101	58.1974	0.576212	0.576212
mutation2729	101	101	70.3201	0.696239	0.696239
mutation2730	101	101	37.0626	0.366956	0.366956
mutation2731	101	101	81.2879	0.80483	0.80483
mutation2732	101	101	61.0071	0.60403	0.60403
mutation2733	101	101	76.0931	0.753397	0.753397
mutation2734	101	101	55.4701	0.549209	0.549209
mutation2735	101	101	74.0448	0.733117	0.733117
mutation2736	101	101	79.2796	0.784947	0.784947
mutation2737	101	101	40.4999	0.400989	0.400989
mutation2738	101	0	0	0	0
mutation2739	101	51	38.6941	0.38311	0.758708
mutation2740	101	101	82.0054	0.811934	0.811934
mutation2741	101	101	55.6331	0.550823	0.550823
mutation2742	101	101	56.9769	0.564128	0.564128
mutation2743	101	101	36.6842	0.36321	0.36321
mutation2744	101	101	24.9378	0.246909	0.246909
mutation2745	101	101	67.4755	0.668074	0.668074
mutation2746	101	101	48.6077	0.481264	0.481264
mutation2747	101	101	35.1668	0.348186	0.348186
mutation2748	101	0	0	0	0
mutation2749	101	101	30.7875	0.304826	0.304826
mutation2750	101	101	16.3283	0.161666	0.161666
mutation2751	101	101	15.91	0.157524	0.157524
mutation2752	101	101	71.7666	0.71056	0.71056
mutation2753	101	101	61.3127	0.607056	0.607056
mutation2754	101	101	77.823	0.770525	0.770525
mutation2755	101	101	56.9339	0.563702	0.563702
mutation2756	101	101	84.9527	0.841116	0.841116
mutation2757	101	101	90.3224	0.894281	0.894281
mutation2758	101	101	48.6825	0.482005	0.482005
mutation2759	101	101	18.4268	0.182444	0.182444
mutation2760	101	101	11.0824	0.109726	0.109726
mutation2761	101	101	67.2767	0.666106	0.666106
mutation2762	101	101	9.99823	0.0989924	0.0989924
mutation2763	101	101	41.7574	0.41344	0.41344
mutation2764	101	101	16.7055	0.165401	0.165401
mutation2765	101	101	52.7146	0.521927	0.521927
mutation2766	101	101	89.2033	0.883201	0.883201
mutation2767	101	101	86.7464	0.858875	0.858875
mutation2768	101	101	52.6006	0.520798	0.520798
mutation2769	101	101	66.2011	0.655456	0.655456
mutation2770	101	101	76.4868	0.757295	0.757295
mutation2771	101	101	52.6778	0.521563	0.521563
mutation2772	101	101	83.7966	0.829669	0.829669
mutation2773	101	67	57.4063	0.568379	0.85681
mutation2774	101	101	73.9752	0.732428	0.732428
mutation2775	101	101	34.8511	0.34506	0.34506
mutation2776	101	101	72.5537	0.718353	0.718353
mutation2777	101	101	75.1806	0.744363	0.744363
mutation2778	101	101	47.9372	0.474626	0.474626
mutation2779	101	101	80.6502	0.798516	0.798516
mutation2780	101	101	65.6996	0.650492	0.650492
mutation2781	101	101	68.5243	0.678458	0.678458
mutation2782	101	101	58.4239	0.578455	0.578455
mutation2783	101	12	5.97207	0.0591294	0.497672
mutation2784	101	101	100.373	0.993796	0.993796
mutation2785	101	101	17.8387	0.176621	0.176621
mutation2786	101	101	65.3951	0.647477	0.647477
mutation2787	101	101	1.61645	0.0160044	0.0160044
mutation2788	101	51	36.6586	0.362957	0.718797
mutation2789	101	101	39.6011	0.392091	0.392091
mutation2790	101	101	75.4027	0.746561	0.746561
mutation2791	101	101	21.5446	0.213313	0.213313
mutation2792	101	101	81.1102	0.803071	0.803071
mutation2793	101	101	93.1575	0.922352	0.922352
mutation2794	101	101	51.6303	0.511191	0.511191
mutation2795	101	101	78.7883	0.780082	0.780082
mutation2796	101	101	83.2669	0.824425	0.824425
mutation2797	101	101	85.4839	0.846375	0.846375
mutation2798	101	101	35.8739	0.355188	0.355188
mutation2799	101	101	4.51487	0.0447017	0.0447017
mutation2800	101	101	53.8476	0.533145	0.533145
mutation2801	101	19	17.9953	0.178171	0.94712
mutation2802	101	101	35.6691	0.35316	0.35316
mutation2803	101	101	50.1474	0.496509	0.496509
mutation2804	101	101	25.0967	0.248482	0.248482
mutation2805	101	101	48.1964	0.477192	0.477192
mutation2806	101	101	86.9619	0.861009	0.861009
mutation2807	101	101	69.734	0.690436	0.690436
mutation2808	101	101	53.7557	0.532235	0.532235
mutation2809	101	101	46.5628	0.461018	0.461018
mutation2810	101	101	30.1726	0.298739	0.298739
mutation2811	101	101	99.1335	0.98152	0.98152
mutation2812	101	94	72.041	0.713277	0.766393
mutation2813	101	101	50.8091	0.503061	0.503061
mutation2814	101	101	81.4768	0.806701	0.806701
mutation2815	101	101	19.7217	0.195264	0.195264
mutation2816	101	101	90.4809	0.895851	0.895851
mutation2817	101	101	34.8106	0.344659	0.344659
mutation2818	101	101	71.3564	0.706499	0.706499
mutation2819	101	101	16.1416	0.159818	0.159818
mutation2820	101	101	28.7919	0.285069	0.285069
mutation2821	101	101	97.1081	0.961466	0.961466
mutation2822	101	101	100.543	0.995478	0.995478
mutation2823	101	101	87.5173	0.866508	0.866508
mutation2824	101	101	1.96375	0.019443	0.019443
mutation2825	101	0	0	0	0
mutation2826	101	101	28.2507	0.27971	0.27971
mutation2827	101	101	13.1718	0.130414	0.130414
mutation2828	101	101	78.272	0.77497	0.77497
mutation2829	101	101	32.1215	0.318034	0.318034
mutation2830	101	101	64.7431	0.641021	0.641021
mutation2831	101	0	0	0	0
mutation2832	101	101	12.7477	0.126214	0.126214
mutation2833	101	101	62.287	0.616703	0.616703
mutation2834	101	101	80.726	0.799267	0.799267
mutation2835	101	51	12.9183	0.127904	0.253299
mutation2836	101	101	23.1002	0.228715	0.228715
mutation2837	101	101	5.6894	0.0563307	0.0563307
mutation2838	101	0	0	0	0
mutation2839	101	101	75.0392	0.742962	0.742962
mutation2840	101	101	58.8516	0.582689	0.582689
mutation2841	101	101	43.0274	0.426014	0.426014
mutation2842	101	101	15.9698	0.158117	0.158117
mutation2843	101	101	29.9987	0.297017	0.297017
mutation2844	101	101	68.9279	0.682454	0.682454
mutation2845	101	101	89.7368	0.888483	0.888483
mutation2846	101	101	31.3111	0.310011	0.310011
mutation2847	101	101	3.09361	0.0306298	0.0306298
mutation2848	101	101	28.2253	0.279459	0.279459
mutation2849	101	101	91.2686	0.903649	0.903649
mutation2850	101	101	37.0096	0.366431	0.366431
mutation2851	101	101	12.0254	0.119063	0.119063
mutation2852	101	101	48.7488	0.482661	0.482661
mutation2853	101	101	10.4362	0.103328	0.103328
mutation2854	101	101	15.7838	0.156275	0.156275
mutation2855	101	101	33.7336	0.333996	0.333996
mutation2856	101	101	55.5362	0.549863	0.549863
mutation2857	101	101	87.0957	0.862334	0.862334
mutation2858	101	101	42.315	0.41896	0.41896
mutation2859	101	101	74.5124	0.737747	0.737747
mutation2860	101	101	50.9105	0.504064	0.504064
mutation2861	101	101	85.9397	0.850888	0.850888
mutation2862	101	101	38.7166	0.383333	0.383333
mutation2863	101	101	66.1293	0.654745	0.654745
mutation2864	101	101	16.6507	0.164859	0.164859
mutation2865	101	101	19.7534	0.195579	0.195579
mutation2866	101	101	14.8219	0.146752	0.146752
mutation2867	101	101	67.8452	0.671735	0.671735
