mutation1	101	101	2800	27.7228	27.7228
mutation2	101	101	4220	41.7822	41.7822
mutation3	101	101	2660	26.3366	26.3366
mutation4	101	101	3120	30.8911	30.8911
mutation5	101	101	3780	37.4257	37.4257
mutation6	101	101	3780	37.4257	37.4257
mutation7	101	101	3940	39.0099	39.0099
mutation8	101	101	4800	47.5248	47.5248
mutation9	101	101	3580	35.4455	35.4455
mutation10	101	101	3340	33.0693	33.0693
mutation11	101	101	2480	24.5545	24.5545
mutation12	101	101	4520	44.7525	44.7525
mutation13	101	101	3140	31.0891	31.0891
mutation14	101	101	4740	46.9307	46.9307
mutation15	101	101	5060	50.099	50.099
mutation16	101	101	4540	44.9505	44.9505
mutation17	101	101	3160	31.2871	31.2871
mutation18	101	101	2820	27.9208	27.9208
mutation19	101	101	6240	61.7822	61.7822
mutation20	101	101	4860	48.1188	48.1188
mutation21	101	101	2860	28.3168	28.3168
mutation22	101	101	4200	41.5842	41.5842
mutation23	101	101	4500	44.5545	44.5545
mutation24	101	101	3860	38.2178	38.2178
mutation25	101	101	4020	39.802	39.802
mutation26	101	101	2420	23.9604	23.9604
mutation27	101	101	4040	40	40
mutation28	101	101	3620	35.8416	35.8416
mutation29	101	101	3900	38.6139	38.6139
mutation30	101	101	5060	50.099	50.099
mutation31	101	101	3280	32.4752	32.4752
mutation32	101	101	2140	21.1881	21.1881
mutation33	101	101	3280	32.4752	32.4752
mutation34	101	101	5340	52.8713	52.8713
mutation35	101	101	3160	31.2871	31.2871
mutation36	101	101	3020	29.901	29.901
mutation37	101	101	4600	45.5446	45.5446
mutation38	101	101	3880	38.4158	38.4158
mutation39	101	101	3840	38.0198	38.0198
mutation40	101	101	2860	28.3168	28.3168
mutation41	101	101	2720	26.9307	26.9307
mutation42	101	101	2220	21.9802	21.9802
mutation43	101	101	3020	29.901	29.901
mutation44	101	101	4480	44.3564	44.3564
mutation45	101	101	4160	41.1881	41.1881
mutation46	101	101	4540	44.9505	44.9505
mutation47	101	101	3220	31.8812	31.8812
mutation48	101	101	3220	31.8812	31.8812
mutation49	101	101	3940	39.0099	39.0099
mutation50	101	101	4440	43.9604	43.9604
mutation51	101	101	2020	20	20
mutation52	101	101	6240	61.7822	61.7822
mutation53	101	101	2360	23.3663	23.3663
mutation54	101	101	4160	41.1881	41.1881
mutation55	101	101	3600	35.6436	35.6436
mutation56	101	101	3900	38.6139	38.6139
mutation57	101	101	2900	28.7129	28.7129
mutation58	101	101	3760	37.2277	37.2277
mutation59	101	101	6840	67.7228	67.7228
mutation60	101	101	5660	56.0396	56.0396
mutation61	101	101	4600	45.5446	45.5446
mutation62	101	101	2360	23.3663	23.3663
mutation63	101	101	3480	34.4554	34.4554
mutation64	101	101	3720	36.8317	36.8317
mutation65	101	101	4760	47.1287	47.1287
mutation66	101	101	4980	49.3069	49.3069
mutation67	101	101	4960	49.1089	49.1089
mutation68	101	101	3320	32.8713	32.8713
mutation69	101	101	2540	25.1485	25.1485
mutation70	101	101	4860	48.1188	48.1188
mutation71	101	101	3420	33.8614	33.8614
mutation72	101	101	4480	44.3564	44.3564
mutation73	101	101	3680	36.4356	36.4356
mutation74	101	101	4540	44.9505	44.9505
mutation75	101	101	3660	36.2376	36.2376
mutation76	101	101	3620	35.8416	35.8416
mutation77	101	101	3640	36.0396	36.0396
mutation78	101	101	2420	23.9604	23.9604
mutation79	101	101	4140	40.9901	40.9901
mutation80	101	101	3060	30.297	30.297
mutation81	101	101	4820	47.7228	47.7228
mutation82	101	101	4540	44.9505	44.9505
mutation83	101	101	5080	50.297	50.297
mutation84	101	101	4620	45.7426	45.7426
mutation85	101	101	4240	41.9802	41.9802
mutation86	101	101	4100	40.5941	40.5941
mutation87	101	101	2000	19.802	19.802
mutation88	101	101	4060	40.198	40.198
mutation89	101	101	4140	40.9901	40.9901
mutation90	101	101	5740	56.8317	56.8317
mutation91	101	101	4660	46.1386	46.1386
mutation92	101	101	4600	45.5446	45.5446
mutation93	101	101	3840	38.0198	38.0198
mutation94	101	101	4060	40.198	40.198
mutation95	101	101	4540	44.9505	44.9505
mutation96	101	101	3320	32.8713	32.8713
mutation97	101	101	3120	30.8911	30.8911
mutation98	101	101	5020	49.703	49.703
mutation99	101	101	2640	26.1386	26.1386
mutation100	101	101	2660	26.3366	26.3366
mutation101	101	101	2220	21.9802	21.9802
mutation102	101	101	3200	31.6832	31.6832
mutation103	101	101	2140	21.1881	21.1881
mutation104	101	101	3100	30.6931	30.6931
mutation105	101	101	2120	20.9901	20.9901
mutation106	101	101	5220	51.6832	51.6832
mutation107	101	101	4620	45.7426	45.7426
mutation108	101	101	3040	30.099	30.099
mutation109	101	101	3660	36.2376	36.2376
mutation110	101	101	3180	31.4851	31.4851
mutation111	101	101	3480	34.4554	34.4554
mutation112	101	101	3740	37.0297	37.0297
mutation113	101	101	3720	36.8317	36.8317
mutation114	101	101	3040	30.099	30.099
mutation115	101	101	4820	47.7228	47.7228
mutation116	101	101	4980	49.3069	49.3069
mutation117	101	101	4160	41.1881	41.1881
mutation118	101	101	2020	20	20
mutation119	101	101	4180	41.3861	41.3861
mutation120	101	101	4980	49.3069	49.3069
mutation121	101	101	4020	39.802	39.802
mutation122	101	101	3100	30.6931	30.6931
mutation123	101	101	5320	52.6733	52.6733
mutation124	101	101	5520	54.6535	54.6535
mutation125	101	101	5760	57.0297	57.0297
mutation126	101	101	4320	42.7723	42.7723
mutation127	101	101	4180	41.3861	41.3861
mutation128	101	101	4200	41.5842	41.5842
mutation129	101	101	4440	43.9604	43.9604
mutation130	101	101	5020	49.703	49.703
mutation131	101	101	3440	34.0594	34.0594
mutation132	101	101	3740	37.0297	37.0297
mutation133	101	101	4320	42.7723	42.7723
mutation134	101	101	4420	43.7624	43.7624
mutation135	101	101	2740	27.1287	27.1287
mutation136	101	101	3240	32.0792	32.0792
mutation137	101	101	3060	30.297	30.297
mutation138	101	101	4820	47.7228	47.7228
mutation139	101	101	2580	25.5446	25.5446
mutation140	101	101	4680	46.3366	46.3366
mutation141	101	101	3680	36.4356	36.4356
mutation142	101	101	3260	32.2772	32.2772
mutation143	101	101	3380	33.4653	33.4653
mutation144	101	101	3160	31.2871	31.2871
mutation145	101	101	4140	40.9901	40.9901
mutation146	101	101	4660	46.1386	46.1386
mutation147	101	101	4800	47.5248	47.5248
mutation148	101	101	5000	49.505	49.505
mutation149	101	101	2220	21.9802	21.9802
mutation150	101	101	3500	34.6535	34.6535
mutation151	101	101	4820	47.7228	47.7228
mutation152	101	101	3420	33.8614	33.8614
mutation153	101	101	3960	39.2079	39.2079
mutation154	101	101	4880	48.3168	48.3168
mutation155	101	101	4040	40	40
mutation156	101	101	3640	36.0396	36.0396
mutation157	101	101	3840	38.0198	38.0198
mutation158	101	101	2120	20.9901	20.9901
mutation159	101	101	3080	30.495	30.495
mutation160	101	101	3460	34.2574	34.2574
mutation161	101	101	3140	31.0891	31.0891
mutation162	101	101	2840	28.1188	28.1188
mutation163	101	101	3520	34.8515	34.8515
mutation164	101	101	4260	42.1782	42.1782
mutation165	101	101	3660	36.2376	36.2376
mutation166	101	101	5300	52.4752	52.4752
mutation167	101	101	2840	28.1188	28.1188
mutation168	101	101	4240	41.9802	41.9802
mutation169	101	101	6660	65.9406	65.9406
mutation170	101	101	2320	22.9703	22.9703
mutation171	101	101	2640	26.1386	26.1386
mutation172	101	101	3040	30.099	30.099
mutation173	101	101	5540	54.8515	54.8515
mutation174	101	101	6640	65.7426	65.7426
mutation175	101	101	5240	51.8812	51.8812
mutation176	101	101	3700	36.6337	36.6337
mutation177	101	101	2820	27.9208	27.9208
mutation178	101	101	2900	28.7129	28.7129
mutation179	101	101	2880	28.5149	28.5149
mutation180	101	101	5180	51.2871	51.2871
mutation181	101	101	3220	31.8812	31.8812
mutation182	101	101	2640	26.1386	26.1386
mutation183	101	101	4620	45.7426	45.7426
mutation184	101	101	4540	44.9505	44.9505
mutation185	101	101	4360	43.1683	43.1683
mutation186	101	101	2700	26.7327	26.7327
mutation187	101	101	3440	34.0594	34.0594
mutation188	101	101	4220	41.7822	41.7822
mutation189	101	101	5960	59.0099	59.0099
mutation190	101	101	6080	60.198	60.198
mutation191	101	101	3400	33.6634	33.6634
mutation192	101	101	4360	43.1683	43.1683
mutation193	101	101	2620	25.9406	25.9406
mutation194	101	101	3340	33.0693	33.0693
mutation195	101	101	6000	59.4059	59.4059
mutation196	101	101	4320	42.7723	42.7723
mutation197	101	101	3240	32.0792	32.0792
mutation198	101	101	5140	50.8911	50.8911
mutation199	101	101	4340	42.9703	42.9703
mutation200	101	101	3560	35.2475	35.2475
mutation201	101	101	4340	42.9703	42.9703
mutation202	101	101	4380	43.3663	43.3663
mutation203	101	101	3760	37.2277	37.2277
mutation204	101	101	4580	45.3465	45.3465
mutation205	101	101	4860	48.1188	48.1188
mutation206	101	101	4960	49.1089	49.1089
mutation207	101	101	4800	47.5248	47.5248
mutation208	101	101	3660	36.2376	36.2376
mutation209	101	101	2220	21.9802	21.9802
mutation210	101	101	2640	26.1386	26.1386
mutation211	101	101	6000	59.4059	59.4059
mutation212	101	101	6700	66.3366	66.3366
mutation213	101	101	4480	44.3564	44.3564
mutation214	101	101	4100	40.5941	40.5941
mutation215	101	101	4680	46.3366	46.3366
mutation216	101	101	5240	51.8812	51.8812
mutation217	101	101	3620	35.8416	35.8416
mutation218	101	101	3720	36.8317	36.8317
mutation219	101	101	3440	34.0594	34.0594
mutation220	101	101	6080	60.198	60.198
mutation221	101	101	5480	54.2574	54.2574
mutation222	101	101	2820	27.9208	27.9208
mutation223	101	101	5240	51.8812	51.8812
mutation224	101	101	3440	34.0594	34.0594
mutation225	101	101	4020	39.802	39.802
mutation226	101	101	3840	38.0198	38.0198
mutation227	101	101	2280	22.5743	22.5743
mutation228	101	101	3100	30.6931	30.6931
mutation229	101	101	2600	25.7426	25.7426
mutation230	101	101	2740	27.1287	27.1287
mutation231	101	101	3860	38.2178	38.2178
mutation232	101	101	2240	22.1782	22.1782
mutation233	101	101	3840	38.0198	38.0198
mutation234	101	101	4940	48.9109	48.9109
mutation235	101	101	4400	43.5644	43.5644
mutation236	101	101	5920	58.6139	58.6139
mutation237	101	101	4600	45.5446	45.5446
mutation238	101	101	2700	26.7327	26.7327
mutation239	101	101	4440	43.9604	43.9604
mutation240	101	101	4680	46.3366	46.3366
mutation241	101	101	3040	30.099	30.099
mutation242	101	101	5120	50.6931	50.6931
mutation243	101	101	4820	47.7228	47.7228
mutation244	101	101	3420	33.8614	33.8614
mutation245	101	101	4380	43.3663	43.3663
mutation246	101	101	4360	43.1683	43.1683
mutation247	101	101	5140	50.8911	50.8911
mutation248	101	101	4340	42.9703	42.9703
mutation249	101	101	4740	46.9307	46.9307
mutation250	101	101	3800	37.6238	37.6238
mutation251	101	101	3940	39.0099	39.0099
mutation252	101	101	5760	57.0297	57.0297
mutation253	101	101	5060	50.099	50.099
mutation254	101	101	3460	34.2574	34.2574
mutation255	101	101	4860	48.1188	48.1188
mutation256	101	101	4200	41.5842	41.5842
mutation257	101	101	3160	31.2871	31.2871
mutation258	101	101	3820	37.8218	37.8218
mutation259	101	101	3960	39.2079	39.2079
mutation260	101	101	3360	33.2673	33.2673
mutation261	101	101	3540	35.0495	35.0495
mutation262	101	101	3140	31.0891	31.0891
mutation263	101	101	3960	39.2079	39.2079
mutation264	101	101	2120	20.9901	20.9901
mutation265	101	101	3840	38.0198	38.0198
mutation266	101	101	3200	31.6832	31.6832
mutation267	101	101	4940	48.9109	48.9109
mutation268	101	101	3200	31.6832	31.6832
mutation269	101	101	3040	30.099	30.099
mutation270	101	101	3040	30.099	30.099
mutation271	101	101	4140	40.9901	40.9901
mutation272	101	101	2900	28.7129	28.7129
mutation273	101	101	3420	33.8614	33.8614
mutation274	101	101	4900	48.5149	48.5149
mutation275	101	101	2840	28.1188	28.1188
mutation276	101	101	2840	28.1188	28.1188
mutation277	101	101	4340	42.9703	42.9703
mutation278	101	101	3300	32.6733	32.6733
mutation279	101	101	3800	37.6238	37.6238
mutation280	101	101	3800	37.6238	37.6238
mutation281	101	101	3460	34.2574	34.2574
mutation282	101	101	3940	39.0099	39.0099
mutation283	101	101	3320	32.8713	32.8713
mutation284	101	101	6340	62.7723	62.7723
mutation285	101	101	2820	27.9208	27.9208
mutation286	101	101	4620	45.7426	45.7426
mutation287	101	101	3140	31.0891	31.0891
mutation288	101	101	5000	49.505	49.505
mutation289	101	101	6740	66.7327	66.7327
mutation290	101	101	3480	34.4554	34.4554
mutation291	101	101	3440	34.0594	34.0594
mutation292	101	101	3780	37.4257	37.4257
mutation293	101	101	2860	28.3168	28.3168
mutation294	101	101	4060	40.198	40.198
mutation295	101	101	3220	31.8812	31.8812
mutation296	101	101	3100	30.6931	30.6931
mutation297	101	101	4020	39.802	39.802
mutation298	101	101	3960	39.2079	39.2079
mutation299	101	101	3960	39.2079	39.2079
mutation300	101	101	2880	28.5149	28.5149
mutation301	101	101	4340	42.9703	42.9703
mutation302	101	101	4540	44.9505	44.9505
mutation303	101	101	3340	33.0693	33.0693
mutation304	101	101	3940	39.0099	39.0099
mutation305	101	101	4860	48.1188	48.1188
mutation306	101	101	3420	33.8614	33.8614
mutation307	101	101	2120	20.9901	20.9901
mutation308	101	101	5660	56.0396	56.0396
mutation309	101	101	3680	36.4356	36.4356
mutation310	101	101	4240	41.9802	41.9802
mutation311	101	101	4320	42.7723	42.7723
mutation312	101	101	3860	38.2178	38.2178
mutation313	101	101	3820	37.8218	37.8218
mutation314	101	101	2200	21.7822	21.7822
mutation315	101	101	3640	36.0396	36.0396
mutation316	101	101	4040	40	40
mutation317	101	101	3120	30.8911	30.8911
mutation318	101	101	2340	23.1683	23.1683
mutation319	101	101	2720	26.9307	26.9307
mutation320	101	101	3420	33.8614	33.8614
mutation321	101	101	2700	26.7327	26.7327
mutation322	101	101	5140	50.8911	50.8911
mutation323	101	101	4620	45.7426	45.7426
mutation324	101	101	2840	28.1188	28.1188
mutation325	101	101	2940	29.1089	29.1089
mutation326	101	101	3900	38.6139	38.6139
mutation327	101	101	3360	33.2673	33.2673
mutation328	101	101	4960	49.1089	49.1089
mutation329	101	101	5400	53.4653	53.4653
mutation330	101	101	3640	36.0396	36.0396
mutation331	101	101	4320	42.7723	42.7723
mutation332	101	101	5040	49.901	49.901
mutation333	101	101	3140	31.0891	31.0891
mutation334	101	101	4120	40.7921	40.7921
mutation335	101	101	4160	41.1881	41.1881
mutation336	101	101	2860	28.3168	28.3168
mutation337	101	101	5380	53.2673	53.2673
mutation338	101	101	3900	38.6139	38.6139
mutation339	101	101	6400	63.3663	63.3663
mutation340	101	101	4620	45.7426	45.7426
mutation341	101	101	7140	70.6931	70.6931
mutation342	101	101	5220	51.6832	51.6832
mutation343	101	101	3860	38.2178	38.2178
mutation344	101	101	4140	40.9901	40.9901
mutation345	101	101	3140	31.0891	31.0891
mutation346	101	101	6720	66.5347	66.5347
mutation347	101	101	5680	56.2376	56.2376
mutation348	101	101	2840	28.1188	28.1188
mutation349	101	101	3840	38.0198	38.0198
mutation350	101	101	2780	27.5248	27.5248
mutation351	101	101	4880	48.3168	48.3168
mutation352	101	101	2760	27.3267	27.3267
mutation353	101	101	2560	25.3465	25.3465
mutation354	101	101	3380	33.4653	33.4653
mutation355	101	101	4040	40	40
mutation356	101	101	2840	28.1188	28.1188
mutation357	101	101	6160	60.9901	60.9901
mutation358	101	101	4740	46.9307	46.9307
mutation359	101	101	3940	39.0099	39.0099
mutation360	101	101	3040	30.099	30.099
mutation361	101	101	3940	39.0099	39.0099
mutation362	101	101	3120	30.8911	30.8911
mutation363	101	101	4160	41.1881	41.1881
mutation364	101	101	5460	54.0594	54.0594
mutation365	101	101	4860	48.1188	48.1188
mutation366	101	101	4240	41.9802	41.9802
mutation367	101	101	2740	27.1287	27.1287
mutation368	101	101	1920	19.0099	19.0099
mutation369	101	101	2900	28.7129	28.7129
mutation370	101	101	4820	47.7228	47.7228
mutation371	101	101	4120	40.7921	40.7921
mutation372	101	101	4200	41.5842	41.5842
mutation373	101	101	4540	44.9505	44.9505
mutation374	101	101	2140	21.1881	21.1881
mutation375	101	101	4620	45.7426	45.7426
mutation376	101	101	4540	44.9505	44.9505
mutation377	101	101	2820	27.9208	27.9208
mutation378	101	101	1900	18.8119	18.8119
mutation379	101	101	2220	21.9802	21.9802
mutation380	101	101	4340	42.9703	42.9703
mutation381	101	101	2280	22.5743	22.5743
mutation382	101	101	4560	45.1485	45.1485
mutation383	101	101	4360	43.1683	43.1683
mutation384	101	101	2620	25.9406	25.9406
mutation385	101	101	3600	35.6436	35.6436
mutation386	101	101	4140	40.9901	40.9901
mutation387	101	101	4140	40.9901	40.9901
mutation388	101	101	4740	46.9307	46.9307
mutation389	101	101	6060	60	60
mutation390	101	101	2920	28.9109	28.9109
mutation391	101	101	3640	36.0396	36.0396
mutation392	101	101	2620	25.9406	25.9406
mutation393	101	101	4460	44.1584	44.1584
mutation394	101	101	2920	28.9109	28.9109
mutation395	101	101	3420	33.8614	33.8614
mutation396	101	101	4120	40.7921	40.7921
mutation397	101	101	4060	40.198	40.198
mutation398	101	101	4780	47.3267	47.3267
mutation399	101	101	3120	30.8911	30.8911
mutation400	101	101	3400	33.6634	33.6634
mutation401	101	101	2980	29.505	29.505
mutation402	101	101	4140	40.9901	40.9901
mutation403	101	101	4180	41.3861	41.3861
mutation404	101	101	3720	36.8317	36.8317
mutation405	101	101	4340	42.9703	42.9703
mutation406	101	101	3840	38.0198	38.0198
mutation407	101	101	3280	32.4752	32.4752
mutation408	101	101	3540	35.0495	35.0495
mutation409	101	101	3720	36.8317	36.8317
mutation410	101	101	3340	33.0693	33.0693
mutation411	101	101	4540	44.9505	44.9505
mutation412	101	101	2620	25.9406	25.9406
mutation413	101	101	3240	32.0792	32.0792
mutation414	101	101	3440	34.0594	34.0594
mutation415	101	101	3720	36.8317	36.8317
mutation416	101	101	3800	37.6238	37.6238
mutation417	101	101	4560	45.1485	45.1485
mutation418	101	101	3740	37.0297	37.0297
mutation419	101	101	2740	27.1287	27.1287
mutation420	101	101	3300	32.6733	32.6733
mutation421	101	101	3240	32.0792	32.0792
mutation422	101	101	6560	64.9505	64.9505
mutation423	101	101	4860	48.1188	48.1188
mutation424	101	101	2500	24.7525	24.7525
mutation425	101	101	3740	37.0297	37.0297
mutation426	101	101	3380	33.4653	33.4653
mutation427	101	101	2640	26.1386	26.1386
mutation428	101	101	3120	30.8911	30.8911
mutation429	101	101	5520	54.6535	54.6535
mutation430	101	101	4220	41.7822	41.7822
mutation431	101	101	3480	34.4554	34.4554
mutation432	101	101	2980	29.505	29.505
mutation433	101	101	3580	35.4455	35.4455
mutation434	101	101	2620	25.9406	25.9406
mutation435	101	101	3660	36.2376	36.2376
mutation436	101	101	3120	30.8911	30.8911
mutation437	101	101	4640	45.9406	45.9406
mutation438	101	101	5220	51.6832	51.6832
mutation439	101	101	2100	20.7921	20.7921
mutation440	101	101	5240	51.8812	51.8812
mutation441	101	101	3780	37.4257	37.4257
mutation442	101	101	3400	33.6634	33.6634
mutation443	101	101	3900	38.6139	38.6139
mutation444	101	101	6180	61.1881	61.1881
mutation445	101	101	2520	24.9505	24.9505
mutation446	101	101	3120	30.8911	30.8911
mutation447	101	101	3540	35.0495	35.0495
mutation448	101	101	3880	38.4158	38.4158
mutation449	101	101	4600	45.5446	45.5446
mutation450	101	101	2760	27.3267	27.3267
mutation451	101	101	4440	43.9604	43.9604
mutation452	101	101	3480	34.4554	34.4554
mutation453	101	101	3120	30.8911	30.8911
mutation454	101	101	5360	53.0693	53.0693
mutation455	101	101	3680	36.4356	36.4356
mutation456	101	101	4340	42.9703	42.9703
mutation457	101	101	3240	32.0792	32.0792
mutation458	101	101	5040	49.901	49.901
mutation459	101	101	3560	35.2475	35.2475
mutation460	101	101	4560	45.1485	45.1485
mutation461	101	101	5140	50.8911	50.8911
mutation462	101	101	3580	35.4455	35.4455
mutation463	101	101	3460	34.2574	34.2574
mutation464	101	101	4080	40.396	40.396
mutation465	101	101	3880	38.4158	38.4158
mutation466	101	101	7580	75.0495	75.0495
mutation467	101	101	3480	34.4554	34.4554
mutation468	101	101	4820	47.7228	47.7228
mutation469	101	101	3540	35.0495	35.0495
mutation470	101	101	6940	68.7129	68.7129
mutation471	101	101	3600	35.6436	35.6436
mutation472	101	101	3680	36.4356	36.4356
mutation473	101	101	4040	40	40
mutation474	101	101	3460	34.2574	34.2574
mutation475	101	101	3860	38.2178	38.2178
mutation476	101	101	4920	48.7129	48.7129
mutation477	101	101	2200	21.7822	21.7822
mutation478	101	101	4360	43.1683	43.1683
mutation479	101	101	5580	55.2475	55.2475
mutation480	101	101	3720	36.8317	36.8317
mutation481	101	101	3480	34.4554	34.4554
mutation482	101	101	5160	51.0891	51.0891
mutation483	101	101	2600	25.7426	25.7426
mutation484	101	101	3420	33.8614	33.8614
mutation485	101	101	5320	52.6733	52.6733
mutation486	101	101	5540	54.8515	54.8515
mutation487	101	101	3620	35.8416	35.8416
mutation488	101	101	3180	31.4851	31.4851
mutation489	101	101	2580	25.5446	25.5446
mutation490	101	101	4180	41.3861	41.3861
mutation491	101	101	4760	47.1287	47.1287
mutation492	101	101	3940	39.0099	39.0099
mutation493	101	101	3640	36.0396	36.0396
mutation494	101	101	3960	39.2079	39.2079
mutation495	101	101	4740	46.9307	46.9307
mutation496	101	101	5880	58.2178	58.2178
mutation497	101	101	3720	36.8317	36.8317
mutation498	101	101	3820	37.8218	37.8218
mutation499	101	101	4140	40.9901	40.9901
mutation500	101	101	6400	63.3663	63.3663
mutation501	101	101	3840	38.0198	38.0198
mutation502	101	101	3180	31.4851	31.4851
mutation503	101	101	4420	43.7624	43.7624
mutation504	101	101	4780	47.3267	47.3267
mutation505	101	101	3240	32.0792	32.0792
mutation506	101	101	3420	33.8614	33.8614
mutation507	101	101	3740	37.0297	37.0297
mutation508	101	101	2880	28.5149	28.5149
mutation509	101	101	3640	36.0396	36.0396
mutation510	101	101	4780	47.3267	47.3267
mutation511	101	101	3400	33.6634	33.6634
mutation512	101	101	5760	57.0297	57.0297
mutation513	101	101	3820	37.8218	37.8218
mutation514	101	101	3820	37.8218	37.8218
mutation515	101	101	4700	46.5347	46.5347
mutation516	101	101	4380	43.3663	43.3663
mutation517	101	101	4060	40.198	40.198
mutation518	101	101	1280	12.6733	12.6733
mutation519	101	101	5640	55.8416	55.8416
mutation520	101	101	3220	31.8812	31.8812
mutation521	101	101	5160	51.0891	51.0891
mutation522	101	101	4400	43.5644	43.5644
mutation523	101	101	3040	30.099	30.099
mutation524	101	101	5620	55.6436	55.6436
mutation525	101	101	4420	43.7624	43.7624
mutation526	101	101	3780	37.4257	37.4257
mutation527	101	101	2820	27.9208	27.9208
mutation528	101	101	2620	25.9406	25.9406
mutation529	101	101	3740	37.0297	37.0297
mutation530	101	101	4540	44.9505	44.9505
mutation531	101	101	2340	23.1683	23.1683
mutation532	101	101	4360	43.1683	43.1683
mutation533	101	101	2940	29.1089	29.1089
mutation534	101	101	4020	39.802	39.802
mutation535	101	101	3200	31.6832	31.6832
mutation536	101	101	2540	25.1485	25.1485
mutation537	101	101	2900	28.7129	28.7129
mutation538	101	101	4740	46.9307	46.9307
mutation539	101	101	5160	51.0891	51.0891
mutation540	101	101	4220	41.7822	41.7822
mutation541	101	101	3660	36.2376	36.2376
mutation542	101	101	3920	38.8119	38.8119
mutation543	101	101	4360	43.1683	43.1683
mutation544	101	101	2020	20	20
mutation545	101	101	3840	38.0198	38.0198
mutation546	101	101	3040	30.099	30.099
mutation547	101	101	4200	41.5842	41.5842
mutation548	101	101	2260	22.3762	22.3762
mutation549	101	101	5320	52.6733	52.6733
mutation550	101	101	3960	39.2079	39.2079
mutation551	101	101	4200	41.5842	41.5842
mutation552	101	101	4140	40.9901	40.9901
mutation553	101	101	4060	40.198	40.198
mutation554	101	101	3100	30.6931	30.6931
mutation555	101	101	3620	35.8416	35.8416
mutation556	101	101	2200	21.7822	21.7822
mutation557	101	101	3300	32.6733	32.6733
mutation558	101	101	4340	42.9703	42.9703
mutation559	101	101	2460	24.3564	24.3564
mutation560	101	101	3720	36.8317	36.8317
mutation561	101	101	4040	40	40
mutation562	101	101	2820	27.9208	27.9208
mutation563	101	101	4100	40.5941	40.5941
mutation564	101	101	6180	61.1881	61.1881
mutation565	101	101	4060	40.198	40.198
mutation566	101	101	5940	58.8119	58.8119
mutation567	101	101	6760	66.9307	66.9307
mutation568	101	101	5140	50.8911	50.8911
mutation569	101	101	3740	37.0297	37.0297
mutation570	101	101	3520	34.8515	34.8515
mutation571	101	101	3440	34.0594	34.0594
mutation572	101	101	4340	42.9703	42.9703
mutation573	101	101	5060	50.099	50.099
mutation574	101	101	4460	44.1584	44.1584
mutation575	101	101	3720	36.8317	36.8317
mutation576	101	101	4340	42.9703	42.9703
mutation577	101	101	4080	40.396	40.396
mutation578	101	101	2860	28.3168	28.3168
mutation579	101	101	5220	51.6832	51.6832
mutation580	101	101	5460	54.0594	54.0594
mutation581	101	101	4120	40.7921	40.7921
mutation582	101	101	5600	55.4455	55.4455
mutation583	101	101	4620	45.7426	45.7426
mutation584	101	101	4000	39.604	39.604
mutation585	101	101	3100	30.6931	30.6931
mutation586	101	101	3200	31.6832	31.6832
mutation587	101	101	5380	53.2673	53.2673
mutation588	101	101	2060	20.396	20.396
mutation589	101	101	4120	40.7921	40.7921
mutation590	101	101	3200	31.6832	31.6832
mutation591	101	101	4580	45.3465	45.3465
mutation592	101	101	3840	38.0198	38.0198
mutation593	101	101	3620	35.8416	35.8416
mutation594	101	101	5080	50.297	50.297
mutation595	101	101	3300	32.6733	32.6733
mutation596	101	101	3340	33.0693	33.0693
mutation597	101	101	4540	44.9505	44.9505
mutation598	101	101	2860	28.3168	28.3168
mutation599	101	101	3520	34.8515	34.8515
mutation600	101	101	4100	40.5941	40.5941
mutation601	101	101	3620	35.8416	35.8416
mutation602	101	101	3720	36.8317	36.8317
mutation603	101	101	2820	27.9208	27.9208
mutation604	101	101	5020	49.703	49.703
mutation605	101	101	6920	68.5149	68.5149
mutation606	101	101	3240	32.0792	32.0792
mutation607	101	101	4600	45.5446	45.5446
mutation608	101	101	4180	41.3861	41.3861
mutation609	101	101	2960	29.3069	29.3069
mutation610	101	101	4100	40.5941	40.5941
mutation611	101	101	3720	36.8317	36.8317
mutation612	101	101	2980	29.505	29.505
mutation613	101	101	3260	32.2772	32.2772
mutation614	101	101	4800	47.5248	47.5248
mutation615	101	101	4200	41.5842	41.5842
mutation616	101	101	4880	48.3168	48.3168
mutation617	101	101	4040	40	40
mutation618	101	101	3540	35.0495	35.0495
mutation619	101	101	4660	46.1386	46.1386
mutation620	101	101	3220	31.8812	31.8812
mutation621	101	101	4220	41.7822	41.7822
mutation622	101	101	6540	64.7525	64.7525
mutation623	101	101	3560	35.2475	35.2475
mutation624	101	101	3420	33.8614	33.8614
mutation625	101	101	2720	26.9307	26.9307
mutation626	101	101	5060	50.099	50.099
mutation627	101	101	3700	36.6337	36.6337
mutation628	101	101	2860	28.3168	28.3168
mutation629	101	101	2180	21.5842	21.5842
mutation630	101	101	5020	49.703	49.703
mutation631	101	101	4460	44.1584	44.1584
mutation632	101	101	4460	44.1584	44.1584
mutation633	101	101	2740	27.1287	27.1287
mutation634	101	101	4360	43.1683	43.1683
mutation635	101	101	2740	27.1287	27.1287
mutation636	101	101	5300	52.4752	52.4752
mutation637	101	101	4260	42.1782	42.1782
mutation638	101	101	3600	35.6436	35.6436
mutation639	101	101	4380	43.3663	43.3663
mutation640	101	101	5780	57.2277	57.2277
mutation641	101	101	3500	34.6535	34.6535
mutation642	101	101	5360	53.0693	53.0693
mutation643	101	101	4540	44.9505	44.9505
mutation644	101	101	4340	42.9703	42.9703
mutation645	101	101	4220	41.7822	41.7822
mutation646	101	101	3460	34.2574	34.2574
mutation647	101	101	4340	42.9703	42.9703
mutation648	101	101	3120	30.8911	30.8911
mutation649	101	101	2420	23.9604	23.9604
mutation650	101	101	2520	24.9505	24.9505
mutation651	101	101	3480	34.4554	34.4554
mutation652	101	101	4440	43.9604	43.9604
mutation653	101	101	4920	48.7129	48.7129
mutation654	101	101	3300	32.6733	32.6733
mutation655	101	101	4340	42.9703	42.9703
mutation656	101	101	3540	35.0495	35.0495
mutation657	101	101	4060	40.198	40.198
mutation658	101	101	2740	27.1287	27.1287
mutation659	101	101	3500	34.6535	34.6535
mutation660	101	101	3980	39.4059	39.4059
mutation661	101	101	3700	36.6337	36.6337
mutation662	101	101	6660	65.9406	65.9406
mutation663	101	101	3400	33.6634	33.6634
mutation664	101	101	2500	24.7525	24.7525
mutation665	101	101	4880	48.3168	48.3168
mutation666	101	101	3260	32.2772	32.2772
mutation667	101	101	3240	32.0792	32.0792
mutation668	101	101	4800	47.5248	47.5248
mutation669	101	101	3740	37.0297	37.0297
mutation670	101	101	4040	40	40
mutation671	101	101	4440	43.9604	43.9604
mutation672	101	101	5320	52.6733	52.6733
mutation673	101	101	3180	31.4851	31.4851
mutation674	101	101	2960	29.3069	29.3069
mutation675	101	101	4280	42.3762	42.3762
mutation676	101	101	3700	36.6337	36.6337
mutation677	101	101	7140	70.6931	70.6931
mutation678	101	101	5740	56.8317	56.8317
mutation679	101	101	3160	31.2871	31.2871
mutation680	101	101	2740	27.1287	27.1287
mutation681	101	101	2820	27.9208	27.9208
mutation682	101	101	3860	38.2178	38.2178
mutation683	101	101	2580	25.5446	25.5446
mutation684	101	101	2560	25.3465	25.3465
mutation685	101	101	2820	27.9208	27.9208
mutation686	101	101	3940	39.0099	39.0099
mutation687	101	101	6620	65.5446	65.5446
mutation688	101	101	3160	31.2871	31.2871
mutation689	101	101	3320	32.8713	32.8713
mutation690	101	101	3560	35.2475	35.2475
mutation691	101	101	4660	46.1386	46.1386
mutation692	101	101	3220	31.8812	31.8812
mutation693	101	101	3800	37.6238	37.6238
mutation694	101	101	3300	32.6733	32.6733
mutation695	101	101	2800	27.7228	27.7228
mutation696	101	101	3220	31.8812	31.8812
mutation697	101	101	3780	37.4257	37.4257
mutation698	101	101	4220	41.7822	41.7822
mutation699	101	101	3680	36.4356	36.4356
mutation700	101	101	5560	55.0495	55.0495
mutation701	101	101	4180	41.3861	41.3861
mutation702	101	101	4580	45.3465	45.3465
mutation703	101	101	4740	46.9307	46.9307
mutation704	101	101	3280	32.4752	32.4752
mutation705	101	101	2700	26.7327	26.7327
mutation706	101	101	3100	30.6931	30.6931
mutation707	101	101	4440	43.9604	43.9604
mutation708	101	101	4660	46.1386	46.1386
mutation709	101	101	2480	24.5545	24.5545
mutation710	101	101	2660	26.3366	26.3366
mutation711	101	101	2240	22.1782	22.1782
mutation712	101	101	4320	42.7723	42.7723
mutation713	101	101	2840	28.1188	28.1188
mutation714	101	101	3000	29.703	29.703
mutation715	101	101	4260	42.1782	42.1782
mutation716	101	101	3400	33.6634	33.6634
mutation717	101	101	4900	48.5149	48.5149
mutation718	101	101	4060	40.198	40.198
mutation719	101	101	4840	47.9208	47.9208
mutation720	101	101	3940	39.0099	39.0099
mutation721	101	101	3180	31.4851	31.4851
mutation722	101	101	2900	28.7129	28.7129
mutation723	101	101	3660	36.2376	36.2376
mutation724	101	101	4260	42.1782	42.1782
mutation725	101	101	5320	52.6733	52.6733
mutation726	101	101	3460	34.2574	34.2574
mutation727	101	101	4660	46.1386	46.1386
mutation728	101	101	3820	37.8218	37.8218
mutation729	101	101	2240	22.1782	22.1782
mutation730	101	101	4460	44.1584	44.1584
mutation731	101	101	5020	49.703	49.703
mutation732	101	101	3220	31.8812	31.8812
mutation733	101	101	3420	33.8614	33.8614
mutation734	101	101	3880	38.4158	38.4158
mutation735	101	101	4440	43.9604	43.9604
mutation736	101	101	4500	44.5545	44.5545
mutation737	101	101	7180	71.0891	71.0891
mutation738	101	101	3140	31.0891	31.0891
mutation739	101	101	3920	38.8119	38.8119
mutation740	101	101	5060	50.099	50.099
mutation741	101	101	2200	21.7822	21.7822
mutation742	101	101	2940	29.1089	29.1089
mutation743	101	101	5960	59.0099	59.0099
mutation744	101	101	4040	40	40
mutation745	101	101	3360	33.2673	33.2673
mutation746	101	101	2380	23.5644	23.5644
mutation747	101	101	5640	55.8416	55.8416
mutation748	101	101	5420	53.6634	53.6634
mutation749	101	101	4060	40.198	40.198
mutation750	101	101	4440	43.9604	43.9604
mutation751	101	101	4240	41.9802	41.9802
mutation752	101	101	5380	53.2673	53.2673
mutation753	101	101	4260	42.1782	42.1782
mutation754	101	101	3300	32.6733	32.6733
mutation755	101	101	6660	65.9406	65.9406
mutation756	101	101	4120	40.7921	40.7921
mutation757	101	101	4180	41.3861	41.3861
mutation758	101	101	5060	50.099	50.099
mutation759	101	101	3640	36.0396	36.0396
mutation760	101	101	3620	35.8416	35.8416
mutation761	101	101	4300	42.5743	42.5743
mutation762	101	101	5940	58.8119	58.8119
mutation763	101	101	3420	33.8614	33.8614
mutation764	101	101	4040	40	40
mutation765	101	101	3540	35.0495	35.0495
mutation766	101	101	6580	65.1485	65.1485
mutation767	101	101	3360	33.2673	33.2673
mutation768	101	101	3700	36.6337	36.6337
mutation769	101	101	3120	30.8911	30.8911
mutation770	101	101	2980	29.505	29.505
mutation771	101	101	4260	42.1782	42.1782
mutation772	101	101	5320	52.6733	52.6733
mutation773	101	101	5800	57.4257	57.4257
mutation774	101	101	4120	40.7921	40.7921
mutation775	101	101	4180	41.3861	41.3861
mutation776	101	101	5500	54.4554	54.4554
mutation777	101	101	4280	42.3762	42.3762
mutation778	101	101	3440	34.0594	34.0594
mutation779	101	101	2020	20	20
mutation780	101	101	2760	27.3267	27.3267
mutation781	101	101	2180	21.5842	21.5842
mutation782	101	101	3040	30.099	30.099
mutation783	101	101	3940	39.0099	39.0099
mutation784	101	101	2780	27.5248	27.5248
mutation785	101	101	4280	42.3762	42.3762
mutation786	101	101	4320	42.7723	42.7723
mutation787	101	101	3600	35.6436	35.6436
mutation788	101	101	4120	40.7921	40.7921
mutation789	101	101	4040	40	40
mutation790	101	101	4560	45.1485	45.1485
mutation791	101	101	3260	32.2772	32.2772
mutation792	101	101	4180	41.3861	41.3861
mutation793	101	101	4460	44.1584	44.1584
mutation794	101	101	2400	23.7624	23.7624
mutation795	101	101	2720	26.9307	26.9307
mutation796	101	101	3500	34.6535	34.6535
mutation797	101	101	2800	27.7228	27.7228
mutation798	101	101	3620	35.8416	35.8416
mutation799	101	101	5740	56.8317	56.8317
mutation800	101	101	3420	33.8614	33.8614
mutation801	101	101	4200	41.5842	41.5842
mutation802	101	101	3640	36.0396	36.0396
mutation803	101	101	2700	26.7327	26.7327
mutation804	101	101	3000	29.703	29.703
mutation805	101	101	4120	40.7921	40.7921
mutation806	101	101	3760	37.2277	37.2277
mutation807	101	101	2840	28.1188	28.1188
mutation808	101	101	3420	33.8614	33.8614
mutation809	101	101	4900	48.5149	48.5149
mutation810	101	101	2520	24.9505	24.9505
mutation811	101	101	3940	39.0099	39.0099
mutation812	101	101	5240	51.8812	51.8812
mutation813	101	101	5580	55.2475	55.2475
mutation814	101	101	3220	31.8812	31.8812
mutation815	101	101	4720	46.7327	46.7327
mutation816	101	101	3160	31.2871	31.2871
mutation817	101	101	3740	37.0297	37.0297
mutation818	101	101	2880	28.5149	28.5149
mutation819	101	101	3380	33.4653	33.4653
mutation820	101	101	5620	55.6436	55.6436
mutation821	101	101	3320	32.8713	32.8713
mutation822	101	101	4800	47.5248	47.5248
mutation823	101	101	3140	31.0891	31.0891
mutation824	101	101	3320	32.8713	32.8713
mutation825	101	101	2740	27.1287	27.1287
mutation826	101	101	6320	62.5743	62.5743
mutation827	101	101	6200	61.3861	61.3861
mutation828	101	101	5260	52.0792	52.0792
mutation829	101	101	4260	42.1782	42.1782
mutation830	101	101	4120	40.7921	40.7921
mutation831	101	101	3940	39.0099	39.0099
mutation832	101	101	4340	42.9703	42.9703
mutation833	101	101	3240	32.0792	32.0792
mutation834	101	101	2800	27.7228	27.7228
mutation835	101	101	2920	28.9109	28.9109
mutation836	101	101	2160	21.3861	21.3861
mutation837	101	101	5960	59.0099	59.0099
mutation838	101	101	3420	33.8614	33.8614
mutation839	101	101	3420	33.8614	33.8614
mutation840	101	101	2580	25.5446	25.5446
mutation841	101	101	4100	40.5941	40.5941
mutation842	101	101	5000	49.505	49.505
mutation843	101	101	2960	29.3069	29.3069
mutation844	101	101	3920	38.8119	38.8119
mutation845	101	101	3060	30.297	30.297
mutation846	101	101	3640	36.0396	36.0396
mutation847	101	101	3340	33.0693	33.0693
mutation848	101	101	4820	47.7228	47.7228
mutation849	101	101	6560	64.9505	64.9505
mutation850	101	101	5060	50.099	50.099
mutation851	101	101	3240	32.0792	32.0792
mutation852	101	101	4700	46.5347	46.5347
mutation853	101	101	3040	30.099	30.099
mutation854	101	101	2900	28.7129	28.7129
mutation855	101	101	3280	32.4752	32.4752
mutation856	101	101	5100	50.495	50.495
mutation857	101	101	2600	25.7426	25.7426
mutation858	101	101	2880	28.5149	28.5149
mutation859	101	101	4460	44.1584	44.1584
mutation860	101	101	3680	36.4356	36.4356
mutation861	101	101	2340	23.1683	23.1683
mutation862	101	101	2940	29.1089	29.1089
mutation863	101	101	2820	27.9208	27.9208
mutation864	101	101	3980	39.4059	39.4059
mutation865	101	101	2820	27.9208	27.9208
mutation866	101	101	3080	30.495	30.495
mutation867	101	101	2260	22.3762	22.3762
mutation868	101	101	4480	44.3564	44.3564
mutation869	101	101	2840	28.1188	28.1188
mutation870	101	101	2940	29.1089	29.1089
mutation871	101	101	3040	30.099	30.099
mutation872	101	101	3000	29.703	29.703
mutation873	101	101	2940	29.1089	29.1089
mutation874	101	101	3520	34.8515	34.8515
mutation875	101	101	5740	56.8317	56.8317
mutation876	101	101	4700	46.5347	46.5347
mutation877	101	101	5360	53.0693	53.0693
mutation878	101	101	4860	48.1188	48.1188
mutation879	101	101	4120	40.7921	40.7921
mutation880	101	101	4180	41.3861	41.3861
mutation881	101	101	3140	31.0891	31.0891
mutation882	101	101	3980	39.4059	39.4059
mutation883	101	101	5840	57.8218	57.8218
mutation884	101	101	2140	21.1881	21.1881
mutation885	101	101	3020	29.901	29.901
mutation886	101	101	4100	40.5941	40.5941
mutation887	101	101	3040	30.099	30.099
mutation888	101	101	3300	32.6733	32.6733
mutation889	101	101	4040	40	40
mutation890	101	101	4260	42.1782	42.1782
mutation891	101	101	2180	21.5842	21.5842
mutation892	101	101	3980	39.4059	39.4059
mutation893	101	101	3320	32.8713	32.8713
mutation894	101	101	3740	37.0297	37.0297
mutation895	101	101	4060	40.198	40.198
mutation896	101	101	5140	50.8911	50.8911
mutation897	101	101	3320	32.8713	32.8713
mutation898	101	101	3500	34.6535	34.6535
mutation899	101	101	5240	51.8812	51.8812
mutation900	101	101	3380	33.4653	33.4653
mutation901	101	101	5280	52.2772	52.2772
mutation902	101	101	3460	34.2574	34.2574
mutation903	101	101	3540	35.0495	35.0495
mutation904	101	101	3440	34.0594	34.0594
mutation905	101	101	3120	30.8911	30.8911
mutation906	101	101	4000	39.604	39.604
mutation907	101	101	3520	34.8515	34.8515
mutation908	101	101	3180	31.4851	31.4851
mutation909	101	101	3420	33.8614	33.8614
mutation910	101	101	4580	45.3465	45.3465
mutation911	101	101	3360	33.2673	33.2673
mutation912	101	101	3340	33.0693	33.0693
mutation913	101	101	2920	28.9109	28.9109
mutation914	101	101	3880	38.4158	38.4158
mutation915	101	101	3600	35.6436	35.6436
mutation916	101	101	3300	32.6733	32.6733
mutation917	101	101	4080	40.396	40.396
mutation918	101	101	3400	33.6634	33.6634
mutation919	101	101	3980	39.4059	39.4059
mutation920	101	101	3580	35.4455	35.4455
mutation921	101	101	700	6.93069	6.93069
mutation922	101	101	4060	40.198	40.198
mutation923	101	101	2680	26.5347	26.5347
mutation924	101	101	3360	33.2673	33.2673
mutation925	101	101	3200	31.6832	31.6832
mutation926	101	101	3840	38.0198	38.0198
mutation927	101	101	5720	56.6337	56.6337
mutation928	101	101	3540	35.0495	35.0495
mutation929	101	101	2840	28.1188	28.1188
mutation930	101	101	2960	29.3069	29.3069
mutation931	101	101	3120	30.8911	30.8911
mutation932	101	101	4600	45.5446	45.5446
mutation933	101	101	3640	36.0396	36.0396
mutation934	101	101	4240	41.9802	41.9802
mutation935	101	101	3120	30.8911	30.8911
mutation936	101	101	4020	39.802	39.802
mutation937	101	101	5440	53.8614	53.8614
mutation938	101	101	3300	32.6733	32.6733
mutation939	101	101	5200	51.4851	51.4851
mutation940	101	101	5400	53.4653	53.4653
mutation941	101	101	5180	51.2871	51.2871
mutation942	101	101	5220	51.6832	51.6832
mutation943	101	101	6600	65.3465	65.3465
mutation944	101	101	3640	36.0396	36.0396
mutation945	101	101	3940	39.0099	39.0099
mutation946	101	101	4140	40.9901	40.9901
mutation947	101	101	3320	32.8713	32.8713
mutation948	101	101	3360	33.2673	33.2673
mutation949	101	101	2860	28.3168	28.3168
mutation950	101	101	3440	34.0594	34.0594
mutation951	101	101	3720	36.8317	36.8317
mutation952	101	101	1760	17.4257	17.4257
mutation953	101	101	4280	42.3762	42.3762
mutation954	101	101	3520	34.8515	34.8515
mutation955	101	101	3240	32.0792	32.0792
mutation956	101	101	3400	33.6634	33.6634
mutation957	101	101	4960	49.1089	49.1089
mutation958	101	101	2220	21.9802	21.9802
mutation959	101	101	3560	35.2475	35.2475
mutation960	101	101	4340	42.9703	42.9703
mutation961	101	101	2620	25.9406	25.9406
mutation962	101	101	2300	22.7723	22.7723
mutation963	101	101	2660	26.3366	26.3366
mutation964	101	101	4760	47.1287	47.1287
mutation965	101	101	5600	55.4455	55.4455
mutation966	101	101	3520	34.8515	34.8515
mutation967	101	101	3180	31.4851	31.4851
mutation968	101	101	6260	61.9802	61.9802
mutation969	101	101	3400	33.6634	33.6634
mutation970	101	101	4840	47.9208	47.9208
mutation971	101	101	4340	42.9703	42.9703
mutation972	101	101	2900	28.7129	28.7129
mutation973	101	101	3000	29.703	29.703
mutation974	101	101	6080	60.198	60.198
mutation975	101	101	3960	39.2079	39.2079
mutation976	101	101	4060	40.198	40.198
mutation977	101	101	3880	38.4158	38.4158
mutation978	101	101	4880	48.3168	48.3168
mutation979	101	101	5260	52.0792	52.0792
mutation980	101	101	3500	34.6535	34.6535
mutation981	101	101	4640	45.9406	45.9406
mutation982	101	101	2720	26.9307	26.9307
mutation983	101	101	3620	35.8416	35.8416
mutation984	101	101	4300	42.5743	42.5743
mutation985	101	101	3860	38.2178	38.2178
mutation986	101	101	3520	34.8515	34.8515
mutation987	101	101	6040	59.802	59.802
mutation988	101	101	4800	47.5248	47.5248
mutation989	101	101	5360	53.0693	53.0693
mutation990	101	101	2660	26.3366	26.3366
mutation991	101	101	4640	45.9406	45.9406
mutation992	101	101	4200	41.5842	41.5842
mutation993	101	101	4800	47.5248	47.5248
mutation994	101	101	3940	39.0099	39.0099
mutation995	101	101	5620	55.6436	55.6436
mutation996	101	101	4640	45.9406	45.9406
mutation997	101	101	5040	49.901	49.901
mutation998	101	101	2720	26.9307	26.9307
mutation999	101	101	2440	24.1584	24.1584
mutation1000	101	101	3440	34.0594	34.0594
mutation1001	101	101	5540	54.8515	54.8515
mutation1002	101	101	4840	47.9208	47.9208
mutation1003	101	101	4400	43.5644	43.5644
mutation1004	101	101	5140	50.8911	50.8911
mutation1005	101	101	3340	33.0693	33.0693
mutation1006	101	101	3040	30.099	30.099
mutation1007	101	101	4340	42.9703	42.9703
mutation1008	101	101	3320	32.8713	32.8713
mutation1009	101	101	2200	21.7822	21.7822
mutation1010	101	101	3740	37.0297	37.0297
mutation1011	101	101	4560	45.1485	45.1485
mutation1012	101	101	4440	43.9604	43.9604
mutation1013	101	101	3560	35.2475	35.2475
mutation1014	101	101	2760	27.3267	27.3267
mutation1015	101	101	2400	23.7624	23.7624
mutation1016	101	101	3220	31.8812	31.8812
mutation1017	101	101	3520	34.8515	34.8515
mutation1018	101	101	2280	22.5743	22.5743
mutation1019	101	101	2920	28.9109	28.9109
mutation1020	101	101	2580	25.5446	25.5446
mutation1021	101	101	2760	27.3267	27.3267
mutation1022	101	101	2240	22.1782	22.1782
mutation1023	101	101	3500	34.6535	34.6535
mutation1024	101	101	5440	53.8614	53.8614
mutation1025	101	101	2600	25.7426	25.7426
mutation1026	101	101	760	7.52475	7.52475
mutation1027	101	101	2740	27.1287	27.1287
mutation1028	101	101	2980	29.505	29.505
mutation1029	101	101	3540	35.0495	35.0495
mutation1030	101	101	7420	73.4653	73.4653
mutation1031	101	101	3600	35.6436	35.6436
mutation1032	101	101	2620	25.9406	25.9406
mutation1033	101	101	5560	55.0495	55.0495
mutation1034	101	101	3560	35.2475	35.2475
mutation1035	101	101	3820	37.8218	37.8218
mutation1036	101	101	3740	37.0297	37.0297
mutation1037	101	101	5600	55.4455	55.4455
mutation1038	101	101	3440	34.0594	34.0594
mutation1039	101	101	4360	43.1683	43.1683
mutation1040	101	101	4000	39.604	39.604
mutation1041	101	101	2580	25.5446	25.5446
mutation1042	101	101	3780	37.4257	37.4257
mutation1043	101	101	5220	51.6832	51.6832
mutation1044	101	101	4560	45.1485	45.1485
mutation1045	101	101	5380	53.2673	53.2673
mutation1046	101	101	4940	48.9109	48.9109
mutation1047	101	101	5120	50.6931	50.6931
mutation1048	101	101	3080	30.495	30.495
mutation1049	101	101	4700	46.5347	46.5347
mutation1050	101	101	3400	33.6634	33.6634
mutation1051	101	101	5120	50.6931	50.6931
mutation1052	101	101	4980	49.3069	49.3069
mutation1053	101	101	4960	49.1089	49.1089
mutation1054	101	101	2480	24.5545	24.5545
mutation1055	101	101	4640	45.9406	45.9406
mutation1056	101	101	3600	35.6436	35.6436
mutation1057	101	101	4360	43.1683	43.1683
mutation1058	101	101	4880	48.3168	48.3168
mutation1059	101	101	6140	60.7921	60.7921
mutation1060	101	101	6080	60.198	60.198
mutation1061	101	101	3780	37.4257	37.4257
mutation1062	101	101	4480	44.3564	44.3564
mutation1063	101	101	3900	38.6139	38.6139
mutation1064	101	101	6420	63.5644	63.5644
mutation1065	101	101	4840	47.9208	47.9208
mutation1066	101	101	1940	19.2079	19.2079
mutation1067	101	101	5040	49.901	49.901
mutation1068	101	101	2660	26.3366	26.3366
mutation1069	101	101	3500	34.6535	34.6535
mutation1070	101	101	4340	42.9703	42.9703
mutation1071	101	101	4960	49.1089	49.1089
mutation1072	101	101	7020	69.505	69.505
mutation1073	101	101	6480	64.1584	64.1584
mutation1074	101	101	4040	40	40
mutation1075	101	101	3740	37.0297	37.0297
mutation1076	101	101	2360	23.3663	23.3663
mutation1077	101	101	4180	41.3861	41.3861
mutation1078	101	101	3480	34.4554	34.4554
mutation1079	101	101	3740	37.0297	37.0297
mutation1080	101	101	6020	59.604	59.604
mutation1081	101	101	4640	45.9406	45.9406
mutation1082	101	101	4600	45.5446	45.5446
mutation1083	101	101	4740	46.9307	46.9307
mutation1084	101	101	1960	19.4059	19.4059
mutation1085	101	101	6040	59.802	59.802
mutation1086	101	101	3600	35.6436	35.6436
mutation1087	101	101	4760	47.1287	47.1287
mutation1088	101	101	3120	30.8911	30.8911
mutation1089	101	101	3560	35.2475	35.2475
mutation1090	101	101	3760	37.2277	37.2277
mutation1091	101	101	3440	34.0594	34.0594
mutation1092	101	101	4860	48.1188	48.1188
mutation1093	101	101	4760	47.1287	47.1287
mutation1094	101	101	5560	55.0495	55.0495
mutation1095	101	101	3960	39.2079	39.2079
mutation1096	101	101	2400	23.7624	23.7624
mutation1097	101	101	4920	48.7129	48.7129
mutation1098	101	101	4720	46.7327	46.7327
mutation1099	101	101	3880	38.4158	38.4158
mutation1100	101	101	3420	33.8614	33.8614
mutation1101	101	101	3080	30.495	30.495
mutation1102	101	101	4200	41.5842	41.5842
mutation1103	101	101	4260	42.1782	42.1782
mutation1104	101	101	3740	37.0297	37.0297
mutation1105	101	101	3720	36.8317	36.8317
mutation1106	101	101	3920	38.8119	38.8119
mutation1107	101	101	3040	30.099	30.099
mutation1108	101	101	4120	40.7921	40.7921
mutation1109	101	101	4280	42.3762	42.3762
mutation1110	101	101	2900	28.7129	28.7129
mutation1111	101	101	3100	30.6931	30.6931
mutation1112	101	101	2960	29.3069	29.3069
mutation1113	101	101	2860	28.3168	28.3168
mutation1114	101	101	3540	35.0495	35.0495
mutation1115	101	101	3140	31.0891	31.0891
mutation1116	101	101	4880	48.3168	48.3168
mutation1117	101	101	2840	28.1188	28.1188
mutation1118	101	101	5420	53.6634	53.6634
mutation1119	101	101	3620	35.8416	35.8416
mutation1120	101	101	4100	40.5941	40.5941
mutation1121	101	101	2300	22.7723	22.7723
mutation1122	101	101	5660	56.0396	56.0396
mutation1123	101	101	3300	32.6733	32.6733
mutation1124	101	101	4240	41.9802	41.9802
mutation1125	101	101	4420	43.7624	43.7624
mutation1126	101	101	4620	45.7426	45.7426
mutation1127	101	101	3100	30.6931	30.6931
mutation1128	101	101	2300	22.7723	22.7723
mutation1129	101	101	3280	32.4752	32.4752
mutation1130	101	101	3480	34.4554	34.4554
mutation1131	101	101	2960	29.3069	29.3069
mutation1132	101	101	2680	26.5347	26.5347
mutation1133	101	101	3840	38.0198	38.0198
mutation1134	101	101	3500	34.6535	34.6535
mutation1135	101	101	4240	41.9802	41.9802
mutation1136	101	101	3820	37.8218	37.8218
mutation1137	101	101	2940	29.1089	29.1089
mutation1138	101	101	5960	59.0099	59.0099
mutation1139	101	101	3340	33.0693	33.0693
mutation1140	101	101	4700	46.5347	46.5347
mutation1141	101	101	4360	43.1683	43.1683
mutation1142	101	101	4900	48.5149	48.5149
mutation1143	101	101	3600	35.6436	35.6436
mutation1144	101	101	5440	53.8614	53.8614
mutation1145	101	101	3340	33.0693	33.0693
mutation1146	101	101	3220	31.8812	31.8812
mutation1147	101	101	3640	36.0396	36.0396
mutation1148	101	101	5320	52.6733	52.6733
mutation1149	101	101	3360	33.2673	33.2673
mutation1150	101	101	3620	35.8416	35.8416
mutation1151	101	101	2860	28.3168	28.3168
mutation1152	101	101	3740	37.0297	37.0297
mutation1153	101	101	2360	23.3663	23.3663
mutation1154	101	101	3940	39.0099	39.0099
mutation1155	101	101	3340	33.0693	33.0693
mutation1156	101	101	3940	39.0099	39.0099
mutation1157	101	101	4840	47.9208	47.9208
mutation1158	101	101	4660	46.1386	46.1386
mutation1159	101	101	3300	32.6733	32.6733
mutation1160	101	101	3460	34.2574	34.2574
mutation1161	101	101	3920	38.8119	38.8119
mutation1162	101	101	2860	28.3168	28.3168
mutation1163	101	101	3320	32.8713	32.8713
mutation1164	101	101	4700	46.5347	46.5347
mutation1165	101	101	2980	29.505	29.505
mutation1166	101	101	3640	36.0396	36.0396
mutation1167	101	101	3800	37.6238	37.6238
mutation1168	101	101	5280	52.2772	52.2772
mutation1169	101	101	3660	36.2376	36.2376
mutation1170	101	101	5040	49.901	49.901
mutation1171	101	101	5660	56.0396	56.0396
mutation1172	101	101	4140	40.9901	40.9901
mutation1173	101	101	3380	33.4653	33.4653
mutation1174	101	101	2520	24.9505	24.9505
mutation1175	101	101	5100	50.495	50.495
mutation1176	101	101	4600	45.5446	45.5446
mutation1177	101	101	2940	29.1089	29.1089
mutation1178	101	101	2560	25.3465	25.3465
mutation1179	101	101	3340	33.0693	33.0693
mutation1180	101	101	3640	36.0396	36.0396
mutation1181	101	101	3140	31.0891	31.0891
mutation1182	101	101	3400	33.6634	33.6634
mutation1183	101	101	3220	31.8812	31.8812
mutation1184	101	101	5060	50.099	50.099
mutation1185	101	101	2260	22.3762	22.3762
mutation1186	101	101	4440	43.9604	43.9604
mutation1187	101	101	2360	23.3663	23.3663
mutation1188	101	101	4120	40.7921	40.7921
mutation1189	101	101	2840	28.1188	28.1188
mutation1190	101	101	3700	36.6337	36.6337
mutation1191	101	101	5160	51.0891	51.0891
mutation1192	101	101	4040	40	40
mutation1193	101	101	4600	45.5446	45.5446
mutation1194	101	101	3480	34.4554	34.4554
mutation1195	101	101	3960	39.2079	39.2079
mutation1196	101	101	5460	54.0594	54.0594
mutation1197	101	101	5340	52.8713	52.8713
mutation1198	101	101	3780	37.4257	37.4257
mutation1199	101	101	4000	39.604	39.604
mutation1200	101	101	3180	31.4851	31.4851
mutation1201	101	101	6540	64.7525	64.7525
mutation1202	101	101	4580	45.3465	45.3465
mutation1203	101	101	3340	33.0693	33.0693
mutation1204	101	101	4440	43.9604	43.9604
mutation1205	101	101	3240	32.0792	32.0792
mutation1206	101	101	3420	33.8614	33.8614
mutation1207	101	101	3060	30.297	30.297
mutation1208	101	101	4120	40.7921	40.7921
mutation1209	101	101	3220	31.8812	31.8812
mutation1210	101	101	4160	41.1881	41.1881
mutation1211	101	101	2940	29.1089	29.1089
mutation1212	101	101	3420	33.8614	33.8614
mutation1213	101	101	5660	56.0396	56.0396
mutation1214	101	101	5460	54.0594	54.0594
mutation1215	101	101	4740	46.9307	46.9307
mutation1216	101	101	3660	36.2376	36.2376
mutation1217	101	101	3100	30.6931	30.6931
mutation1218	101	101	3420	33.8614	33.8614
mutation1219	101	101	3380	33.4653	33.4653
mutation1220	101	101	3260	32.2772	32.2772
mutation1221	101	101	2340	23.1683	23.1683
mutation1222	101	101	3660	36.2376	36.2376
mutation1223	101	101	3780	37.4257	37.4257
mutation1224	101	101	3540	35.0495	35.0495
mutation1225	101	101	5020	49.703	49.703
mutation1226	101	101	6460	63.9604	63.9604
mutation1227	101	101	3480	34.4554	34.4554
mutation1228	101	101	6180	61.1881	61.1881
mutation1229	101	101	3320	32.8713	32.8713
mutation1230	101	101	4300	42.5743	42.5743
mutation1231	101	101	2000	19.802	19.802
mutation1232	101	101	3580	35.4455	35.4455
mutation1233	101	101	3060	30.297	30.297
mutation1234	101	101	5140	50.8911	50.8911
mutation1235	101	101	5040	49.901	49.901
mutation1236	101	101	2040	20.198	20.198
mutation1237	101	101	2520	24.9505	24.9505
mutation1238	101	101	3600	35.6436	35.6436
mutation1239	101	101	3740	37.0297	37.0297
mutation1240	101	101	5080	50.297	50.297
mutation1241	101	101	5800	57.4257	57.4257
mutation1242	101	101	5780	57.2277	57.2277
mutation1243	101	101	5040	49.901	49.901
mutation1244	101	101	3440	34.0594	34.0594
mutation1245	101	101	4420	43.7624	43.7624
mutation1246	101	101	4860	48.1188	48.1188
mutation1247	101	101	4720	46.7327	46.7327
mutation1248	101	101	3200	31.6832	31.6832
mutation1249	101	101	5360	53.0693	53.0693
mutation1250	101	101	5980	59.2079	59.2079
mutation1251	101	101	5100	50.495	50.495
mutation1252	101	101	3160	31.2871	31.2871
mutation1253	101	101	3840	38.0198	38.0198
mutation1254	101	101	3920	38.8119	38.8119
mutation1255	101	101	6620	65.5446	65.5446
mutation1256	101	101	4620	45.7426	45.7426
mutation1257	101	101	4560	45.1485	45.1485
mutation1258	101	101	4120	40.7921	40.7921
mutation1259	101	101	2420	23.9604	23.9604
mutation1260	101	101	4340	42.9703	42.9703
mutation1261	101	101	6500	64.3564	64.3564
mutation1262	101	101	3460	34.2574	34.2574
mutation1263	101	101	3040	30.099	30.099
mutation1264	101	101	4500	44.5545	44.5545
mutation1265	101	101	3260	32.2772	32.2772
mutation1266	101	101	3600	35.6436	35.6436
mutation1267	101	101	3740	37.0297	37.0297
mutation1268	101	101	4560	45.1485	45.1485
mutation1269	101	101	5240	51.8812	51.8812
mutation1270	101	101	2960	29.3069	29.3069
mutation1271	101	101	3340	33.0693	33.0693
mutation1272	101	101	2480	24.5545	24.5545
mutation1273	101	101	3380	33.4653	33.4653
mutation1274	101	101	2480	24.5545	24.5545
mutation1275	101	101	3980	39.4059	39.4059
mutation1276	101	101	3580	35.4455	35.4455
mutation1277	101	101	3100	30.6931	30.6931
mutation1278	101	101	4860	48.1188	48.1188
mutation1279	101	101	5380	53.2673	53.2673
mutation1280	101	101	4480	44.3564	44.3564
mutation1281	101	101	2420	23.9604	23.9604
mutation1282	101	101	4000	39.604	39.604
mutation1283	101	101	2640	26.1386	26.1386
mutation1284	101	101	3300	32.6733	32.6733
mutation1285	101	101	2580	25.5446	25.5446
mutation1286	101	101	1980	19.604	19.604
mutation1287	101	101	2800	27.7228	27.7228
mutation1288	101	101	3220	31.8812	31.8812
mutation1289	101	101	5840	57.8218	57.8218
mutation1290	101	101	1840	18.2178	18.2178
mutation1291	101	101	4360	43.1683	43.1683
mutation1292	101	101	3480	34.4554	34.4554
mutation1293	101	101	3000	29.703	29.703
mutation1294	101	101	4480	44.3564	44.3564
mutation1295	101	101	4240	41.9802	41.9802
mutation1296	101	101	2900	28.7129	28.7129
mutation1297	101	101	4060	40.198	40.198
mutation1298	101	101	4100	40.5941	40.5941
mutation1299	101	101	4100	40.5941	40.5941
mutation1300	101	101	4680	46.3366	46.3366
mutation1301	101	101	4940	48.9109	48.9109
mutation1302	101	101	4280	42.3762	42.3762
mutation1303	101	101	2840	28.1188	28.1188
mutation1304	101	101	4140	40.9901	40.9901
mutation1305	101	101	5600	55.4455	55.4455
mutation1306	101	101	3400	33.6634	33.6634
mutation1307	101	101	5120	50.6931	50.6931
mutation1308	101	101	6360	62.9703	62.9703
mutation1309	101	101	6500	64.3564	64.3564
mutation1310	101	101	4260	42.1782	42.1782
mutation1311	101	101	4780	47.3267	47.3267
mutation1312	101	101	1480	14.6535	14.6535
mutation1313	101	101	5360	53.0693	53.0693
mutation1314	101	101	4540	44.9505	44.9505
mutation1315	101	101	5180	51.2871	51.2871
mutation1316	101	101	4840	47.9208	47.9208
mutation1317	101	101	3740	37.0297	37.0297
mutation1318	101	101	3000	29.703	29.703
mutation1319	101	101	3620	35.8416	35.8416
mutation1320	101	101	2660	26.3366	26.3366
mutation1321	101	101	2800	27.7228	27.7228
mutation1322	101	101	3380	33.4653	33.4653
mutation1323	101	101	4680	46.3366	46.3366
mutation1324	101	101	6840	67.7228	67.7228
mutation1325	101	101	4060	40.198	40.198
mutation1326	101	101	5940	58.8119	58.8119
mutation1327	101	101	5320	52.6733	52.6733
mutation1328	101	101	6140	60.7921	60.7921
mutation1329	101	101	3440	34.0594	34.0594
mutation1330	101	101	5140	50.8911	50.8911
mutation1331	101	101	5040	49.901	49.901
mutation1332	101	101	3880	38.4158	38.4158
mutation1333	101	101	3960	39.2079	39.2079
mutation1334	101	101	5060	50.099	50.099
mutation1335	101	101	4160	41.1881	41.1881
mutation1336	101	101	4640	45.9406	45.9406
mutation1337	101	101	4260	42.1782	42.1782
mutation1338	101	101	6700	66.3366	66.3366
mutation1339	101	101	4920	48.7129	48.7129
mutation1340	101	101	4320	42.7723	42.7723
mutation1341	101	101	3220	31.8812	31.8812
mutation1342	101	101	5100	50.495	50.495
mutation1343	101	101	6300	62.3762	62.3762
mutation1344	101	101	4940	48.9109	48.9109
mutation1345	101	101	3320	32.8713	32.8713
mutation1346	101	101	5700	56.4356	56.4356
mutation1347	101	101	3560	35.2475	35.2475
mutation1348	101	101	4480	44.3564	44.3564
mutation1349	101	101	2940	29.1089	29.1089
mutation1350	101	101	3100	30.6931	30.6931
mutation1351	101	101	3920	38.8119	38.8119
mutation1352	101	101	3120	30.8911	30.8911
mutation1353	101	101	3960	39.2079	39.2079
mutation1354	101	101	4500	44.5545	44.5545
mutation1355	101	101	3240	32.0792	32.0792
mutation1356	101	101	2800	27.7228	27.7228
mutation1357	101	101	2920	28.9109	28.9109
mutation1358	101	101	4800	47.5248	47.5248
mutation1359	101	101	2880	28.5149	28.5149
mutation1360	101	101	4040	40	40
mutation1361	101	101	4540	44.9505	44.9505
mutation1362	101	101	4180	41.3861	41.3861
mutation1363	101	101	4280	42.3762	42.3762
mutation1364	101	101	4480	44.3564	44.3564
mutation1365	101	101	3240	32.0792	32.0792
mutation1366	101	101	4840	47.9208	47.9208
mutation1367	101	101	3280	32.4752	32.4752
mutation1368	101	101	4480	44.3564	44.3564
mutation1369	101	101	2040	20.198	20.198
mutation1370	101	101	5740	56.8317	56.8317
mutation1371	101	101	5400	53.4653	53.4653
mutation1372	101	101	4140	40.9901	40.9901
mutation1373	101	101	4660	46.1386	46.1386
mutation1374	101	101	3420	33.8614	33.8614
mutation1375	101	101	4960	49.1089	49.1089
mutation1376	101	101	2720	26.9307	26.9307
mutation1377	101	101	4440	43.9604	43.9604
mutation1378	101	101	3500	34.6535	34.6535
mutation1379	101	101	3520	34.8515	34.8515
mutation1380	101	101	5180	51.2871	51.2871
mutation1381	101	101	3660	36.2376	36.2376
mutation1382	101	101	3460	34.2574	34.2574
mutation1383	101	101	2740	27.1287	27.1287
mutation1384	101	101	4520	44.7525	44.7525
mutation1385	101	101	3420	33.8614	33.8614
mutation1386	101	101	4260	42.1782	42.1782
mutation1387	101	101	3960	39.2079	39.2079
mutation1388	101	101	3420	33.8614	33.8614
mutation1389	101	101	4060	40.198	40.198
mutation1390	101	101	4660	46.1386	46.1386
mutation1391	101	101	3680	36.4356	36.4356
mutation1392	101	101	4440	43.9604	43.9604
mutation1393	101	101	2860	28.3168	28.3168
mutation1394	101	101	3240	32.0792	32.0792
mutation1395	101	101	4240	41.9802	41.9802
mutation1396	101	101	3280	32.4752	32.4752
mutation1397	101	101	5200	51.4851	51.4851
mutation1398	101	101	3240	32.0792	32.0792
mutation1399	101	101	3560	35.2475	35.2475
mutation1400	101	101	4920	48.7129	48.7129
mutation1401	101	101	2580	25.5446	25.5446
mutation1402	101	101	4080	40.396	40.396
mutation1403	101	101	5340	52.8713	52.8713
mutation1404	101	101	5820	57.6238	57.6238
mutation1405	101	101	7060	69.901	69.901
mutation1406	101	101	5620	55.6436	55.6436
mutation1407	101	101	3940	39.0099	39.0099
mutation1408	101	101	2120	20.9901	20.9901
mutation1409	101	101	7080	70.099	70.099
mutation1410	101	101	4920	48.7129	48.7129
mutation1411	101	101	4400	43.5644	43.5644
mutation1412	101	101	5400	53.4653	53.4653
mutation1413	101	101	4280	42.3762	42.3762
mutation1414	101	101	4640	45.9406	45.9406
mutation1415	101	101	2940	29.1089	29.1089
mutation1416	101	101	4240	41.9802	41.9802
mutation1417	101	101	3780	37.4257	37.4257
mutation1418	101	101	3820	37.8218	37.8218
mutation1419	101	101	3300	32.6733	32.6733
mutation1420	101	101	2300	22.7723	22.7723
mutation1421	101	101	2900	28.7129	28.7129
mutation1422	101	101	3580	35.4455	35.4455
mutation1423	101	101	3060	30.297	30.297
mutation1424	101	101	3540	35.0495	35.0495
mutation1425	101	101	6280	62.1782	62.1782
mutation1426	101	101	5260	52.0792	52.0792
mutation1427	101	101	2460	24.3564	24.3564
mutation1428	101	101	5380	53.2673	53.2673
mutation1429	101	101	3040	30.099	30.099
mutation1430	101	101	6160	60.9901	60.9901
mutation1431	101	101	4640	45.9406	45.9406
mutation1432	101	101	3620	35.8416	35.8416
mutation1433	101	101	3280	32.4752	32.4752
mutation1434	101	101	2980	29.505	29.505
mutation1435	101	101	3520	34.8515	34.8515
mutation1436	101	101	3960	39.2079	39.2079
mutation1437	101	101	3580	35.4455	35.4455
mutation1438	101	101	3580	35.4455	35.4455
mutation1439	101	101	5240	51.8812	51.8812
mutation1440	101	101	4760	47.1287	47.1287
mutation1441	101	101	3520	34.8515	34.8515
mutation1442	101	101	4960	49.1089	49.1089
mutation1443	101	101	4320	42.7723	42.7723
mutation1444	101	101	5240	51.8812	51.8812
mutation1445	101	101	4620	45.7426	45.7426
mutation1446	101	101	3040	30.099	30.099
mutation1447	101	101	4740	46.9307	46.9307
mutation1448	101	101	4860	48.1188	48.1188
mutation1449	101	101	3300	32.6733	32.6733
mutation1450	101	101	3500	34.6535	34.6535
mutation1451	101	101	3480	34.4554	34.4554
mutation1452	101	101	3600	35.6436	35.6436
mutation1453	101	101	4580	45.3465	45.3465
mutation1454	101	101	5820	57.6238	57.6238
mutation1455	101	101	2820	27.9208	27.9208
mutation1456	101	101	2840	28.1188	28.1188
mutation1457	101	101	3820	37.8218	37.8218
mutation1458	101	101	2220	21.9802	21.9802
mutation1459	101	101	5460	54.0594	54.0594
mutation1460	101	101	5140	50.8911	50.8911
mutation1461	101	101	4140	40.9901	40.9901
mutation1462	101	101	3340	33.0693	33.0693
mutation1463	101	101	3780	37.4257	37.4257
mutation1464	101	101	2840	28.1188	28.1188
mutation1465	101	101	2380	23.5644	23.5644
mutation1466	101	101	3580	35.4455	35.4455
mutation1467	101	101	7360	72.8713	72.8713
mutation1468	101	101	4960	49.1089	49.1089
mutation1469	101	101	3700	36.6337	36.6337
mutation1470	101	101	4560	45.1485	45.1485
mutation1471	101	101	5560	55.0495	55.0495
mutation1472	101	101	5480	54.2574	54.2574
mutation1473	101	101	4600	45.5446	45.5446
mutation1474	101	101	3580	35.4455	35.4455
mutation1475	101	101	4980	49.3069	49.3069
mutation1476	101	101	5560	55.0495	55.0495
mutation1477	101	101	4240	41.9802	41.9802
mutation1478	101	101	4060	40.198	40.198
mutation1479	101	101	2520	24.9505	24.9505
mutation1480	101	101	4100	40.5941	40.5941
mutation1481	101	101	3540	35.0495	35.0495
mutation1482	101	101	3640	36.0396	36.0396
mutation1483	101	101	3720	36.8317	36.8317
mutation1484	101	101	4360	43.1683	43.1683
mutation1485	101	101	3720	36.8317	36.8317
mutation1486	101	101	5760	57.0297	57.0297
mutation1487	101	101	6240	61.7822	61.7822
mutation1488	101	101	3120	30.8911	30.8911
mutation1489	101	101	4080	40.396	40.396
mutation1490	101	101	5440	53.8614	53.8614
mutation1491	101	101	3340	33.0693	33.0693
mutation1492	101	101	3860	38.2178	38.2178
mutation1493	101	101	2600	25.7426	25.7426
mutation1494	101	101	6220	61.5842	61.5842
mutation1495	101	101	5460	54.0594	54.0594
mutation1496	101	101	6860	67.9208	67.9208
mutation1497	101	101	6380	63.1683	63.1683
mutation1498	101	101	3160	31.2871	31.2871
mutation1499	101	101	5340	52.8713	52.8713
mutation1500	101	101	3800	37.6238	37.6238
mutation1501	101	101	4420	43.7624	43.7624
mutation1502	101	101	4360	43.1683	43.1683
mutation1503	101	101	3820	37.8218	37.8218
mutation1504	101	101	4760	47.1287	47.1287
mutation1505	101	101	4260	42.1782	42.1782
mutation1506	101	101	2800	27.7228	27.7228
mutation1507	101	101	3940	39.0099	39.0099
mutation1508	101	101	4260	42.1782	42.1782
mutation1509	101	101	2940	29.1089	29.1089
mutation1510	101	101	3460	34.2574	34.2574
mutation1511	101	101	3560	35.2475	35.2475
mutation1512	101	101	5360	53.0693	53.0693
mutation1513	101	101	3120	30.8911	30.8911
mutation1514	101	101	4120	40.7921	40.7921
mutation1515	101	101	3040	30.099	30.099
mutation1516	101	101	4620	45.7426	45.7426
mutation1517	101	101	3940	39.0099	39.0099
mutation1518	101	101	4040	40	40
mutation1519	101	101	4080	40.396	40.396
mutation1520	101	101	2940	29.1089	29.1089
mutation1521	101	101	3940	39.0099	39.0099
mutation1522	101	101	3520	34.8515	34.8515
mutation1523	101	101	2480	24.5545	24.5545
mutation1524	101	101	4020	39.802	39.802
mutation1525	101	101	3600	35.6436	35.6436
mutation1526	101	101	4060	40.198	40.198
mutation1527	101	101	3900	38.6139	38.6139
mutation1528	101	101	3340	33.0693	33.0693
mutation1529	101	101	3960	39.2079	39.2079
mutation1530	101	101	3940	39.0099	39.0099
mutation1531	101	101	5700	56.4356	56.4356
mutation1532	101	101	3120	30.8911	30.8911
mutation1533	101	101	3260	32.2772	32.2772
mutation1534	101	101	4140	40.9901	40.9901
mutation1535	101	101	2240	22.1782	22.1782
mutation1536	101	101	4160	41.1881	41.1881
mutation1537	101	101	5360	53.0693	53.0693
mutation1538	101	101	4120	40.7921	40.7921
mutation1539	101	101	4640	45.9406	45.9406
mutation1540	101	101	4420	43.7624	43.7624
mutation1541	101	101	4980	49.3069	49.3069
mutation1542	101	101	5060	50.099	50.099
mutation1543	101	101	3140	31.0891	31.0891
mutation1544	101	101	4680	46.3366	46.3366
mutation1545	101	101	4180	41.3861	41.3861
mutation1546	101	101	5340	52.8713	52.8713
mutation1547	101	101	5840	57.8218	57.8218
mutation1548	101	101	3100	30.6931	30.6931
mutation1549	101	101	4220	41.7822	41.7822
mutation1550	101	101	3740	37.0297	37.0297
mutation1551	101	101	2660	26.3366	26.3366
mutation1552	101	101	3840	38.0198	38.0198
mutation1553	101	101	4600	45.5446	45.5446
mutation1554	101	101	6560	64.9505	64.9505
mutation1555	101	101	6380	63.1683	63.1683
mutation1556	101	101	4580	45.3465	45.3465
mutation1557	101	101	5840	57.8218	57.8218
mutation1558	101	101	3440	34.0594	34.0594
mutation1559	101	101	3620	35.8416	35.8416
mutation1560	101	101	3500	34.6535	34.6535
mutation1561	101	101	2740	27.1287	27.1287
mutation1562	101	101	4620	45.7426	45.7426
mutation1563	101	101	3960	39.2079	39.2079
mutation1564	101	101	7060	69.901	69.901
mutation1565	101	101	5120	50.6931	50.6931
mutation1566	101	101	5960	59.0099	59.0099
mutation1567	101	101	3360	33.2673	33.2673
mutation1568	101	101	4280	42.3762	42.3762
mutation1569	101	101	2420	23.9604	23.9604
mutation1570	101	101	4840	47.9208	47.9208
mutation1571	101	101	3340	33.0693	33.0693
mutation1572	101	101	5000	49.505	49.505
mutation1573	101	101	5140	50.8911	50.8911
mutation1574	101	101	4040	40	40
mutation1575	101	101	3120	30.8911	30.8911
mutation1576	101	101	3940	39.0099	39.0099
mutation1577	101	101	2640	26.1386	26.1386
mutation1578	101	101	3480	34.4554	34.4554
mutation1579	101	101	4480	44.3564	44.3564
mutation1580	101	101	3500	34.6535	34.6535
mutation1581	101	101	3580	35.4455	35.4455
mutation1582	101	101	3020	29.901	29.901
mutation1583	101	101	4000	39.604	39.604
mutation1584	101	101	2680	26.5347	26.5347
mutation1585	101	101	3100	30.6931	30.6931
mutation1586	101	101	3960	39.2079	39.2079
mutation1587	101	101	2500	24.7525	24.7525
mutation1588	101	101	5420	53.6634	53.6634
mutation1589	101	101	4820	47.7228	47.7228
mutation1590	101	101	4360	43.1683	43.1683
mutation1591	101	101	3240	32.0792	32.0792
mutation1592	101	101	3740	37.0297	37.0297
mutation1593	101	101	3120	30.8911	30.8911
mutation1594	101	101	5460	54.0594	54.0594
mutation1595	101	101	3980	39.4059	39.4059
mutation1596	101	101	3260	32.2772	32.2772
mutation1597	101	101	3560	35.2475	35.2475
mutation1598	101	101	3940	39.0099	39.0099
mutation1599	101	101	3980	39.4059	39.4059
mutation1600	101	101	3840	38.0198	38.0198
mutation1601	101	101	3060	30.297	30.297
mutation1602	101	101	4640	45.9406	45.9406
mutation1603	101	101	3620	35.8416	35.8416
mutation1604	101	101	3620	35.8416	35.8416
mutation1605	101	101	3760	37.2277	37.2277
mutation1606	101	101	3540	35.0495	35.0495
mutation1607	101	101	2620	25.9406	25.9406
mutation1608	101	101	3780	37.4257	37.4257
mutation1609	101	101	3980	39.4059	39.4059
mutation1610	101	101	3220	31.8812	31.8812
mutation1611	101	101	3320	32.8713	32.8713
mutation1612	101	101	5140	50.8911	50.8911
mutation1613	101	101	5320	52.6733	52.6733
mutation1614	101	101	4960	49.1089	49.1089
mutation1615	101	101	4020	39.802	39.802
mutation1616	101	101	5760	57.0297	57.0297
mutation1617	101	101	4060	40.198	40.198
mutation1618	101	101	5060	50.099	50.099
mutation1619	101	101	4120	40.7921	40.7921
mutation1620	101	101	5440	53.8614	53.8614
mutation1621	101	101	3020	29.901	29.901
mutation1622	101	101	3460	34.2574	34.2574
mutation1623	101	101	4840	47.9208	47.9208
mutation1624	101	101	6160	60.9901	60.9901
mutation1625	101	101	5040	49.901	49.901
mutation1626	101	101	5360	53.0693	53.0693
mutation1627	101	101	2600	25.7426	25.7426
mutation1628	101	101	3440	34.0594	34.0594
mutation1629	101	101	6000	59.4059	59.4059
mutation1630	101	101	3160	31.2871	31.2871
mutation1631	101	101	5320	52.6733	52.6733
mutation1632	101	101	5500	54.4554	54.4554
mutation1633	101	101	5500	54.4554	54.4554
mutation1634	101	101	3940	39.0099	39.0099
mutation1635	101	101	3880	38.4158	38.4158
mutation1636	101	101	3460	34.2574	34.2574
mutation1637	101	101	2680	26.5347	26.5347
mutation1638	101	101	2960	29.3069	29.3069
mutation1639	101	101	2920	28.9109	28.9109
mutation1640	101	101	2960	29.3069	29.3069
mutation1641	101	101	3220	31.8812	31.8812
mutation1642	101	101	4440	43.9604	43.9604
mutation1643	101	101	3620	35.8416	35.8416
mutation1644	101	101	3020	29.901	29.901
mutation1645	101	101	3180	31.4851	31.4851
mutation1646	101	101	4520	44.7525	44.7525
mutation1647	101	101	4000	39.604	39.604
mutation1648	101	101	4280	42.3762	42.3762
mutation1649	101	101	3140	31.0891	31.0891
mutation1650	101	101	4460	44.1584	44.1584
mutation1651	101	101	5760	57.0297	57.0297
mutation1652	101	101	6220	61.5842	61.5842
mutation1653	101	101	2360	23.3663	23.3663
mutation1654	101	101	3440	34.0594	34.0594
mutation1655	101	101	3260	32.2772	32.2772
mutation1656	101	101	3740	37.0297	37.0297
mutation1657	101	101	2280	22.5743	22.5743
mutation1658	101	101	5200	51.4851	51.4851
mutation1659	101	101	2380	23.5644	23.5644
mutation1660	101	101	3540	35.0495	35.0495
mutation1661	101	101	4800	47.5248	47.5248
mutation1662	101	101	3620	35.8416	35.8416
mutation1663	101	101	2280	22.5743	22.5743
mutation1664	101	101	3940	39.0099	39.0099
mutation1665	101	101	4640	45.9406	45.9406
mutation1666	101	101	2900	28.7129	28.7129
mutation1667	101	101	3440	34.0594	34.0594
mutation1668	101	101	3500	34.6535	34.6535
mutation1669	101	101	2900	28.7129	28.7129
mutation1670	101	101	3360	33.2673	33.2673
mutation1671	101	101	4540	44.9505	44.9505
mutation1672	101	101	4600	45.5446	45.5446
mutation1673	101	101	4820	47.7228	47.7228
mutation1674	101	101	3080	30.495	30.495
mutation1675	101	101	5960	59.0099	59.0099
mutation1676	101	101	4260	42.1782	42.1782
mutation1677	101	101	6220	61.5842	61.5842
mutation1678	101	101	5960	59.0099	59.0099
mutation1679	101	101	4740	46.9307	46.9307
mutation1680	101	101	4520	44.7525	44.7525
mutation1681	101	101	3660	36.2376	36.2376
mutation1682	101	101	5020	49.703	49.703
mutation1683	101	101	3240	32.0792	32.0792
mutation1684	101	101	4820	47.7228	47.7228
mutation1685	101	101	5580	55.2475	55.2475
mutation1686	101	101	4900	48.5149	48.5149
mutation1687	101	101	4240	41.9802	41.9802
mutation1688	101	101	3660	36.2376	36.2376
mutation1689	101	101	2240	22.1782	22.1782
mutation1690	101	101	3080	30.495	30.495
mutation1691	101	101	5040	49.901	49.901
mutation1692	101	101	3500	34.6535	34.6535
mutation1693	101	101	2220	21.9802	21.9802
mutation1694	101	101	4540	44.9505	44.9505
mutation1695	101	101	3820	37.8218	37.8218
mutation1696	101	101	3340	33.0693	33.0693
mutation1697	101	101	3340	33.0693	33.0693
mutation1698	101	101	4040	40	40
mutation1699	101	101	2660	26.3366	26.3366
mutation1700	101	101	2320	22.9703	22.9703
mutation1701	101	101	3780	37.4257	37.4257
mutation1702	101	101	4040	40	40
mutation1703	101	101	2900	28.7129	28.7129
mutation1704	101	101	4060	40.198	40.198
mutation1705	101	101	4060	40.198	40.198
mutation1706	101	101	2560	25.3465	25.3465
mutation1707	101	101	4300	42.5743	42.5743
mutation1708	101	101	2940	29.1089	29.1089
mutation1709	101	101	3120	30.8911	30.8911
mutation1710	101	101	5740	56.8317	56.8317
mutation1711	101	101	3960	39.2079	39.2079
mutation1712	101	101	2440	24.1584	24.1584
mutation1713	101	101	5740	56.8317	56.8317
mutation1714	101	101	3220	31.8812	31.8812
mutation1715	101	101	4020	39.802	39.802
mutation1716	101	101	3860	38.2178	38.2178
mutation1717	101	101	4320	42.7723	42.7723
mutation1718	101	101	3480	34.4554	34.4554
mutation1719	101	101	5220	51.6832	51.6832
mutation1720	101	101	5120	50.6931	50.6931
mutation1721	101	101	2780	27.5248	27.5248
mutation1722	101	101	4680	46.3366	46.3366
mutation1723	101	101	5320	52.6733	52.6733
mutation1724	101	101	3260	32.2772	32.2772
mutation1725	101	101	2940	29.1089	29.1089
mutation1726	101	101	4000	39.604	39.604
mutation1727	101	101	5860	58.0198	58.0198
mutation1728	101	101	5040	49.901	49.901
mutation1729	101	101	5260	52.0792	52.0792
mutation1730	101	101	3320	32.8713	32.8713
mutation1731	101	101	4100	40.5941	40.5941
mutation1732	101	101	4380	43.3663	43.3663
mutation1733	101	101	4760	47.1287	47.1287
mutation1734	101	101	4800	47.5248	47.5248
mutation1735	101	101	3200	31.6832	31.6832
mutation1736	101	101	2840	28.1188	28.1188
mutation1737	101	101	4440	43.9604	43.9604
mutation1738	101	101	3700	36.6337	36.6337
mutation1739	101	101	3740	37.0297	37.0297
mutation1740	101	101	2900	28.7129	28.7129
mutation1741	101	101	4400	43.5644	43.5644
mutation1742	101	101	2800	27.7228	27.7228
mutation1743	101	101	3600	35.6436	35.6436
mutation1744	101	101	4740	46.9307	46.9307
mutation1745	101	101	5200	51.4851	51.4851
mutation1746	101	101	2700	26.7327	26.7327
mutation1747	101	101	4180	41.3861	41.3861
mutation1748	101	101	5720	56.6337	56.6337
mutation1749	101	101	4920	48.7129	48.7129
mutation1750	101	101	6040	59.802	59.802
mutation1751	101	101	3900	38.6139	38.6139
mutation1752	101	101	6080	60.198	60.198
mutation1753	101	101	1660	16.4356	16.4356
mutation1754	101	101	7040	69.703	69.703
mutation1755	101	101	3500	34.6535	34.6535
mutation1756	101	101	4400	43.5644	43.5644
mutation1757	101	101	4720	46.7327	46.7327
mutation1758	101	101	4660	46.1386	46.1386
mutation1759	101	101	3560	35.2475	35.2475
mutation1760	101	101	4420	43.7624	43.7624
mutation1761	101	101	3500	34.6535	34.6535
mutation1762	101	101	5100	50.495	50.495
mutation1763	101	101	3160	31.2871	31.2871
mutation1764	101	101	4700	46.5347	46.5347
mutation1765	101	101	4140	40.9901	40.9901
mutation1766	101	101	3620	35.8416	35.8416
mutation1767	101	101	3080	30.495	30.495
mutation1768	101	101	2440	24.1584	24.1584
mutation1769	101	101	4580	45.3465	45.3465
mutation1770	101	101	5300	52.4752	52.4752
mutation1771	101	101	4640	45.9406	45.9406
mutation1772	101	101	4760	47.1287	47.1287
mutation1773	101	101	4880	48.3168	48.3168
mutation1774	101	101	4020	39.802	39.802
mutation1775	101	101	3340	33.0693	33.0693
mutation1776	101	101	2940	29.1089	29.1089
mutation1777	101	101	4080	40.396	40.396
mutation1778	101	101	4340	42.9703	42.9703
mutation1779	101	101	2540	25.1485	25.1485
mutation1780	101	101	3940	39.0099	39.0099
mutation1781	101	101	3760	37.2277	37.2277
mutation1782	101	101	3380	33.4653	33.4653
mutation1783	101	101	5120	50.6931	50.6931
mutation1784	101	101	4160	41.1881	41.1881
mutation1785	101	101	5540	54.8515	54.8515
mutation1786	101	101	3140	31.0891	31.0891
mutation1787	101	101	5000	49.505	49.505
mutation1788	101	101	6220	61.5842	61.5842
mutation1789	101	101	2120	20.9901	20.9901
mutation1790	101	101	4460	44.1584	44.1584
mutation1791	101	101	2820	27.9208	27.9208
mutation1792	101	101	5140	50.8911	50.8911
mutation1793	101	101	3580	35.4455	35.4455
mutation1794	101	101	5920	58.6139	58.6139
mutation1795	101	101	3020	29.901	29.901
mutation1796	101	101	4380	43.3663	43.3663
mutation1797	101	101	3320	32.8713	32.8713
mutation1798	101	101	5200	51.4851	51.4851
mutation1799	101	101	3840	38.0198	38.0198
mutation1800	101	101	3200	31.6832	31.6832
mutation1801	101	101	5280	52.2772	52.2772
mutation1802	101	101	5020	49.703	49.703
mutation1803	101	101	4020	39.802	39.802
mutation1804	101	101	3360	33.2673	33.2673
mutation1805	101	101	5440	53.8614	53.8614
mutation1806	101	101	3820	37.8218	37.8218
mutation1807	101	101	6520	64.5545	64.5545
mutation1808	101	101	6880	68.1188	68.1188
mutation1809	101	101	3340	33.0693	33.0693
mutation1810	101	101	4640	45.9406	45.9406
mutation1811	101	101	2960	29.3069	29.3069
mutation1812	101	101	4680	46.3366	46.3366
mutation1813	101	101	3960	39.2079	39.2079
mutation1814	101	101	3340	33.0693	33.0693
mutation1815	101	101	2920	28.9109	28.9109
mutation1816	101	101	1700	16.8317	16.8317
mutation1817	101	101	3320	32.8713	32.8713
mutation1818	101	101	2820	27.9208	27.9208
mutation1819	101	101	2340	23.1683	23.1683
mutation1820	101	101	2420	23.9604	23.9604
mutation1821	101	101	2380	23.5644	23.5644
mutation1822	101	101	3840	38.0198	38.0198
mutation1823	101	101	3620	35.8416	35.8416
mutation1824	101	101	4360	43.1683	43.1683
mutation1825	101	101	2740	27.1287	27.1287
mutation1826	101	101	2160	21.3861	21.3861
mutation1827	101	101	2240	22.1782	22.1782
mutation1828	101	101	3660	36.2376	36.2376
mutation1829	101	101	5100	50.495	50.495
mutation1830	101	101	4440	43.9604	43.9604
mutation1831	101	101	5260	52.0792	52.0792
mutation1832	101	101	4180	41.3861	41.3861
mutation1833	101	101	4100	40.5941	40.5941
mutation1834	101	101	2520	24.9505	24.9505
mutation1835	101	101	2820	27.9208	27.9208
mutation1836	101	101	5840	57.8218	57.8218
mutation1837	101	101	2700	26.7327	26.7327
mutation1838	101	101	4240	41.9802	41.9802
mutation1839	101	101	2540	25.1485	25.1485
mutation1840	101	101	4220	41.7822	41.7822
mutation1841	101	101	4840	47.9208	47.9208
mutation1842	101	101	2720	26.9307	26.9307
mutation1843	101	101	4660	46.1386	46.1386
mutation1844	101	101	3100	30.6931	30.6931
mutation1845	101	101	4280	42.3762	42.3762
mutation1846	101	101	3040	30.099	30.099
mutation1847	101	101	4520	44.7525	44.7525
mutation1848	101	101	5400	53.4653	53.4653
mutation1849	101	101	4000	39.604	39.604
mutation1850	101	101	6920	68.5149	68.5149
mutation1851	101	101	3640	36.0396	36.0396
mutation1852	101	101	3800	37.6238	37.6238
mutation1853	101	101	4340	42.9703	42.9703
mutation1854	101	101	4840	47.9208	47.9208
mutation1855	101	101	5680	56.2376	56.2376
mutation1856	101	101	2920	28.9109	28.9109
mutation1857	101	101	2360	23.3663	23.3663
mutation1858	101	101	3840	38.0198	38.0198
mutation1859	101	101	3980	39.4059	39.4059
mutation1860	101	101	3440	34.0594	34.0594
mutation1861	101	101	2800	27.7228	27.7228
mutation1862	101	101	3500	34.6535	34.6535
mutation1863	101	101	4440	43.9604	43.9604
mutation1864	101	101	3860	38.2178	38.2178
mutation1865	101	101	3120	30.8911	30.8911
mutation1866	101	101	4960	49.1089	49.1089
mutation1867	101	101	4340	42.9703	42.9703
mutation1868	101	101	4580	45.3465	45.3465
mutation1869	101	101	5000	49.505	49.505
mutation1870	101	101	3140	31.0891	31.0891
mutation1871	101	101	3020	29.901	29.901
mutation1872	101	101	3260	32.2772	32.2772
mutation1873	101	101	5560	55.0495	55.0495
mutation1874	101	101	4340	42.9703	42.9703
mutation1875	101	101	2560	25.3465	25.3465
mutation1876	101	101	3540	35.0495	35.0495
mutation1877	101	101	4760	47.1287	47.1287
mutation1878	101	101	5240	51.8812	51.8812
mutation1879	101	101	5460	54.0594	54.0594
mutation1880	101	101	6160	60.9901	60.9901
mutation1881	101	101	6340	62.7723	62.7723
mutation1882	101	101	4840	47.9208	47.9208
mutation1883	101	101	3940	39.0099	39.0099
mutation1884	101	101	2800	27.7228	27.7228
mutation1885	101	101	4240	41.9802	41.9802
mutation1886	101	101	2860	28.3168	28.3168
mutation1887	101	101	3420	33.8614	33.8614
mutation1888	101	101	2460	24.3564	24.3564
mutation1889	101	101	3080	30.495	30.495
mutation1890	101	101	2740	27.1287	27.1287
mutation1891	101	101	4420	43.7624	43.7624
mutation1892	101	101	3200	31.6832	31.6832
mutation1893	101	101	4960	49.1089	49.1089
mutation1894	101	101	3800	37.6238	37.6238
mutation1895	101	101	5280	52.2772	52.2772
mutation1896	101	101	4160	41.1881	41.1881
mutation1897	101	101	3920	38.8119	38.8119
mutation1898	101	101	5540	54.8515	54.8515
mutation1899	101	101	4880	48.3168	48.3168
mutation1900	101	101	2740	27.1287	27.1287
mutation1901	101	101	2560	25.3465	25.3465
mutation1902	101	101	4760	47.1287	47.1287
mutation1903	101	101	3640	36.0396	36.0396
mutation1904	101	101	2640	26.1386	26.1386
mutation1905	101	101	4180	41.3861	41.3861
mutation1906	101	101	2980	29.505	29.505
mutation1907	101	101	4020	39.802	39.802
mutation1908	101	101	5080	50.297	50.297
mutation1909	101	101	3800	37.6238	37.6238
mutation1910	101	101	4300	42.5743	42.5743
mutation1911	101	101	5660	56.0396	56.0396
mutation1912	101	101	3340	33.0693	33.0693
mutation1913	101	101	5060	50.099	50.099
mutation1914	101	101	2880	28.5149	28.5149
mutation1915	101	101	2940	29.1089	29.1089
mutation1916	101	101	2660	26.3366	26.3366
mutation1917	101	101	3180	31.4851	31.4851
mutation1918	101	101	4360	43.1683	43.1683
mutation1919	101	101	2840	28.1188	28.1188
mutation1920	101	101	3440	34.0594	34.0594
mutation1921	101	101	3220	31.8812	31.8812
mutation1922	101	101	3340	33.0693	33.0693
mutation1923	101	101	5160	51.0891	51.0891
mutation1924	101	101	3860	38.2178	38.2178
mutation1925	101	101	5660	56.0396	56.0396
mutation1926	101	101	2660	26.3366	26.3366
mutation1927	101	101	2500	24.7525	24.7525
mutation1928	101	101	3000	29.703	29.703
mutation1929	101	101	3300	32.6733	32.6733
mutation1930	101	101	4840	47.9208	47.9208
mutation1931	101	101	5720	56.6337	56.6337
mutation1932	101	101	2960	29.3069	29.3069
mutation1933	101	101	2000	19.802	19.802
mutation1934	101	101	5520	54.6535	54.6535
mutation1935	101	101	3320	32.8713	32.8713
mutation1936	101	101	3640	36.0396	36.0396
mutation1937	101	101	3700	36.6337	36.6337
mutation1938	101	101	4800	47.5248	47.5248
mutation1939	101	101	3720	36.8317	36.8317
mutation1940	101	101	3860	38.2178	38.2178
mutation1941	101	101	2960	29.3069	29.3069
mutation1942	101	101	1940	19.2079	19.2079
mutation1943	101	101	4840	47.9208	47.9208
mutation1944	101	101	5600	55.4455	55.4455
mutation1945	101	101	4660	46.1386	46.1386
mutation1946	101	101	2720	26.9307	26.9307
mutation1947	101	101	5940	58.8119	58.8119
mutation1948	101	101	4200	41.5842	41.5842
mutation1949	101	101	4940	48.9109	48.9109
mutation1950	101	101	4120	40.7921	40.7921
mutation1951	101	101	4960	49.1089	49.1089
mutation1952	101	101	3740	37.0297	37.0297
mutation1953	101	101	5620	55.6436	55.6436
mutation1954	101	101	3520	34.8515	34.8515
mutation1955	101	101	5820	57.6238	57.6238
mutation1956	101	101	3240	32.0792	32.0792
mutation1957	101	101	5360	53.0693	53.0693
mutation1958	101	101	5440	53.8614	53.8614
mutation1959	101	101	4140	40.9901	40.9901
mutation1960	101	101	3740	37.0297	37.0297
mutation1961	101	101	3420	33.8614	33.8614
mutation1962	101	101	2640	26.1386	26.1386
mutation1963	101	101	5440	53.8614	53.8614
mutation1964	101	101	2600	25.7426	25.7426
mutation1965	101	101	4780	47.3267	47.3267
mutation1966	101	101	4460	44.1584	44.1584
mutation1967	101	101	3780	37.4257	37.4257
mutation1968	101	101	3320	32.8713	32.8713
mutation1969	101	101	3760	37.2277	37.2277
mutation1970	101	101	2700	26.7327	26.7327
mutation1971	101	101	5080	50.297	50.297
mutation1972	101	101	4720	46.7327	46.7327
mutation1973	101	101	4960	49.1089	49.1089
mutation1974	101	101	4260	42.1782	42.1782
mutation1975	101	101	3380	33.4653	33.4653
mutation1976	101	101	3320	32.8713	32.8713
mutation1977	101	101	5240	51.8812	51.8812
mutation1978	101	101	5240	51.8812	51.8812
mutation1979	101	101	4160	41.1881	41.1881
mutation1980	101	101	4820	47.7228	47.7228
mutation1981	101	101	3060	30.297	30.297
mutation1982	101	101	4560	45.1485	45.1485
mutation1983	101	101	4100	40.5941	40.5941
mutation1984	101	101	3160	31.2871	31.2871
mutation1985	101	101	4620	45.7426	45.7426
mutation1986	101	101	3240	32.0792	32.0792
mutation1987	101	101	3920	38.8119	38.8119
mutation1988	101	101	2660	26.3366	26.3366
mutation1989	101	101	4540	44.9505	44.9505
mutation1990	101	101	3680	36.4356	36.4356
mutation1991	101	101	6000	59.4059	59.4059
mutation1992	101	101	4900	48.5149	48.5149
mutation1993	101	101	4660	46.1386	46.1386
mutation1994	101	101	3460	34.2574	34.2574
mutation1995	101	101	4100	40.5941	40.5941
mutation1996	101	101	4440	43.9604	43.9604
mutation1997	101	101	3360	33.2673	33.2673
mutation1998	101	101	2680	26.5347	26.5347
mutation1999	101	101	2700	26.7327	26.7327
mutation2000	101	101	5660	56.0396	56.0396
mutation2001	101	101	3120	30.8911	30.8911
mutation2002	101	101	5580	55.2475	55.2475
mutation2003	101	101	4020	39.802	39.802
mutation2004	101	101	3920	38.8119	38.8119
mutation2005	101	101	6060	60	60
mutation2006	101	101	5120	50.6931	50.6931
mutation2007	101	101	3440	34.0594	34.0594
mutation2008	101	101	3520	34.8515	34.8515
mutation2009	101	101	4260	42.1782	42.1782
mutation2010	101	101	4480	44.3564	44.3564
mutation2011	101	101	4920	48.7129	48.7129
mutation2012	101	101	3960	39.2079	39.2079
mutation2013	101	101	4000	39.604	39.604
mutation2014	101	101	6860	67.9208	67.9208
mutation2015	101	101	4380	43.3663	43.3663
mutation2016	101	101	6000	59.4059	59.4059
mutation2017	101	101	4780	47.3267	47.3267
mutation2018	101	101	3540	35.0495	35.0495
mutation2019	101	101	4260	42.1782	42.1782
mutation2020	101	101	4860	48.1188	48.1188
mutation2021	101	101	3120	30.8911	30.8911
mutation2022	101	101	5740	56.8317	56.8317
mutation2023	101	101	4540	44.9505	44.9505
mutation2024	101	101	4020	39.802	39.802
mutation2025	101	101	3600	35.6436	35.6436
mutation2026	101	101	2760	27.3267	27.3267
mutation2027	101	101	4740	46.9307	46.9307
mutation2028	101	101	5380	53.2673	53.2673
mutation2029	101	101	4780	47.3267	47.3267
mutation2030	101	101	5160	51.0891	51.0891
mutation2031	101	101	3760	37.2277	37.2277
mutation2032	101	101	2880	28.5149	28.5149
mutation2033	101	101	2660	26.3366	26.3366
mutation2034	101	101	3840	38.0198	38.0198
mutation2035	101	101	3940	39.0099	39.0099
mutation2036	101	101	3460	34.2574	34.2574
mutation2037	101	101	3040	30.099	30.099
mutation2038	101	101	2520	24.9505	24.9505
mutation2039	101	101	4160	41.1881	41.1881
mutation2040	101	101	4060	40.198	40.198
mutation2041	101	101	2200	21.7822	21.7822
mutation2042	101	101	3060	30.297	30.297
mutation2043	101	101	2640	26.1386	26.1386
mutation2044	101	101	5460	54.0594	54.0594
mutation2045	101	101	3000	29.703	29.703
mutation2046	101	101	2380	23.5644	23.5644
mutation2047	101	101	2420	23.9604	23.9604
mutation2048	101	101	4020	39.802	39.802
mutation2049	101	101	3920	38.8119	38.8119
mutation2050	101	101	4600	45.5446	45.5446
mutation2051	101	101	3960	39.2079	39.2079
mutation2052	101	101	5340	52.8713	52.8713
mutation2053	101	101	4200	41.5842	41.5842
mutation2054	101	101	3840	38.0198	38.0198
mutation2055	101	101	2420	23.9604	23.9604
mutation2056	101	101	5380	53.2673	53.2673
mutation2057	101	101	1920	19.0099	19.0099
mutation2058	101	101	5720	56.6337	56.6337
mutation2059	101	101	3340	33.0693	33.0693
mutation2060	101	101	3700	36.6337	36.6337
mutation2061	101	101	3940	39.0099	39.0099
mutation2062	101	101	4540	44.9505	44.9505
mutation2063	101	101	5100	50.495	50.495
mutation2064	101	101	4620	45.7426	45.7426
mutation2065	101	101	3620	35.8416	35.8416
mutation2066	101	101	4240	41.9802	41.9802
mutation2067	101	101	5240	51.8812	51.8812
mutation2068	101	101	4520	44.7525	44.7525
mutation2069	101	101	4900	48.5149	48.5149
mutation2070	101	101	4120	40.7921	40.7921
mutation2071	101	101	2400	23.7624	23.7624
mutation2072	101	101	2940	29.1089	29.1089
mutation2073	101	101	3080	30.495	30.495
mutation2074	101	101	6520	64.5545	64.5545
mutation2075	101	101	2700	26.7327	26.7327
mutation2076	101	101	2640	26.1386	26.1386
mutation2077	101	101	4860	48.1188	48.1188
mutation2078	101	101	4360	43.1683	43.1683
mutation2079	101	101	3600	35.6436	35.6436
mutation2080	101	101	3640	36.0396	36.0396
mutation2081	101	101	1640	16.2376	16.2376
mutation2082	101	101	3940	39.0099	39.0099
mutation2083	101	101	3440	34.0594	34.0594
mutation2084	101	101	3700	36.6337	36.6337
mutation2085	101	101	2560	25.3465	25.3465
mutation2086	101	101	2600	25.7426	25.7426
mutation2087	101	101	2200	21.7822	21.7822
mutation2088	101	101	3240	32.0792	32.0792
mutation2089	101	101	3440	34.0594	34.0594
mutation2090	101	101	4020	39.802	39.802
mutation2091	101	101	3320	32.8713	32.8713
mutation2092	101	101	4560	45.1485	45.1485
mutation2093	101	101	3360	33.2673	33.2673
mutation2094	101	101	2340	23.1683	23.1683
mutation2095	101	101	2940	29.1089	29.1089
mutation2096	101	101	3520	34.8515	34.8515
mutation2097	101	101	4160	41.1881	41.1881
mutation2098	101	101	4000	39.604	39.604
mutation2099	101	101	4880	48.3168	48.3168
mutation2100	101	101	3820	37.8218	37.8218
mutation2101	101	101	5060	50.099	50.099
mutation2102	101	101	4880	48.3168	48.3168
mutation2103	101	101	2880	28.5149	28.5149
mutation2104	101	101	3120	30.8911	30.8911
mutation2105	101	101	5460	54.0594	54.0594
mutation2106	101	101	4900	48.5149	48.5149
mutation2107	101	101	3040	30.099	30.099
mutation2108	101	101	3140	31.0891	31.0891
mutation2109	101	101	4440	43.9604	43.9604
mutation2110	101	101	4160	41.1881	41.1881
mutation2111	101	101	4000	39.604	39.604
mutation2112	101	101	3860	38.2178	38.2178
mutation2113	101	101	4600	45.5446	45.5446
mutation2114	101	101	3800	37.6238	37.6238
mutation2115	101	101	2780	27.5248	27.5248
mutation2116	101	101	3740	37.0297	37.0297
mutation2117	101	101	2760	27.3267	27.3267
mutation2118	101	101	3580	35.4455	35.4455
mutation2119	101	101	3140	31.0891	31.0891
mutation2120	101	101	2620	25.9406	25.9406
mutation2121	101	101	4720	46.7327	46.7327
mutation2122	101	101	3240	32.0792	32.0792
mutation2123	101	101	5080	50.297	50.297
mutation2124	101	101	3140	31.0891	31.0891
mutation2125	101	101	5680	56.2376	56.2376
mutation2126	101	101	2500	24.7525	24.7525
mutation2127	101	101	5800	57.4257	57.4257
mutation2128	101	101	2640	26.1386	26.1386
mutation2129	101	101	5520	54.6535	54.6535
mutation2130	101	101	4840	47.9208	47.9208
mutation2131	101	101	3100	30.6931	30.6931
mutation2132	101	101	4200	41.5842	41.5842
mutation2133	101	101	3940	39.0099	39.0099
mutation2134	101	101	7140	70.6931	70.6931
mutation2135	101	101	2040	20.198	20.198
mutation2136	101	101	3520	34.8515	34.8515
mutation2137	101	101	3400	33.6634	33.6634
mutation2138	101	101	3540	35.0495	35.0495
mutation2139	101	101	2740	27.1287	27.1287
mutation2140	101	101	4500	44.5545	44.5545
mutation2141	101	101	3660	36.2376	36.2376
mutation2142	101	101	3540	35.0495	35.0495
mutation2143	101	101	4620	45.7426	45.7426
mutation2144	101	101	3060	30.297	30.297
mutation2145	101	101	2520	24.9505	24.9505
mutation2146	101	101	3460	34.2574	34.2574
mutation2147	101	101	3100	30.6931	30.6931
mutation2148	101	101	3920	38.8119	38.8119
mutation2149	101	101	3540	35.0495	35.0495
mutation2150	101	101	5100	50.495	50.495
mutation2151	101	101	4120	40.7921	40.7921
mutation2152	101	101	4260	42.1782	42.1782
mutation2153	101	101	3600	35.6436	35.6436
mutation2154	101	101	4540	44.9505	44.9505
mutation2155	101	101	2380	23.5644	23.5644
mutation2156	101	101	5240	51.8812	51.8812
mutation2157	101	101	4020	39.802	39.802
mutation2158	101	101	3480	34.4554	34.4554
mutation2159	101	101	3580	35.4455	35.4455
mutation2160	101	101	3300	32.6733	32.6733
mutation2161	101	101	2700	26.7327	26.7327
mutation2162	101	101	2120	20.9901	20.9901
mutation2163	101	101	5780	57.2277	57.2277
mutation2164	101	101	3940	39.0099	39.0099
mutation2165	101	101	5900	58.4158	58.4158
mutation2166	101	101	5520	54.6535	54.6535
mutation2167	101	101	4840	47.9208	47.9208
mutation2168	101	101	3000	29.703	29.703
mutation2169	101	101	3440	34.0594	34.0594
mutation2170	101	101	2820	27.9208	27.9208
mutation2171	101	101	5140	50.8911	50.8911
mutation2172	101	101	3780	37.4257	37.4257
mutation2173	101	101	2020	20	20
mutation2174	101	101	5040	49.901	49.901
mutation2175	101	101	3000	29.703	29.703
mutation2176	101	101	2900	28.7129	28.7129
mutation2177	101	101	3140	31.0891	31.0891
mutation2178	101	101	2140	21.1881	21.1881
mutation2179	101	101	3040	30.099	30.099
mutation2180	101	101	4240	41.9802	41.9802
mutation2181	101	101	3260	32.2772	32.2772
mutation2182	101	101	3940	39.0099	39.0099
mutation2183	101	101	4240	41.9802	41.9802
mutation2184	101	101	4280	42.3762	42.3762
mutation2185	101	101	2400	23.7624	23.7624
mutation2186	101	101	3760	37.2277	37.2277
mutation2187	101	101	4700	46.5347	46.5347
mutation2188	101	101	3160	31.2871	31.2871
mutation2189	101	101	2520	24.9505	24.9505
mutation2190	101	101	3620	35.8416	35.8416
mutation2191	101	101	3940	39.0099	39.0099
mutation2192	101	101	4540	44.9505	44.9505
mutation2193	101	101	4240	41.9802	41.9802
mutation2194	101	101	4260	42.1782	42.1782
mutation2195	101	101	3520	34.8515	34.8515
mutation2196	101	101	4020	39.802	39.802
mutation2197	101	101	4180	41.3861	41.3861
mutation2198	101	101	2940	29.1089	29.1089
mutation2199	101	101	4540	44.9505	44.9505
mutation2200	101	101	3180	31.4851	31.4851
mutation2201	101	101	4040	40	40
mutation2202	101	101	4340	42.9703	42.9703
mutation2203	101	101	5480	54.2574	54.2574
mutation2204	101	101	6520	64.5545	64.5545
mutation2205	101	101	2900	28.7129	28.7129
mutation2206	101	101	4840	47.9208	47.9208
mutation2207	101	101	3500	34.6535	34.6535
mutation2208	101	101	5720	56.6337	56.6337
mutation2209	101	101	5220	51.6832	51.6832
mutation2210	101	101	5540	54.8515	54.8515
mutation2211	101	101	3540	35.0495	35.0495
mutation2212	101	101	4600	45.5446	45.5446
mutation2213	101	101	3880	38.4158	38.4158
mutation2214	101	101	3440	34.0594	34.0594
mutation2215	101	101	3220	31.8812	31.8812
mutation2216	101	101	3580	35.4455	35.4455
mutation2217	101	101	4120	40.7921	40.7921
mutation2218	101	101	2640	26.1386	26.1386
mutation2219	101	101	2820	27.9208	27.9208
mutation2220	101	101	3480	34.4554	34.4554
mutation2221	101	101	3880	38.4158	38.4158
mutation2222	101	101	3760	37.2277	37.2277
mutation2223	101	101	3980	39.4059	39.4059
mutation2224	101	101	2600	25.7426	25.7426
mutation2225	101	101	3940	39.0099	39.0099
mutation2226	101	101	5300	52.4752	52.4752
mutation2227	101	101	4000	39.604	39.604
mutation2228	101	101	3660	36.2376	36.2376
mutation2229	101	101	3600	35.6436	35.6436
mutation2230	101	101	5440	53.8614	53.8614
mutation2231	101	101	2500	24.7525	24.7525
mutation2232	101	101	2660	26.3366	26.3366
mutation2233	101	101	5520	54.6535	54.6535
mutation2234	101	101	2240	22.1782	22.1782
mutation2235	101	101	2940	29.1089	29.1089
mutation2236	101	101	3620	35.8416	35.8416
mutation2237	101	101	4500	44.5545	44.5545
mutation2238	101	101	5520	54.6535	54.6535
mutation2239	101	101	4300	42.5743	42.5743
mutation2240	101	101	2040	20.198	20.198
mutation2241	101	101	2520	24.9505	24.9505
mutation2242	101	101	2700	26.7327	26.7327
mutation2243	101	101	4000	39.604	39.604
mutation2244	101	101	3680	36.4356	36.4356
mutation2245	101	101	3640	36.0396	36.0396
mutation2246	101	101	2660	26.3366	26.3366
mutation2247	101	101	4820	47.7228	47.7228
mutation2248	101	101	3380	33.4653	33.4653
mutation2249	101	101	2220	21.9802	21.9802
mutation2250	101	101	4340	42.9703	42.9703
mutation2251	101	101	3900	38.6139	38.6139
mutation2252	101	101	3040	30.099	30.099
mutation2253	101	101	4640	45.9406	45.9406
mutation2254	101	101	5060	50.099	50.099
mutation2255	101	101	3420	33.8614	33.8614
mutation2256	101	101	2940	29.1089	29.1089
mutation2257	101	101	3440	34.0594	34.0594
mutation2258	101	101	3780	37.4257	37.4257
mutation2259	101	101	2880	28.5149	28.5149
mutation2260	101	101	5260	52.0792	52.0792
mutation2261	101	101	6220	61.5842	61.5842
mutation2262	101	101	3760	37.2277	37.2277
mutation2263	101	101	4900	48.5149	48.5149
mutation2264	101	101	5760	57.0297	57.0297
mutation2265	101	101	3800	37.6238	37.6238
mutation2266	101	101	4260	42.1782	42.1782
mutation2267	101	101	3940	39.0099	39.0099
mutation2268	101	101	5400	53.4653	53.4653
mutation2269	101	101	4040	40	40
mutation2270	101	101	3980	39.4059	39.4059
mutation2271	101	101	5440	53.8614	53.8614
mutation2272	101	101	3140	31.0891	31.0891
mutation2273	101	101	5240	51.8812	51.8812
mutation2274	101	101	4720	46.7327	46.7327
mutation2275	101	101	2820	27.9208	27.9208
mutation2276	101	101	5240	51.8812	51.8812
mutation2277	101	101	5860	58.0198	58.0198
mutation2278	101	101	6100	60.396	60.396
mutation2279	101	101	2040	20.198	20.198
mutation2280	101	101	4060	40.198	40.198
mutation2281	101	101	4060	40.198	40.198
mutation2282	101	101	2880	28.5149	28.5149
mutation2283	101	101	5840	57.8218	57.8218
mutation2284	101	101	5120	50.6931	50.6931
mutation2285	101	101	4660	46.1386	46.1386
mutation2286	101	101	3440	34.0594	34.0594
mutation2287	101	101	4240	41.9802	41.9802
mutation2288	101	101	3920	38.8119	38.8119
mutation2289	101	101	3460	34.2574	34.2574
mutation2290	101	101	3440	34.0594	34.0594
mutation2291	101	101	3300	32.6733	32.6733
mutation2292	101	101	4040	40	40
mutation2293	101	101	7000	69.3069	69.3069
mutation2294	101	101	4900	48.5149	48.5149
mutation2295	101	101	5360	53.0693	53.0693
mutation2296	101	101	4560	45.1485	45.1485
mutation2297	101	101	4060	40.198	40.198
mutation2298	101	101	2840	28.1188	28.1188
mutation2299	101	101	4400	43.5644	43.5644
mutation2300	101	101	3840	38.0198	38.0198
mutation2301	101	101	2780	27.5248	27.5248
mutation2302	101	101	4540	44.9505	44.9505
mutation2303	101	101	5040	49.901	49.901
mutation2304	101	101	2500	24.7525	24.7525
mutation2305	101	101	2860	28.3168	28.3168
mutation2306	101	101	5140	50.8911	50.8911
mutation2307	101	101	3780	37.4257	37.4257
mutation2308	101	101	2400	23.7624	23.7624
mutation2309	101	101	2780	27.5248	27.5248
mutation2310	101	101	4060	40.198	40.198
mutation2311	101	101	3300	32.6733	32.6733
mutation2312	101	101	4500	44.5545	44.5545
mutation2313	101	101	3400	33.6634	33.6634
mutation2314	101	101	5140	50.8911	50.8911
mutation2315	101	101	3120	30.8911	30.8911
mutation2316	101	101	4340	42.9703	42.9703
mutation2317	101	101	4240	41.9802	41.9802
mutation2318	101	101	3520	34.8515	34.8515
mutation2319	101	101	4020	39.802	39.802
mutation2320	101	101	4340	42.9703	42.9703
mutation2321	101	101	3500	34.6535	34.6535
mutation2322	101	101	5620	55.6436	55.6436
mutation2323	101	101	6380	63.1683	63.1683
mutation2324	101	101	2740	27.1287	27.1287
mutation2325	101	101	3180	31.4851	31.4851
mutation2326	101	101	3840	38.0198	38.0198
mutation2327	101	101	5240	51.8812	51.8812
mutation2328	101	101	3900	38.6139	38.6139
mutation2329	101	101	3020	29.901	29.901
mutation2330	101	101	2980	29.505	29.505
mutation2331	101	101	4140	40.9901	40.9901
mutation2332	101	101	3840	38.0198	38.0198
mutation2333	101	101	5860	58.0198	58.0198
mutation2334	101	101	5200	51.4851	51.4851
mutation2335	101	101	3540	35.0495	35.0495
mutation2336	101	101	5420	53.6634	53.6634
mutation2337	101	101	5000	49.505	49.505
mutation2338	101	101	3720	36.8317	36.8317
mutation2339	101	101	3400	33.6634	33.6634
mutation2340	101	101	2880	28.5149	28.5149
mutation2341	101	101	6060	60	60
mutation2342	101	101	4440	43.9604	43.9604
mutation2343	101	101	2020	20	20
mutation2344	101	101	5160	51.0891	51.0891
mutation2345	101	101	6860	67.9208	67.9208
mutation2346	101	101	3800	37.6238	37.6238
mutation2347	101	101	3880	38.4158	38.4158
mutation2348	101	101	5880	58.2178	58.2178
mutation2349	101	101	4160	41.1881	41.1881
mutation2350	101	101	4320	42.7723	42.7723
mutation2351	101	101	3940	39.0099	39.0099
mutation2352	101	101	3040	30.099	30.099
mutation2353	101	101	4480	44.3564	44.3564
mutation2354	101	101	3520	34.8515	34.8515
mutation2355	101	101	3080	30.495	30.495
mutation2356	101	101	5580	55.2475	55.2475
mutation2357	101	101	1560	15.4455	15.4455
mutation2358	101	101	3640	36.0396	36.0396
mutation2359	101	101	4760	47.1287	47.1287
mutation2360	101	101	4760	47.1287	47.1287
mutation2361	101	101	3500	34.6535	34.6535
mutation2362	101	101	5260	52.0792	52.0792
mutation2363	101	101	4260	42.1782	42.1782
mutation2364	101	101	3960	39.2079	39.2079
mutation2365	101	101	4340	42.9703	42.9703
mutation2366	101	101	3440	34.0594	34.0594
mutation2367	101	101	2080	20.5941	20.5941
mutation2368	101	101	4140	40.9901	40.9901
mutation2369	101	101	2760	27.3267	27.3267
mutation2370	101	101	4420	43.7624	43.7624
mutation2371	101	101	3280	32.4752	32.4752
mutation2372	101	101	2940	29.1089	29.1089
mutation2373	101	101	4400	43.5644	43.5644
mutation2374	101	101	3740	37.0297	37.0297
mutation2375	101	101	2620	25.9406	25.9406
mutation2376	101	101	5660	56.0396	56.0396
mutation2377	101	101	2360	23.3663	23.3663
mutation2378	101	101	3940	39.0099	39.0099
mutation2379	101	101	4140	40.9901	40.9901
mutation2380	101	101	3360	33.2673	33.2673
mutation2381	101	101	2820	27.9208	27.9208
mutation2382	101	101	5020	49.703	49.703
mutation2383	101	101	3640	36.0396	36.0396
mutation2384	101	101	3500	34.6535	34.6535
mutation2385	101	101	2880	28.5149	28.5149
mutation2386	101	101	3780	37.4257	37.4257
mutation2387	101	101	3340	33.0693	33.0693
mutation2388	101	101	4800	47.5248	47.5248
mutation2389	101	101	4620	45.7426	45.7426
mutation2390	101	101	4680	46.3366	46.3366
mutation2391	101	101	3740	37.0297	37.0297
mutation2392	101	101	2420	23.9604	23.9604
mutation2393	101	101	2940	29.1089	29.1089
mutation2394	101	101	3600	35.6436	35.6436
mutation2395	101	101	4540	44.9505	44.9505
mutation2396	101	101	3920	38.8119	38.8119
mutation2397	101	101	4320	42.7723	42.7723
mutation2398	101	101	6420	63.5644	63.5644
mutation2399	101	101	2520	24.9505	24.9505
mutation2400	101	101	5720	56.6337	56.6337
mutation2401	101	101	3000	29.703	29.703
mutation2402	101	101	4060	40.198	40.198
mutation2403	101	101	3780	37.4257	37.4257
mutation2404	101	101	2320	22.9703	22.9703
mutation2405	101	101	4160	41.1881	41.1881
mutation2406	101	101	2420	23.9604	23.9604
mutation2407	101	101	3940	39.0099	39.0099
mutation2408	101	101	5160	51.0891	51.0891
mutation2409	101	101	2680	26.5347	26.5347
mutation2410	101	101	5800	57.4257	57.4257
mutation2411	101	101	5940	58.8119	58.8119
mutation2412	101	101	3840	38.0198	38.0198
mutation2413	101	101	2220	21.9802	21.9802
mutation2414	101	101	3280	32.4752	32.4752
mutation2415	101	101	2560	25.3465	25.3465
mutation2416	101	101	3440	34.0594	34.0594
mutation2417	101	101	3040	30.099	30.099
mutation2418	101	101	3160	31.2871	31.2871
mutation2419	101	101	5180	51.2871	51.2871
mutation2420	101	101	3400	33.6634	33.6634
mutation2421	101	101	2300	22.7723	22.7723
mutation2422	101	101	3760	37.2277	37.2277
mutation2423	101	101	5160	51.0891	51.0891
mutation2424	101	101	4760	47.1287	47.1287
mutation2425	101	101	4100	40.5941	40.5941
mutation2426	101	101	3780	37.4257	37.4257
mutation2427	101	101	3880	38.4158	38.4158
mutation2428	101	101	4740	46.9307	46.9307
mutation2429	101	101	6240	61.7822	61.7822
mutation2430	101	101	5340	52.8713	52.8713
mutation2431	101	101	3940	39.0099	39.0099
mutation2432	101	101	2480	24.5545	24.5545
mutation2433	101	101	2920	28.9109	28.9109
mutation2434	101	101	3140	31.0891	31.0891
mutation2435	101	101	3480	34.4554	34.4554
mutation2436	101	101	4460	44.1584	44.1584
mutation2437	101	101	3320	32.8713	32.8713
mutation2438	101	101	4200	41.5842	41.5842
mutation2439	101	101	4720	46.7327	46.7327
mutation2440	101	101	5680	56.2376	56.2376
mutation2441	101	101	3820	37.8218	37.8218
mutation2442	101	101	4060	40.198	40.198
mutation2443	101	101	2600	25.7426	25.7426
mutation2444	101	101	4420	43.7624	43.7624
mutation2445	101	101	3820	37.8218	37.8218
mutation2446	101	101	5680	56.2376	56.2376
mutation2447	101	101	2440	24.1584	24.1584
mutation2448	101	101	2700	26.7327	26.7327
mutation2449	101	101	5220	51.6832	51.6832
mutation2450	101	101	5040	49.901	49.901
mutation2451	101	101	3240	32.0792	32.0792
mutation2452	101	101	2440	24.1584	24.1584
mutation2453	101	101	3720	36.8317	36.8317
mutation2454	101	101	4120	40.7921	40.7921
mutation2455	101	101	3980	39.4059	39.4059
mutation2456	101	101	3840	38.0198	38.0198
mutation2457	101	101	4680	46.3366	46.3366
mutation2458	101	101	3840	38.0198	38.0198
mutation2459	101	101	4360	43.1683	43.1683
mutation2460	101	101	4820	47.7228	47.7228
mutation2461	101	101	3200	31.6832	31.6832
mutation2462	101	101	4280	42.3762	42.3762
mutation2463	101	101	4400	43.5644	43.5644
mutation2464	101	101	4640	45.9406	45.9406
mutation2465	101	101	3800	37.6238	37.6238
mutation2466	101	101	3140	31.0891	31.0891
mutation2467	101	101	3020	29.901	29.901
mutation2468	101	101	5200	51.4851	51.4851
mutation2469	101	101	4460	44.1584	44.1584
mutation2470	101	101	3500	34.6535	34.6535
mutation2471	101	101	6360	62.9703	62.9703
mutation2472	101	101	4120	40.7921	40.7921
mutation2473	101	101	3620	35.8416	35.8416
mutation2474	101	101	3620	35.8416	35.8416
mutation2475	101	101	5060	50.099	50.099
mutation2476	101	101	5300	52.4752	52.4752
mutation2477	101	101	4180	41.3861	41.3861
mutation2478	101	101	4540	44.9505	44.9505
mutation2479	101	101	3940	39.0099	39.0099
mutation2480	101	101	6000	59.4059	59.4059
mutation2481	101	101	3140	31.0891	31.0891
mutation2482	101	101	5880	58.2178	58.2178
mutation2483	101	101	5780	57.2277	57.2277
mutation2484	101	101	5240	51.8812	51.8812
mutation2485	101	101	5440	53.8614	53.8614
mutation2486	101	101	5960	59.0099	59.0099
mutation2487	101	101	5280	52.2772	52.2772
mutation2488	101	101	3440	34.0594	34.0594
mutation2489	101	101	3200	31.6832	31.6832
mutation2490	101	101	4320	42.7723	42.7723
mutation2491	101	101	3940	39.0099	39.0099
mutation2492	101	101	5100	50.495	50.495
mutation2493	101	101	2480	24.5545	24.5545
mutation2494	101	101	6180	61.1881	61.1881
mutation2495	101	101	5340	52.8713	52.8713
mutation2496	101	101	4120	40.7921	40.7921
mutation2497	101	101	2400	23.7624	23.7624
mutation2498	101	101	4380	43.3663	43.3663
mutation2499	101	101	3560	35.2475	35.2475
mutation2500	101	101	3720	36.8317	36.8317
mutation2501	101	101	5700	56.4356	56.4356
mutation2502	101	101	5800	57.4257	57.4257
mutation2503	101	101	6260	61.9802	61.9802
mutation2504	101	101	6140	60.7921	60.7921
mutation2505	101	101	2880	28.5149	28.5149
mutation2506	101	101	5280	52.2772	52.2772
mutation2507	101	101	4520	44.7525	44.7525
mutation2508	101	101	3620	35.8416	35.8416
mutation2509	101	101	5560	55.0495	55.0495
mutation2510	101	101	3760	37.2277	37.2277
mutation2511	101	101	4540	44.9505	44.9505
mutation2512	101	101	3460	34.2574	34.2574
mutation2513	101	101	4440	43.9604	43.9604
mutation2514	101	101	2100	20.7921	20.7921
mutation2515	101	101	2480	24.5545	24.5545
mutation2516	101	101	3340	33.0693	33.0693
mutation2517	101	101	3660	36.2376	36.2376
mutation2518	101	101	4140	40.9901	40.9901
mutation2519	101	101	3760	37.2277	37.2277
mutation2520	101	101	3400	33.6634	33.6634
mutation2521	101	101	5000	49.505	49.505
mutation2522	101	101	3200	31.6832	31.6832
mutation2523	101	101	5500	54.4554	54.4554
mutation2524	101	101	4360	43.1683	43.1683
mutation2525	101	101	4340	42.9703	42.9703
mutation2526	101	101	3160	31.2871	31.2871
mutation2527	101	101	3760	37.2277	37.2277
mutation2528	101	101	2720	26.9307	26.9307
mutation2529	101	101	4300	42.5743	42.5743
mutation2530	101	101	4400	43.5644	43.5644
mutation2531	101	101	3220	31.8812	31.8812
mutation2532	101	101	3740	37.0297	37.0297
mutation2533	101	101	2700	26.7327	26.7327
mutation2534	101	101	5660	56.0396	56.0396
mutation2535	101	101	4320	42.7723	42.7723
mutation2536	101	101	4100	40.5941	40.5941
mutation2537	101	101	5540	54.8515	54.8515
mutation2538	101	101	1700	16.8317	16.8317
mutation2539	101	101	3800	37.6238	37.6238
mutation2540	101	101	3500	34.6535	34.6535
mutation2541	101	101	2700	26.7327	26.7327
mutation2542	101	101	3140	31.0891	31.0891
mutation2543	101	101	3520	34.8515	34.8515
mutation2544	101	101	2360	23.3663	23.3663
mutation2545	101	101	2700	26.7327	26.7327
mutation2546	101	101	4320	42.7723	42.7723
mutation2547	101	101	2080	20.5941	20.5941
mutation2548	101	101	2440	24.1584	24.1584
mutation2549	101	101	3540	35.0495	35.0495
mutation2550	101	101	3040	30.099	30.099
mutation2551	101	101	4220	41.7822	41.7822
mutation2552	101	101	3620	35.8416	35.8416
mutation2553	101	101	5040	49.901	49.901
mutation2554	101	101	5160	51.0891	51.0891
mutation2555	101	101	5440	53.8614	53.8614
mutation2556	101	101	2420	23.9604	23.9604
mutation2557	101	101	3560	35.2475	35.2475
mutation2558	101	101	4180	41.3861	41.3861
mutation2559	101	101	3260	32.2772	32.2772
mutation2560	101	101	5980	59.2079	59.2079
mutation2561	101	101	5360	53.0693	53.0693
mutation2562	101	101	3400	33.6634	33.6634
mutation2563	101	101	5740	56.8317	56.8317
mutation2564	101	101	5340	52.8713	52.8713
mutation2565	101	101	4600	45.5446	45.5446
mutation2566	101	101	2540	25.1485	25.1485
mutation2567	101	101	3840	38.0198	38.0198
mutation2568	101	101	6060	60	60
mutation2569	101	101	4360	43.1683	43.1683
mutation2570	101	101	4120	40.7921	40.7921
mutation2571	101	101	4740	46.9307	46.9307
mutation2572	101	101	3540	35.0495	35.0495
mutation2573	101	101	3300	32.6733	32.6733
mutation2574	101	101	3380	33.4653	33.4653
mutation2575	101	101	5040	49.901	49.901
mutation2576	101	101	3080	30.495	30.495
mutation2577	101	101	2960	29.3069	29.3069
mutation2578	101	101	3240	32.0792	32.0792
mutation2579	101	101	4180	41.3861	41.3861
mutation2580	101	101	2340	23.1683	23.1683
mutation2581	101	101	4140	40.9901	40.9901
mutation2582	101	101	4600	45.5446	45.5446
mutation2583	101	101	4300	42.5743	42.5743
mutation2584	101	101	3240	32.0792	32.0792
mutation2585	101	101	4700	46.5347	46.5347
mutation2586	101	101	5460	54.0594	54.0594
mutation2587	101	101	4220	41.7822	41.7822
mutation2588	101	101	3420	33.8614	33.8614
mutation2589	101	101	2760	27.3267	27.3267
mutation2590	101	101	3880	38.4158	38.4158
mutation2591	101	101	2940	29.1089	29.1089
mutation2592	101	101	2740	27.1287	27.1287
mutation2593	101	101	5160	51.0891	51.0891
mutation2594	101	101	5260	52.0792	52.0792
mutation2595	101	101	5580	55.2475	55.2475
mutation2596	101	101	4700	46.5347	46.5347
mutation2597	101	101	6020	59.604	59.604
mutation2598	101	101	6160	60.9901	60.9901
mutation2599	101	101	2780	27.5248	27.5248
mutation2600	101	101	4540	44.9505	44.9505
mutation2601	101	101	5100	50.495	50.495
mutation2602	101	101	3860	38.2178	38.2178
mutation2603	101	101	2720	26.9307	26.9307
mutation2604	101	101	3780	37.4257	37.4257
mutation2605	101	101	3320	32.8713	32.8713
mutation2606	101	101	4220	41.7822	41.7822
mutation2607	101	101	2840	28.1188	28.1188
mutation2608	101	101	2760	27.3267	27.3267
mutation2609	101	101	3080	30.495	30.495
mutation2610	101	101	2940	29.1089	29.1089
mutation2611	101	101	4840	47.9208	47.9208
mutation2612	101	101	4000	39.604	39.604
mutation2613	101	101	4080	40.396	40.396
mutation2614	101	101	5560	55.0495	55.0495
mutation2615	101	101	2200	21.7822	21.7822
mutation2616	101	101	5540	54.8515	54.8515
mutation2617	101	101	2160	21.3861	21.3861
mutation2618	101	101	3720	36.8317	36.8317
mutation2619	101	101	2680	26.5347	26.5347
mutation2620	101	101	4440	43.9604	43.9604
mutation2621	101	101	3260	32.2772	32.2772
mutation2622	101	101	4720	46.7327	46.7327
mutation2623	101	101	5020	49.703	49.703
mutation2624	101	101	3640	36.0396	36.0396
mutation2625	101	101	2180	21.5842	21.5842
mutation2626	101	101	4000	39.604	39.604
mutation2627	101	101	4560	45.1485	45.1485
mutation2628	101	101	5380	53.2673	53.2673
mutation2629	101	101	4360	43.1683	43.1683
mutation2630	101	101	5080	50.297	50.297
mutation2631	101	101	5740	56.8317	56.8317
mutation2632	101	101	4620	45.7426	45.7426
mutation2633	101	101	4540	44.9505	44.9505
mutation2634	101	101	5040	49.901	49.901
mutation2635	101	101	4340	42.9703	42.9703
mutation2636	101	101	3320	32.8713	32.8713
mutation2637	101	101	2340	23.1683	23.1683
mutation2638	101	101	4700	46.5347	46.5347
mutation2639	101	101	3540	35.0495	35.0495
mutation2640	101	101	3840	38.0198	38.0198
mutation2641	101	101	3920	38.8119	38.8119
mutation2642	101	101	4420	43.7624	43.7624
mutation2643	101	101	2640	26.1386	26.1386
mutation2644	101	101	3660	36.2376	36.2376
mutation2645	101	101	4060	40.198	40.198
mutation2646	101	101	4460	44.1584	44.1584
mutation2647	101	101	3980	39.4059	39.4059
mutation2648	101	101	3440	34.0594	34.0594
mutation2649	101	101	5620	55.6436	55.6436
mutation2650	101	101	4040	40	40
mutation2651	101	101	3040	30.099	30.099
mutation2652	101	101	4140	40.9901	40.9901
mutation2653	101	101	3440	34.0594	34.0594
mutation2654	101	101	4660	46.1386	46.1386
mutation2655	101	101	5060	50.099	50.099
mutation2656	101	101	3100	30.6931	30.6931
mutation2657	101	101	2860	28.3168	28.3168
mutation2658	101	101	4260	42.1782	42.1782
mutation2659	101	101	2980	29.505	29.505
mutation2660	101	101	4640	45.9406	45.9406
mutation2661	101	101	3880	38.4158	38.4158
mutation2662	101	101	2540	25.1485	25.1485
mutation2663	101	101	4440	43.9604	43.9604
mutation2664	101	101	4600	45.5446	45.5446
mutation2665	101	101	3440	34.0594	34.0594
mutation2666	101	101	4880	48.3168	48.3168
mutation2667	101	101	3660	36.2376	36.2376
mutation2668	101	101	5860	58.0198	58.0198
mutation2669	101	101	5240	51.8812	51.8812
mutation2670	101	101	5340	52.8713	52.8713
mutation2671	101	101	3960	39.2079	39.2079
mutation2672	101	101	6440	63.7624	63.7624
mutation2673	101	101	2580	25.5446	25.5446
mutation2674	101	101	4320	42.7723	42.7723
mutation2675	101	101	3940	39.0099	39.0099
mutation2676	101	101	4200	41.5842	41.5842
mutation2677	101	101	3180	31.4851	31.4851
mutation2678	101	101	3760	37.2277	37.2277
mutation2679	101	101	5240	51.8812	51.8812
mutation2680	101	101	3420	33.8614	33.8614
mutation2681	101	101	3140	31.0891	31.0891
mutation2682	101	101	4100	40.5941	40.5941
mutation2683	101	101	7680	76.0396	76.0396
mutation2684	101	101	3200	31.6832	31.6832
mutation2685	101	101	3040	30.099	30.099
mutation2686	101	101	2980	29.505	29.505
mutation2687	101	101	3140	31.0891	31.0891
mutation2688	101	101	4560	45.1485	45.1485
mutation2689	101	101	3780	37.4257	37.4257
mutation2690	101	101	3940	39.0099	39.0099
mutation2691	101	101	3020	29.901	29.901
mutation2692	101	101	5660	56.0396	56.0396
mutation2693	101	101	3460	34.2574	34.2574
mutation2694	101	101	3400	33.6634	33.6634
mutation2695	101	101	4660	46.1386	46.1386
mutation2696	101	101	3560	35.2475	35.2475
mutation2697	101	101	3960	39.2079	39.2079
mutation2698	101	101	3920	38.8119	38.8119
mutation2699	101	101	3920	38.8119	38.8119
mutation2700	101	101	3620	35.8416	35.8416
mutation2701	101	101	3100	30.6931	30.6931
mutation2702	101	101	5320	52.6733	52.6733
mutation2703	101	101	6480	64.1584	64.1584
mutation2704	101	101	4640	45.9406	45.9406
mutation2705	101	101	3980	39.4059	39.4059
mutation2706	101	101	4860	48.1188	48.1188
mutation2707	101	101	6360	62.9703	62.9703
mutation2708	101	101	2180	21.5842	21.5842
mutation2709	101	101	3880	38.4158	38.4158
mutation2710	101	101	2980	29.505	29.505
mutation2711	101	101	2720	26.9307	26.9307
mutation2712	101	101	4860	48.1188	48.1188
mutation2713	101	101	5580	55.2475	55.2475
mutation2714	101	101	4400	43.5644	43.5644
mutation2715	101	101	4040	40	40
mutation2716	101	101	3840	38.0198	38.0198
mutation2717	101	101	4440	43.9604	43.9604
mutation2718	101	101	3700	36.6337	36.6337
mutation2719	101	101	3580	35.4455	35.4455
mutation2720	101	101	3760	37.2277	37.2277
mutation2721	101	101	5660	56.0396	56.0396
mutation2722	101	101	4200	41.5842	41.5842
mutation2723	101	101	3080	30.495	30.495
mutation2724	101	101	2720	26.9307	26.9307
mutation2725	101	101	3640	36.0396	36.0396
mutation2726	101	101	4540	44.9505	44.9505
mutation2727	101	101	4340	42.9703	42.9703
mutation2728	101	101	3820	37.8218	37.8218
mutation2729	101	101	4820	47.7228	47.7228
mutation2730	101	101	3820	37.8218	37.8218
mutation2731	101	101	4080	40.396	40.396
mutation2732	101	101	4040	40	40
mutation2733	101	101	3020	29.901	29.901
mutation2734	101	101	2000	19.802	19.802
mutation2735	101	101	4460	44.1584	44.1584
mutation2736	101	101	3160	31.2871	31.2871
mutation2737	101	101	2740	27.1287	27.1287
mutation2738	101	101	5580	55.2475	55.2475
mutation2739	101	101	6460	63.9604	63.9604
mutation2740	101	101	4360	43.1683	43.1683
mutation2741	101	101	4380	43.3663	43.3663
mutation2742	101	101	4840	47.9208	47.9208
mutation2743	101	101	3320	32.8713	32.8713
mutation2744	101	101	3760	37.2277	37.2277
mutation2745	101	101	3720	36.8317	36.8317
mutation2746	101	101	3960	39.2079	39.2079
mutation2747	101	101	4700	46.5347	46.5347
mutation2748	101	101	4580	45.3465	45.3465
mutation2749	101	101	3420	33.8614	33.8614
mutation2750	101	101	3640	36.0396	36.0396
mutation2751	101	101	3520	34.8515	34.8515
mutation2752	101	101	4080	40.396	40.396
mutation2753	101	101	4080	40.396	40.396
mutation2754	101	101	3100	30.6931	30.6931
mutation2755	101	101	3740	37.0297	37.0297
mutation2756	101	101	2920	28.9109	28.9109
mutation2757	101	101	2620	25.9406	25.9406
mutation2758	101	101	4640	45.9406	45.9406
mutation2759	101	101	6400	63.3663	63.3663
mutation2760	101	101	3800	37.6238	37.6238
mutation2761	101	101	4020	39.802	39.802
mutation2762	101	101	2960	29.3069	29.3069
mutation2763	101	101	3880	38.4158	38.4158
mutation2764	101	101	2460	24.3564	24.3564
mutation2765	101	101	5820	57.6238	57.6238
mutation2766	101	101	3520	34.8515	34.8515
mutation2767	101	101	2880	28.5149	28.5149
mutation2768	101	101	3220	31.8812	31.8812
mutation2769	101	101	3260	32.2772	32.2772
mutation2770	101	101	2420	23.9604	23.9604
mutation2771	101	101	3740	37.0297	37.0297
mutation2772	101	101	2100	20.7921	20.7921
mutation2773	101	101	3700	36.6337	36.6337
mutation2774	101	101	4040	40	40
mutation2775	101	101	2940	29.1089	29.1089
mutation2776	101	101	5120	50.6931	50.6931
mutation2777	101	101	2600	25.7426	25.7426
mutation2778	101	101	3620	35.8416	35.8416
mutation2779	101	101	3000	29.703	29.703
mutation2780	101	101	2520	24.9505	24.9505
mutation2781	101	101	2760	27.3267	27.3267
mutation2782	101	101	3220	31.8812	31.8812
mutation2783	101	101	4640	45.9406	45.9406
mutation2784	101	101	3800	37.6238	37.6238
mutation2785	101	101	3720	36.8317	36.8317
mutation2786	101	101	3460	34.2574	34.2574
mutation2787	101	101	3720	36.8317	36.8317
mutation2788	101	101	2940	29.1089	29.1089
mutation2789	101	101	5040	49.901	49.901
mutation2790	101	101	3580	35.4455	35.4455
mutation2791	101	101	6820	67.5248	67.5248
mutation2792	101	101	3860	38.2178	38.2178
mutation2793	101	101	5840	57.8218	57.8218
mutation2794	101	101	2920	28.9109	28.9109
mutation2795	101	101	2440	24.1584	24.1584
mutation2796	101	101	1820	18.0198	18.0198
mutation2797	101	101	4360	43.1683	43.1683
mutation2798	101	101	2520	24.9505	24.9505
mutation2799	101	101	3540	35.0495	35.0495
mutation2800	101	101	2840	28.1188	28.1188
mutation2801	101	101	3920	38.8119	38.8119
mutation2802	101	101	3440	34.0594	34.0594
mutation2803	101	101	2500	24.7525	24.7525
mutation2804	101	101	3860	38.2178	38.2178
mutation2805	101	101	2520	24.9505	24.9505
mutation2806	101	101	3780	37.4257	37.4257
mutation2807	101	101	3240	32.0792	32.0792
mutation2808	101	101	2280	22.5743	22.5743
mutation2809	101	101	4220	41.7822	41.7822
mutation2810	101	101	2700	26.7327	26.7327
mutation2811	101	101	4580	45.3465	45.3465
mutation2812	101	101	3820	37.8218	37.8218
mutation2813	101	101	3720	36.8317	36.8317
mutation2814	101	101	4360	43.1683	43.1683
mutation2815	101	101	2480	24.5545	24.5545
mutation2816	101	101	4960	49.1089	49.1089
mutation2817	101	101	3840	38.0198	38.0198
mutation2818	101	101	3740	37.0297	37.0297
mutation2819	101	101	3160	31.2871	31.2871
mutation2820	101	101	3600	35.6436	35.6436
mutation2821	101	101	2840	28.1188	28.1188
mutation2822	101	101	3480	34.4554	34.4554
mutation2823	101	101	3400	33.6634	33.6634
mutation2824	101	101	3820	37.8218	37.8218
mutation2825	101	101	6980	69.1089	69.1089
mutation2826	101	101	3160	31.2871	31.2871
mutation2827	101	101	4840	47.9208	47.9208
mutation2828	101	101	2600	25.7426	25.7426
mutation2829	101	101	4580	45.3465	45.3465
mutation2830	101	101	5140	50.8911	50.8911
mutation2831	101	101	5160	51.0891	51.0891
mutation2832	101	101	3480	34.4554	34.4554
mutation2833	101	101	3640	36.0396	36.0396
mutation2834	101	101	5060	50.099	50.099
mutation2835	101	101	5760	57.0297	57.0297
mutation2836	101	101	2960	29.3069	29.3069
mutation2837	101	101	3620	35.8416	35.8416
mutation2838	101	101	4040	40	40
mutation2839	101	101	2660	26.3366	26.3366
mutation2840	101	101	2340	23.1683	23.1683
mutation2841	101	101	2840	28.1188	28.1188
mutation2842	101	101	2800	27.7228	27.7228
mutation2843	101	101	3360	33.2673	33.2673
mutation2844	101	101	4460	44.1584	44.1584
mutation2845	101	101	5080	50.297	50.297
mutation2846	101	101	3200	31.6832	31.6832
mutation2847	101	101	2880	28.5149	28.5149
mutation2848	101	101	3440	34.0594	34.0594
mutation2849	101	101	4820	47.7228	47.7228
mutation2850	101	101	4940	48.9109	48.9109
mutation2851	101	101	5700	56.4356	56.4356
mutation2852	101	101	4280	42.3762	42.3762
mutation2853	101	101	5540	54.8515	54.8515
mutation2854	101	101	2300	22.7723	22.7723
mutation2855	101	101	6720	66.5347	66.5347
mutation2856	101	101	5760	57.0297	57.0297
mutation2857	101	101	5160	51.0891	51.0891
mutation2858	101	101	3300	32.6733	32.6733
mutation2859	101	101	5180	51.2871	51.2871
mutation2860	101	101	4040	40	40
mutation2861	101	101	5280	52.2772	52.2772
mutation2862	101	101	4180	41.3861	41.3861
mutation2863	101	101	4340	42.9703	42.9703
mutation2864	101	101	7620	75.4455	75.4455
mutation2865	101	101	3620	35.8416	35.8416
mutation2866	101	101	4680	46.3366	46.3366
mutation2867	101	101	2800	27.7228	27.7228
