mutation1	101	0	0	0	0
mutation2	101	101	67.792	0.671208	0.671208
mutation3	101	101	26.54	0.262772	0.262772
mutation4	101	101	29.9379	0.296415	0.296415
mutation5	101	101	92.6658	0.917483	0.917483
mutation6	101	101	66.7888	0.661275	0.661275
mutation7	101	101	60.4913	0.598924	0.598924
mutation8	101	101	24.2723	0.24032	0.24032
mutation9	101	101	14.4945	0.14351	0.14351
mutation10	101	101	87.0074	0.86146	0.86146
mutation11	101	57	5.21159	0.0515999	0.0914315
mutation12	101	101	25.7886	0.255333	0.255333
mutation13	101	101	72.4418	0.717246	0.717246
mutation14	101	101	57.3027	0.567353	0.567353
mutation15	101	101	5.31494	0.0526231	0.0526231
mutation16	101	101	82.4835	0.816668	0.816668
mutation17	101	101	78.3946	0.776184	0.776184
mutation18	101	101	17.678	0.17503	0.17503
mutation19	101	101	41.3495	0.409401	0.409401
mutation20	101	101	67.0279	0.663643	0.663643
mutation21	101	101	39.103	0.387158	0.387158
mutation22	101	101	28.1331	0.278546	0.278546
mutation23	101	101	74.4216	0.736847	0.736847
mutation24	101	101	52.9481	0.524239	0.524239
mutation25	101	101	79.6586	0.788699	0.788699
mutation26	101	101	80.6365	0.798381	0.798381
mutation27	101	0	0	0	0
mutation28	101	101	10.5073	0.104033	0.104033
mutation29	101	101	86.6813	0.858231	0.858231
mutation30	101	101	65.2256	0.645798	0.645798
mutation31	101	101	63.1993	0.625736	0.625736
mutation32	101	101	33.0771	0.327496	0.327496
mutation33	101	101	83.1822	0.823586	0.823586
mutation34	101	101	73.3632	0.726368	0.726368
mutation35	101	101	41.9519	0.415366	0.415366
mutation36	101	101	69.9775	0.692847	0.692847
mutation37	101	101	30.129	0.298306	0.298306
mutation38	101	101	28.0974	0.278192	0.278192
mutation39	101	0	0	0	0
mutation40	101	0	0	0	0
mutation41	101	101	81.7367	0.809274	0.809274
mutation42	101	101	81.6784	0.808697	0.808697
mutation43	101	101	4.29346	0.0425095	0.0425095
mutation44	101	101	71.0967	0.703928	0.703928
mutation45	101	101	53.7558	0.532236	0.532236
mutation46	101	0	0	0	0
mutation47	101	101	70.3448	0.696483	0.696483
mutation48	101	40	10.8899	0.107821	0.272247
mutation49	101	85	62.8305	0.622084	0.739182
mutation50	101	0	0	0	0
mutation51	101	101	59.2457	0.586591	0.586591
mutation52	101	0	0	0	0
mutation53	101	101	32.3444	0.320242	0.320242
mutation54	101	101	37.28	0.369109	0.369109
mutation55	101	101	73.1643	0.724399	0.724399
mutation56	101	101	59.6612	0.590705	0.590705
mutation57	101	101	16.5275	0.163639	0.163639
mutation58	101	101	0.904501	0.00895546	0.00895546
mutation59	101	0	0	0	0
mutation60	101	0	0	0	0
mutation61	101	101	41.5337	0.411225	0.411225
mutation62	101	101	63.7529	0.631217	0.631217
mutation63	101	101	28.5545	0.282718	0.282718
mutation64	101	101	84.6185	0.837807	0.837807
mutation65	101	101	73.3278	0.726018	0.726018
mutation66	101	0	0	0	0
mutation67	101	101	72.2154	0.715004	0.715004
mutation68	101	0	0	0	0
mutation69	101	101	93.4577	0.925324	0.925324
mutation70	101	101	94.4739	0.935386	0.935386
mutation71	101	101	19.5697	0.193759	0.193759
mutation72	101	101	39.7052	0.393121	0.393121
mutation73	101	0	0	0	0
mutation74	101	101	25.4572	0.252051	0.252051
mutation75	101	101	60.148	0.595525	0.595525
mutation76	101	101	18.2782	0.180972	0.180972
mutation77	101	0	0	0	0
mutation78	101	0	0	0	0
mutation79	101	0	0	0	0
mutation80	101	101	11.7256	0.116095	0.116095
mutation81	101	0	0	0	0
mutation82	101	101	40.6997	0.402968	0.402968
mutation83	101	101	4.34003	0.0429706	0.0429706
mutation84	101	0	0	0	0
mutation85	101	101	71.9131	0.712011	0.712011
mutation86	101	101	70.4204	0.697231	0.697231
mutation87	101	101	80.1223	0.79329	0.79329
mutation88	101	101	18.3137	0.181324	0.181324
mutation89	101	101	78.3622	0.775863	0.775863
mutation90	101	101	0.30873	0.00305673	0.00305673
mutation91	101	101	80.1522	0.793586	0.793586
mutation92	101	101	8.80666	0.0871947	0.0871947
mutation93	101	101	4.82068	0.0477295	0.0477295
mutation94	101	101	31.4325	0.311213	0.311213
mutation95	101	101	45.6086	0.45157	0.45157
mutation96	101	101	73.4557	0.727284	0.727284
mutation97	101	101	100.817	0.998185	0.998185
mutation98	101	101	38.2176	0.378392	0.378392
mutation99	101	0	0	0	0
mutation100	101	101	3.26269	0.0323038	0.0323038
mutation101	101	0	0	0	0
mutation102	101	101	85.3516	0.845065	0.845065
mutation103	101	101	79.6208	0.788325	0.788325
mutation104	101	101	80.7288	0.799295	0.799295
mutation105	101	101	50.6883	0.501864	0.501864
mutation106	101	0	0	0	0
mutation107	101	101	32.6565	0.323332	0.323332
mutation108	101	0	0	0	0
mutation109	101	101	51.6263	0.511152	0.511152
mutation110	101	0	0	0	0
mutation111	101	101	68.3829	0.677058	0.677058
mutation112	101	23	16.0486	0.158897	0.697767
mutation113	101	101	38.1636	0.377857	0.377857
mutation114	101	0	0	0	0
mutation115	101	0	0	0	0
mutation116	101	101	43.6533	0.432211	0.432211
mutation117	101	0	0	0	0
mutation118	101	101	43.2817	0.428532	0.428532
mutation119	101	101	87.8962	0.87026	0.87026
mutation120	101	0	0	0	0
mutation121	101	101	26.4551	0.261932	0.261932
mutation122	101	0	0	0	0
mutation123	101	101	87.0918	0.862295	0.862295
mutation124	101	53	21.328	0.211169	0.402416
mutation125	101	101	65.7028	0.650523	0.650523
mutation126	101	21	6.84118	0.0677345	0.325771
mutation127	101	101	90.9893	0.900884	0.900884
mutation128	101	101	34.1719	0.338335	0.338335
mutation129	101	101	96.4726	0.955174	0.955174
mutation130	101	101	24.8689	0.246226	0.246226
mutation131	101	101	38.109	0.377317	0.377317
mutation132	101	101	21.2051	0.209952	0.209952
mutation133	101	101	13.8414	0.137043	0.137043
mutation134	101	0	0	0	0
mutation135	101	101	92.4106	0.914956	0.914956
mutation136	101	101	14.4288	0.14286	0.14286
mutation137	101	101	78.8834	0.781024	0.781024
mutation138	101	101	28.0089	0.277316	0.277316
mutation139	101	101	94.3384	0.934043	0.934043
mutation140	101	0	0	0	0
mutation141	101	51	34.8826	0.345372	0.683972
mutation142	101	101	16.7029	0.165375	0.165375
mutation143	101	101	64.8088	0.641671	0.641671
mutation144	101	101	81.7939	0.809841	0.809841
mutation145	101	101	52.286	0.517683	0.517683
mutation146	101	0	0	0	0
mutation147	101	101	90.7553	0.898567	0.898567
mutation148	101	101	0.455304	0.00450796	0.00450796
mutation149	101	101	70.0085	0.693153	0.693153
mutation150	101	101	57.4659	0.56897	0.56897
mutation151	101	101	64.2141	0.635783	0.635783
mutation152	101	101	98.7661	0.977883	0.977883
mutation153	101	101	17.2399	0.170692	0.170692
mutation154	101	101	23.7778	0.235424	0.235424
mutation155	101	101	1.72901	0.0171189	0.0171189
mutation156	101	101	21.2637	0.210531	0.210531
mutation157	101	101	87.8083	0.86939	0.86939
mutation158	101	101	64.8744	0.64232	0.64232
mutation159	101	101	55.1465	0.546005	0.546005
mutation160	101	101	35.4286	0.350779	0.350779
mutation161	101	101	21.2384	0.210281	0.210281
mutation162	101	101	21.3405	0.211292	0.211292
mutation163	101	0	0	0	0
mutation164	101	101	62.5061	0.618873	0.618873
mutation165	101	0	0	0	0
mutation166	101	101	79.451	0.786643	0.786643
mutation167	101	0	0	0	0
mutation168	101	101	26.1748	0.259157	0.259157
mutation169	101	51	50.7897	0.502868	0.995876
mutation170	101	101	36.4174	0.360568	0.360568
mutation171	101	101	66.8616	0.661996	0.661996
mutation172	101	101	86.6325	0.857747	0.857747
mutation173	101	101	62.9516	0.623283	0.623283
mutation174	101	101	28.5666	0.282838	0.282838
mutation175	101	101	20.4517	0.202492	0.202492
mutation176	101	101	25.0346	0.247868	0.247868
mutation177	101	101	17.1305	0.169609	0.169609
mutation178	101	101	19.9465	0.19749	0.19749
mutation179	101	101	40.2662	0.398676	0.398676
mutation180	101	101	88.1627	0.872898	0.872898
mutation181	101	101	73.3586	0.726323	0.726323
mutation182	101	101	30.2797	0.299799	0.299799
mutation183	101	101	21.9639	0.217465	0.217465
mutation184	101	101	44.788	0.443446	0.443446
mutation185	101	0	0	0	0
mutation186	101	101	22.9548	0.227275	0.227275
mutation187	101	101	77.6649	0.768959	0.768959
mutation188	101	16	12.7913	0.126647	0.799458
mutation189	101	101	89.0031	0.881219	0.881219
mutation190	101	62	7.94505	0.0786639	0.128146
mutation191	101	101	62.802	0.621802	0.621802
mutation192	101	101	44.4552	0.440151	0.440151
mutation193	101	101	82.8695	0.82049	0.82049
mutation194	101	101	35.5688	0.352166	0.352166
mutation195	101	101	67.8665	0.671946	0.671946
mutation196	101	101	15.2676	0.151165	0.151165
mutation197	101	101	85.3261	0.844813	0.844813
mutation198	101	101	58.0494	0.574747	0.574747
mutation199	101	101	13.0009	0.128721	0.128721
mutation200	101	101	10.4716	0.103679	0.103679
mutation201	101	101	60.3544	0.597568	0.597568
mutation202	101	101	91.1022	0.902002	0.902002
mutation203	101	0	0	0	0
mutation204	101	0	0	0	0
mutation205	101	101	48.2601	0.477823	0.477823
mutation206	101	0	0	0	0
mutation207	101	101	9.49976	0.0940571	0.0940571
mutation208	101	101	25.0137	0.24766	0.24766
mutation209	101	101	70.7119	0.700118	0.700118
mutation210	101	101	62.3389	0.617216	0.617216
mutation211	101	101	29.2226	0.289333	0.289333
mutation212	101	101	29.3118	0.290216	0.290216
mutation213	101	101	51.9994	0.514846	0.514846
mutation214	101	0	0	0	0
mutation215	101	101	61.8573	0.612449	0.612449
mutation216	101	101	72.2572	0.715418	0.715418
mutation217	101	0	0	0	0
mutation218	101	101	24.6319	0.24388	0.24388
mutation219	101	101	18.3663	0.181845	0.181845
mutation220	101	101	39.3059	0.389167	0.389167
mutation221	101	101	86.5194	0.856628	0.856628
mutation222	101	101	52.4741	0.519546	0.519546
mutation223	101	101	30.5772	0.302745	0.302745
mutation224	101	101	16.526	0.163624	0.163624
mutation225	101	101	43.0682	0.426417	0.426417
mutation226	101	101	8.30628	0.0822404	0.0822404
mutation227	101	101	74.239	0.735039	0.735039
mutation228	101	101	36.4753	0.361142	0.361142
mutation229	101	101	88.0915	0.872193	0.872193
mutation230	101	101	80.4817	0.796848	0.796848
mutation231	101	0	0	0	0
mutation232	101	101	58.9092	0.58326	0.58326
mutation233	101	101	65.2012	0.645557	0.645557
mutation234	101	101	36.5272	0.361656	0.361656
mutation235	101	0	0	0	0
mutation236	101	101	63.1594	0.62534	0.62534
mutation237	101	101	3.46666	0.0343233	0.0343233
mutation238	101	101	24.6366	0.243927	0.243927
mutation239	101	101	43.0874	0.426608	0.426608
mutation240	101	0	0	0	0
mutation241	101	101	22.9604	0.22733	0.22733
mutation242	101	101	51.7607	0.512482	0.512482
mutation243	101	101	54.9003	0.543567	0.543567
mutation244	101	101	68.1514	0.674767	0.674767
mutation245	101	101	22.1276	0.219085	0.219085
mutation246	101	101	8.27974	0.0819777	0.0819777
mutation247	101	101	2.06994	0.0204944	0.0204944
mutation248	101	101	81.664	0.808555	0.808555
mutation249	101	0	0	0	0
mutation250	101	101	60.6704	0.600697	0.600697
mutation251	101	0	0	0	0
mutation252	101	101	53.9514	0.534173	0.534173
mutation253	101	101	76.0863	0.75333	0.75333
mutation254	101	101	83.8308	0.830008	0.830008
mutation255	101	0	0	0	0
mutation256	101	0	0	0	0
mutation257	101	101	71.5589	0.708504	0.708504
mutation258	101	101	21.5968	0.213829	0.213829
mutation259	101	0	0	0	0
mutation260	101	0	0	0	0
mutation261	101	101	7.86787	0.0778997	0.0778997
mutation262	101	101	67.7485	0.670777	0.670777
mutation263	101	101	38.7973	0.384131	0.384131
mutation264	101	101	65.2916	0.646452	0.646452
mutation265	101	51	6.51999	0.0645544	0.127843
mutation266	101	101	75.2747	0.745294	0.745294
mutation267	101	101	69.7612	0.690705	0.690705
mutation268	101	0	0	0	0
mutation269	101	101	17.9414	0.177637	0.177637
mutation270	101	101	62.2153	0.615993	0.615993
mutation271	101	101	86.3274	0.854727	0.854727
mutation272	101	101	48.316	0.478376	0.478376
mutation273	101	101	74.6104	0.738717	0.738717
mutation274	101	101	5.48391	0.0542962	0.0542962
mutation275	101	0	0	0	0
mutation276	101	101	40.8781	0.404734	0.404734
mutation277	101	101	62.1371	0.615219	0.615219
mutation278	101	101	19.5295	0.193361	0.193361
mutation279	101	0	0	0	0
mutation280	101	101	88.9015	0.880213	0.880213
mutation281	101	101	42.7135	0.422906	0.422906
mutation282	101	101	64.691	0.640505	0.640505
mutation283	101	0	0	0	0
mutation284	101	101	45.3901	0.449406	0.449406
mutation285	101	101	74.3471	0.73611	0.73611
mutation286	101	0	0	0	0
mutation287	101	101	57.0696	0.565046	0.565046
mutation288	101	101	42.7165	0.422936	0.422936
mutation289	101	0	0	0	0
mutation290	101	101	23.6568	0.234226	0.234226
mutation291	101	0	0	0	0
mutation292	101	101	80.8792	0.800784	0.800784
mutation293	101	101	20.1566	0.19957	0.19957
mutation294	101	101	3.07687	0.030464	0.030464
mutation295	101	101	80.7118	0.799127	0.799127
mutation296	101	101	34.1719	0.338335	0.338335
mutation297	101	101	59.1021	0.58517	0.58517
mutation298	101	0	0	0	0
mutation299	101	101	74.8111	0.740704	0.740704
mutation300	101	101	85.1201	0.842774	0.842774
mutation301	101	101	42.1696	0.417521	0.417521
mutation302	101	101	48.9986	0.485134	0.485134
mutation303	101	101	86.8462	0.859863	0.859863
mutation304	101	101	23.5179	0.232851	0.232851
mutation305	101	101	11.0572	0.109478	0.109478
mutation306	101	101	82.7832	0.819635	0.819635
mutation307	101	0	0	0	0
mutation308	101	0	0	0	0
mutation309	101	101	95.6009	0.946544	0.946544
mutation310	101	101	35.2064	0.348579	0.348579
mutation311	101	101	81.45	0.806436	0.806436
mutation312	101	101	38.4414	0.380608	0.380608
mutation313	101	101	32.5192	0.321972	0.321972
mutation314	101	101	50.7381	0.502358	0.502358
mutation315	101	101	28.7907	0.285057	0.285057
mutation316	101	101	52.2695	0.51752	0.51752
mutation317	101	101	90.7419	0.898435	0.898435
mutation318	101	101	53.5806	0.530501	0.530501
mutation319	101	101	53.5418	0.530117	0.530117
mutation320	101	101	17.001	0.168327	0.168327
mutation321	101	101	32.5307	0.322087	0.322087
mutation322	101	101	9.58158	0.0948671	0.0948671
mutation323	101	101	28.222	0.279425	0.279425
mutation324	101	101	29.5183	0.29226	0.29226
mutation325	101	0	0	0	0
mutation326	101	0	0	0	0
mutation327	101	101	12.5324	0.124083	0.124083
mutation328	101	101	68.5846	0.679056	0.679056
mutation329	101	101	24.4284	0.241865	0.241865
mutation330	101	101	61.5684	0.609588	0.609588
mutation331	101	101	72.5873	0.718686	0.718686
mutation332	101	101	20.5804	0.203767	0.203767
mutation333	101	101	37.8597	0.374849	0.374849
mutation334	101	101	99.8993	0.989102	0.989102
mutation335	101	101	54.862	0.543188	0.543188
mutation336	101	101	47.5152	0.470447	0.470447
mutation337	101	0	0	0	0
mutation338	101	101	19.8757	0.196789	0.196789
mutation339	101	101	71.2196	0.705144	0.705144
mutation340	101	101	19.2358	0.190454	0.190454
mutation341	101	0	0	0	0
mutation342	101	101	86.6451	0.857872	0.857872
mutation343	101	101	83.407	0.825812	0.825812
mutation344	101	101	14.9657	0.148175	0.148175
mutation345	101	101	35.9241	0.355684	0.355684
mutation346	101	101	40.9828	0.40577	0.40577
mutation347	101	101	59.4639	0.588751	0.588751
mutation348	101	51	20.9468	0.207394	0.410722
mutation349	101	0	0	0	0
mutation350	101	101	52.3233	0.518052	0.518052
mutation351	101	101	6.1379	0.0607713	0.0607713
mutation352	101	101	67.9183	0.672459	0.672459
mutation353	101	101	27.6591	0.273853	0.273853
mutation354	101	101	94.4274	0.934925	0.934925
mutation355	101	101	95.6497	0.947027	0.947027
mutation356	101	101	92.2636	0.913501	0.913501
mutation357	101	101	70.3187	0.696225	0.696225
mutation358	101	0	0	0	0
mutation359	101	101	97.3712	0.964071	0.964071
mutation360	101	0	0	0	0
mutation361	101	101	63.7291	0.630981	0.630981
mutation362	101	101	7.10297	0.0703264	0.0703264
mutation363	101	101	97.5486	0.965828	0.965828
mutation364	101	101	96.2923	0.953389	0.953389
mutation365	101	101	25.2271	0.249773	0.249773
mutation366	101	101	25.9473	0.256904	0.256904
mutation367	101	101	54.1722	0.536359	0.536359
mutation368	101	101	77.2133	0.764489	0.764489
mutation369	101	101	11.9962	0.118775	0.118775
mutation370	101	101	35.7906	0.354363	0.354363
mutation371	101	101	92.6526	0.917353	0.917353
mutation372	101	101	97.3642	0.964002	0.964002
mutation373	101	101	1.39368	0.0137988	0.0137988
mutation374	101	0	0	0	0
mutation375	101	101	54.2359	0.536989	0.536989
mutation376	101	101	75.8174	0.750668	0.750668
mutation377	101	101	58.5237	0.579443	0.579443
mutation378	101	101	92.2234	0.913103	0.913103
mutation379	101	101	65.6369	0.649871	0.649871
mutation380	101	101	55.3755	0.548272	0.548272
mutation381	101	101	73.6258	0.728968	0.728968
mutation382	101	0	0	0	0
mutation383	101	101	37.7211	0.373476	0.373476
mutation384	101	101	98.0402	0.970695	0.970695
mutation385	101	101	43.3262	0.428973	0.428973
mutation386	101	101	57.3022	0.567349	0.567349
mutation387	101	0	0	0	0
mutation388	101	101	92.0113	0.911003	0.911003
mutation389	101	101	76.0147	0.752621	0.752621
mutation390	101	101	27.3788	0.271077	0.271077
mutation391	101	101	59.7869	0.591949	0.591949
mutation392	101	101	13.8654	0.137281	0.137281
mutation393	101	101	47.7698	0.472968	0.472968
mutation394	101	101	58.5778	0.579978	0.579978
mutation395	101	0	0	0	0
mutation396	101	101	35.8059	0.354514	0.354514
mutation397	101	101	30.6458	0.303424	0.303424
mutation398	101	0	0	0	0
mutation399	101	0	0	0	0
mutation400	101	101	90.5515	0.89655	0.89655
mutation401	101	101	89.1379	0.882553	0.882553
mutation402	101	101	76.2702	0.75515	0.75515
mutation403	101	101	72.9018	0.7218	0.7218
mutation404	101	101	71.1449	0.704405	0.704405
mutation405	101	101	70.5425	0.698441	0.698441
mutation406	101	0	0	0	0
mutation407	101	101	86.3408	0.85486	0.85486
mutation408	101	101	4.88751	0.0483912	0.0483912
mutation409	101	101	19.0271	0.188387	0.188387
mutation410	101	101	34.8439	0.344989	0.344989
mutation411	101	101	55.3934	0.54845	0.54845
mutation412	101	101	36.9601	0.365942	0.365942
mutation413	101	0	0	0	0
mutation414	101	101	28.2241	0.279447	0.279447
mutation415	101	101	58.121	0.575455	0.575455
mutation416	101	101	9.47484	0.0938103	0.0938103
mutation417	101	101	11.4189	0.113059	0.113059
mutation418	101	101	54.4232	0.538843	0.538843
mutation419	101	101	47.4438	0.469741	0.469741
mutation420	101	101	85.0226	0.841808	0.841808
mutation421	101	101	15.5926	0.154382	0.154382
mutation422	101	0	0	0	0
mutation423	101	101	3.21245	0.0318064	0.0318064
mutation424	101	101	83.7583	0.82929	0.82929
mutation425	101	101	36.6494	0.362866	0.362866
mutation426	101	101	36.5245	0.361629	0.361629
mutation427	101	101	44.7403	0.442973	0.442973
mutation428	101	101	6.05409	0.0599415	0.0599415
mutation429	101	101	97.1936	0.962313	0.962313
mutation430	101	101	43.6803	0.432478	0.432478
mutation431	101	101	18.3294	0.181479	0.181479
mutation432	101	0	0	0	0
mutation433	101	101	12.7307	0.126046	0.126046
mutation434	101	101	58.0343	0.574597	0.574597
mutation435	101	101	12.1137	0.119937	0.119937
mutation436	101	101	69.3577	0.68671	0.68671
mutation437	101	101	44.475	0.440346	0.440346
mutation438	101	101	32.706	0.323821	0.323821
mutation439	101	0	0	0	0
mutation440	101	101	75.8767	0.751254	0.751254
mutation441	101	101	32.3589	0.320385	0.320385
mutation442	101	101	46.3631	0.459041	0.459041
mutation443	101	101	83.8372	0.830071	0.830071
mutation444	101	0	0	0	0
mutation445	101	101	93.2513	0.92328	0.92328
mutation446	101	101	80.7073	0.799082	0.799082
mutation447	101	101	83.1387	0.823156	0.823156
mutation448	101	101	25.9473	0.256904	0.256904
mutation449	101	101	87.5891	0.867219	0.867219
mutation450	101	101	44.4637	0.440234	0.440234
mutation451	101	101	60.8395	0.602371	0.602371
mutation452	101	101	68.6103	0.67931	0.67931
mutation453	101	101	5.66225	0.0560619	0.0560619
mutation454	101	0	0	0	0
mutation455	101	101	74.7152	0.739754	0.739754
mutation456	101	101	65.4884	0.6484	0.6484
mutation457	101	101	89.2537	0.8837	0.8837
mutation458	101	101	43.5246	0.430936	0.430936
mutation459	101	101	73.5912	0.728625	0.728625
mutation460	101	101	16.459	0.162961	0.162961
mutation461	101	101	22.0802	0.218616	0.218616
mutation462	101	101	24.2419	0.240018	0.240018
mutation463	101	101	74.8364	0.740955	0.740955
mutation464	101	101	57.4253	0.568567	0.568567
mutation465	101	101	30.8748	0.305691	0.305691
mutation466	101	101	69.9907	0.692977	0.692977
mutation467	101	101	98.4843	0.975092	0.975092
mutation468	101	101	37.3478	0.369781	0.369781
mutation469	101	101	5.18725	0.0513589	0.0513589
mutation470	101	101	77.8005	0.770302	0.770302
mutation471	101	101	60.4482	0.598497	0.598497
mutation472	101	94	20.72	0.205149	0.220426
mutation473	101	0	0	0	0
mutation474	101	101	85.0162	0.841745	0.841745
mutation475	101	101	7.11532	0.0704487	0.0704487
mutation476	101	101	62.9695	0.623461	0.623461
mutation477	101	0	0	0	0
mutation478	101	101	25.7892	0.255338	0.255338
mutation479	101	101	91.5905	0.906836	0.906836
mutation480	101	101	59.0473	0.584627	0.584627
mutation481	101	0	0	0	0
mutation482	101	101	75.766	0.750158	0.750158
mutation483	101	101	82.8995	0.820787	0.820787
mutation484	101	0	0	0	0
mutation485	101	0	0	0	0
mutation486	101	101	99.9087	0.989195	0.989195
mutation487	101	101	18.0914	0.179123	0.179123
mutation488	101	101	36.8605	0.364956	0.364956
mutation489	101	101	72.3612	0.716447	0.716447
mutation490	101	59	25.6787	0.254244	0.435232
mutation491	101	101	95.4536	0.945085	0.945085
mutation492	101	101	58.9146	0.583313	0.583313
mutation493	101	101	81.5007	0.806938	0.806938
mutation494	101	101	38.1619	0.377841	0.377841
mutation495	101	101	57.7223	0.571508	0.571508
mutation496	101	101	28.4439	0.281623	0.281623
mutation497	101	0	0	0	0
mutation498	101	101	55.6984	0.55147	0.55147
mutation499	101	101	47.618	0.471466	0.471466
mutation500	101	101	47.0516	0.465858	0.465858
mutation501	101	0	0	0	0
mutation502	101	101	51.2527	0.507452	0.507452
mutation503	101	0	0	0	0
mutation504	101	101	47.7706	0.472977	0.472977
mutation505	101	101	98.9667	0.979868	0.979868
mutation506	101	101	65.55	0.64901	0.64901
mutation507	101	101	81.8265	0.810164	0.810164
mutation508	101	0	0	0	0
mutation509	101	0	0	0	0
mutation510	101	101	42.2233	0.418053	0.418053
mutation511	101	101	68.066	0.673921	0.673921
mutation512	101	101	24.2404	0.240004	0.240004
mutation513	101	101	53.7534	0.532212	0.532212
mutation514	101	0	0	0	0
mutation515	101	0	0	0	0
mutation516	101	101	81.6317	0.808234	0.808234
mutation517	101	0	0	0	0
mutation518	101	101	11.584	0.114693	0.114693
mutation519	101	101	7.76756	0.0769065	0.0769065
mutation520	101	101	14.3374	0.141954	0.141954
mutation521	101	101	49.8557	0.493621	0.493621
mutation522	101	101	4.55197	0.045069	0.045069
mutation523	101	101	98.8882	0.979091	0.979091
mutation524	101	101	68.9157	0.682333	0.682333
mutation525	101	101	44.9601	0.445149	0.445149
mutation526	101	101	95.7442	0.947962	0.947962
mutation527	101	0	0	0	0
mutation528	101	101	3.52596	0.0349105	0.0349105
mutation529	101	101	7.35073	0.0727795	0.0727795
mutation530	101	101	29.5856	0.292927	0.292927
mutation531	101	101	59.4077	0.588195	0.588195
mutation532	101	0	0	0	0
mutation533	101	101	1.63473	0.0161855	0.0161855
mutation534	101	101	89.3123	0.88428	0.88428
mutation535	101	101	78.9908	0.782087	0.782087
mutation536	101	101	30.2615	0.299619	0.299619
mutation537	101	101	15.425	0.152723	0.152723
mutation538	101	101	19.595	0.19401	0.19401
mutation539	101	101	2.89858	0.0286988	0.0286988
mutation540	101	101	37.9811	0.37605	0.37605
mutation541	101	101	97.7201	0.967526	0.967526
mutation542	101	101	99.4432	0.984586	0.984586
mutation543	101	0	0	0	0
mutation544	101	101	86.0177	0.851661	0.851661
mutation545	101	101	13.0921	0.129625	0.129625
mutation546	101	101	98.0371	0.970665	0.970665
mutation547	101	101	63.6912	0.630606	0.630606
mutation548	101	101	47.045	0.465792	0.465792
mutation549	101	101	37.011	0.366445	0.366445
mutation550	101	101	69.7499	0.690593	0.690593
mutation551	101	101	91.1671	0.902645	0.902645
mutation552	101	0	0	0	0
mutation553	101	101	59.3237	0.587364	0.587364
mutation554	101	101	42.3467	0.419274	0.419274
mutation555	101	101	84.3003	0.834657	0.834657
mutation556	101	64	27.5399	0.272672	0.430311
mutation557	101	101	58.5139	0.579346	0.579346
mutation558	101	101	33.3301	0.330001	0.330001
mutation559	101	101	85.6765	0.848282	0.848282
mutation560	101	101	3.05343	0.030232	0.030232
mutation561	101	101	40.6866	0.402837	0.402837
mutation562	101	101	19.9089	0.197117	0.197117
mutation563	101	101	43.7694	0.433361	0.433361
mutation564	101	101	71.7976	0.710867	0.710867
mutation565	101	0	0	0	0
mutation566	101	101	11.7335	0.116173	0.116173
mutation567	101	101	93.7022	0.927745	0.927745
mutation568	101	101	69.0818	0.683978	0.683978
mutation569	101	101	7.2112	0.071398	0.071398
mutation570	101	101	33.7832	0.334487	0.334487
mutation571	101	0	0	0	0
mutation572	101	101	99.9059	0.989167	0.989167
mutation573	101	101	4.22651	0.0418466	0.0418466
mutation574	101	101	29.3842	0.290933	0.290933
mutation575	101	0	0	0	0
mutation576	101	101	8.98917	0.0890017	0.0890017
mutation577	101	101	55.4058	0.548572	0.548572
mutation578	101	101	72.3412	0.71625	0.71625
mutation579	101	101	97.4538	0.964889	0.964889
mutation580	101	101	74.5764	0.73838	0.73838
mutation581	101	101	26.4971	0.262347	0.262347
mutation582	101	0	0	0	0
mutation583	101	101	32.4802	0.321586	0.321586
mutation584	101	101	84.8067	0.83967	0.83967
mutation585	101	101	82.7596	0.819401	0.819401
mutation586	101	59	52.8436	0.523204	0.895654
mutation587	101	101	41.2277	0.408195	0.408195
mutation588	101	101	43.0896	0.426629	0.426629
mutation589	101	101	28.1347	0.278561	0.278561
mutation590	101	0	0	0	0
mutation591	101	101	95.5236	0.945778	0.945778
mutation592	101	101	65.8041	0.651526	0.651526
mutation593	101	101	22.3286	0.221075	0.221075
mutation594	101	101	74.0868	0.733533	0.733533
mutation595	101	101	20.1746	0.199748	0.199748
mutation596	101	101	11.5863	0.114716	0.114716
mutation597	101	0	0	0	0
mutation598	101	101	76.9319	0.761702	0.761702
mutation599	101	101	2.65249	0.0262623	0.0262623
mutation600	101	0	0	0	0
mutation601	101	101	80.2853	0.794904	0.794904
mutation602	101	0	0	0	0
mutation603	101	101	67.2993	0.66633	0.66633
mutation604	101	101	28.8838	0.285979	0.285979
mutation605	101	101	22.7731	0.225476	0.225476
mutation606	101	101	93.968	0.930376	0.930376
mutation607	101	101	59.4309	0.588424	0.588424
mutation608	101	0	0	0	0
mutation609	101	101	96.461	0.95506	0.95506
mutation610	101	51	50.39	0.498911	0.988039
mutation611	101	101	70.2366	0.695412	0.695412
mutation612	101	101	90.7597	0.898611	0.898611
mutation613	101	101	40.2844	0.398856	0.398856
mutation614	101	101	10.159	0.100584	0.100584
mutation615	101	0	0	0	0
mutation616	101	101	6.6728	0.0660673	0.0660673
mutation617	101	101	27.1548	0.268859	0.268859
mutation618	101	101	95.6106	0.946639	0.946639
mutation619	101	0	0	0	0
mutation620	101	0	0	0	0
mutation621	101	101	97.1528	0.961909	0.961909
mutation622	101	101	56.5547	0.559947	0.559947
mutation623	101	101	81.7367	0.809274	0.809274
mutation624	101	101	6.09134	0.0603103	0.0603103
mutation625	101	101	79.1736	0.783897	0.783897
mutation626	101	101	33.7096	0.333758	0.333758
mutation627	101	101	44.8498	0.444058	0.444058
mutation628	101	101	93.8153	0.928864	0.928864
mutation629	101	101	60.839	0.602366	0.602366
mutation630	101	101	26.6534	0.263895	0.263895
mutation631	101	101	25.4678	0.252157	0.252157
mutation632	101	101	67.1802	0.665151	0.665151
mutation633	101	101	1.5858	0.015701	0.015701
mutation634	101	101	70.0469	0.693534	0.693534
mutation635	101	101	50.7299	0.502276	0.502276
mutation636	101	101	54.2598	0.537225	0.537225
mutation637	101	101	52.6095	0.520886	0.520886
mutation638	101	101	48.8465	0.483628	0.483628
mutation639	101	101	72.4112	0.716942	0.716942
mutation640	101	101	39.6566	0.39264	0.39264
mutation641	101	101	14.4223	0.142795	0.142795
mutation642	101	101	70.8813	0.701795	0.701795
mutation643	101	101	92.1716	0.91259	0.91259
mutation644	101	101	31.3713	0.310607	0.310607
mutation645	101	101	30.0248	0.297275	0.297275
mutation646	101	101	70.4701	0.697723	0.697723
mutation647	101	101	70.3468	0.696503	0.696503
mutation648	101	101	26.9507	0.266838	0.266838
mutation649	101	0	0	0	0
mutation650	101	101	88.333	0.874584	0.874584
mutation651	101	101	75.9325	0.751807	0.751807
mutation652	101	101	56.3398	0.55782	0.55782
mutation653	101	0	0	0	0
mutation654	101	101	85.8988	0.850483	0.850483
mutation655	101	101	46.4183	0.459587	0.459587
mutation656	101	101	86.5587	0.857017	0.857017
mutation657	101	101	54.7321	0.541902	0.541902
mutation658	101	0	0	0	0
mutation659	101	101	52.125	0.516089	0.516089
mutation660	101	101	50.4273	0.49928	0.49928
mutation661	101	101	91.1168	0.902147	0.902147
mutation662	101	38	5.44198	0.053881	0.14321
mutation663	101	0	0	0	0
mutation664	101	101	66.2302	0.655745	0.655745
mutation665	101	101	96.676	0.957188	0.957188
mutation666	101	101	42.2522	0.418338	0.418338
mutation667	101	101	11.6908	0.115751	0.115751
mutation668	101	101	80.4868	0.7969	0.7969
mutation669	101	101	74.0162	0.732834	0.732834
mutation670	101	101	1.01007	0.0100007	0.0100007
mutation671	101	101	56.5226	0.55963	0.55963
mutation672	101	101	68.5	0.678218	0.678218
mutation673	101	101	32.8963	0.325706	0.325706
mutation674	101	101	75.2813	0.74536	0.74536
mutation675	101	101	22.5255	0.223025	0.223025
mutation676	101	101	75.258	0.745129	0.745129
mutation677	101	101	14.467	0.143238	0.143238
mutation678	101	101	74.4271	0.736902	0.736902
mutation679	101	0	0	0	0
mutation680	101	101	70.0117	0.693185	0.693185
mutation681	101	101	55.2626	0.547154	0.547154
mutation682	101	101	81.7684	0.809588	0.809588
mutation683	101	101	84.0227	0.831908	0.831908
mutation684	101	101	89.6111	0.887239	0.887239
mutation685	101	101	97.3762	0.964121	0.964121
mutation686	101	101	14.1953	0.140547	0.140547
mutation687	101	101	16.8999	0.167326	0.167326
mutation688	101	101	43.2952	0.428666	0.428666
mutation689	101	101	95.25	0.943069	0.943069
mutation690	101	101	65.1718	0.645265	0.645265
mutation691	101	101	6.70153	0.0663518	0.0663518
mutation692	101	0	0	0	0
mutation693	101	0	0	0	0
mutation694	101	101	25.0595	0.248114	0.248114
mutation695	101	23	21.9055	0.216886	0.952411
mutation696	101	101	61.8913	0.612785	0.612785
mutation697	101	101	28.9512	0.286645	0.286645
mutation698	101	101	99.3165	0.983332	0.983332
mutation699	101	101	91.0309	0.901296	0.901296
mutation700	101	101	83.2011	0.823774	0.823774
mutation701	101	101	2.30867	0.0228581	0.0228581
mutation702	101	101	83.5045	0.826777	0.826777
mutation703	101	101	40.5013	0.401003	0.401003
mutation704	101	101	93.036	0.921149	0.921149
mutation705	101	101	49.4861	0.489961	0.489961
mutation706	101	101	44.7618	0.443187	0.443187
mutation707	101	101	30.1486	0.298501	0.298501
mutation708	101	101	9.38744	0.0929449	0.0929449
mutation709	101	101	69.1393	0.684547	0.684547
mutation710	101	101	61.5069	0.608979	0.608979
mutation711	101	101	22.2317	0.220116	0.220116
mutation712	101	101	87.9647	0.870938	0.870938
mutation713	101	101	17.4113	0.172389	0.172389
mutation714	101	101	85.9577	0.851066	0.851066
mutation715	101	101	51.3069	0.507989	0.507989
mutation716	101	101	39.9157	0.395205	0.395205
mutation717	101	51	10.0205	0.0992126	0.19648
mutation718	101	101	56.2708	0.557137	0.557137
mutation719	101	101	68.9332	0.682507	0.682507
mutation720	101	101	60.1745	0.595787	0.595787
mutation721	101	101	80.7118	0.799127	0.799127
mutation722	101	101	90.2744	0.893805	0.893805
mutation723	101	0	0	0	0
mutation724	101	101	60.6511	0.600506	0.600506
mutation725	101	0	0	0	0
mutation726	101	101	19.6491	0.194545	0.194545
mutation727	101	101	68.0267	0.673532	0.673532
mutation728	101	101	21.3509	0.211395	0.211395
mutation729	101	0	0	0	0
mutation730	101	101	50.0716	0.495758	0.495758
mutation731	101	101	34.4665	0.341252	0.341252
mutation732	101	101	31.5774	0.312647	0.312647
mutation733	101	101	90.0464	0.891549	0.891549
mutation734	101	101	88.7259	0.878475	0.878475
mutation735	101	101	52.6429	0.521217	0.521217
mutation736	101	101	24.2712	0.240309	0.240309
mutation737	101	101	15.7184	0.155627	0.155627
mutation738	101	101	42.2176	0.417996	0.417996
mutation739	101	101	45.6318	0.4518	0.4518
mutation740	101	101	93.931	0.93001	0.93001
mutation741	101	0	0	0	0
mutation742	101	0	0	0	0
mutation743	101	101	79.549	0.787614	0.787614
mutation744	101	101	32.7983	0.324736	0.324736
mutation745	101	101	4.10963	0.0406894	0.0406894
mutation746	101	101	79.746	0.789564	0.789564
mutation747	101	101	54.0379	0.535029	0.535029
mutation748	101	101	58.4861	0.57907	0.57907
mutation749	101	101	67.9133	0.672409	0.672409
mutation750	101	0	0	0	0
mutation751	101	101	31.2732	0.309636	0.309636
mutation752	101	101	11.2146	0.111036	0.111036
mutation753	101	101	7.18195	0.0711084	0.0711084
mutation754	101	101	19.9975	0.197996	0.197996
mutation755	101	101	4.1192	0.0407842	0.0407842
mutation756	101	101	98.6853	0.977083	0.977083
mutation757	101	101	85.0908	0.842483	0.842483
mutation758	101	101	57.6796	0.571085	0.571085
mutation759	101	101	37.3401	0.369704	0.369704
mutation760	101	101	45.3429	0.448939	0.448939
mutation761	101	0	0	0	0
mutation762	101	101	72.593	0.718742	0.718742
mutation763	101	101	98.9364	0.979569	0.979569
mutation764	101	101	32.0464	0.317291	0.317291
mutation765	101	101	54.5492	0.540091	0.540091
mutation766	101	101	13.4533	0.133201	0.133201
mutation767	101	101	72.4565	0.717391	0.717391
mutation768	101	101	78.7869	0.780068	0.780068
mutation769	101	101	37.0358	0.366691	0.366691
mutation770	101	101	1.17604	0.0116439	0.0116439
mutation771	101	101	37.0313	0.366647	0.366647
mutation772	101	101	19.9818	0.19784	0.19784
mutation773	101	101	94.9104	0.939707	0.939707
mutation774	101	101	24.2255	0.239856	0.239856
mutation775	101	101	92.0714	0.911599	0.911599
mutation776	101	101	53.1917	0.52665	0.52665
mutation777	101	101	52.9799	0.524554	0.524554
mutation778	101	101	11.6517	0.115363	0.115363
mutation779	101	101	64.3123	0.636756	0.636756
mutation780	101	101	36.3385	0.359787	0.359787
mutation781	101	101	11.1899	0.110791	0.110791
mutation782	101	101	97.9478	0.96978	0.96978
mutation783	101	101	46.8271	0.463634	0.463634
mutation784	101	101	11.9285	0.118104	0.118104
mutation785	101	101	38.7946	0.384105	0.384105
mutation786	101	101	1.17694	0.0116529	0.0116529
mutation787	101	0	0	0	0
mutation788	101	0	0	0	0
mutation789	101	0	0	0	0
mutation790	101	101	87.1541	0.862912	0.862912
mutation791	101	0	0	0	0
mutation792	101	101	96.7973	0.958389	0.958389
mutation793	101	101	70.947	0.702446	0.702446
mutation794	101	101	86.8264	0.859668	0.859668
mutation795	101	101	68.5157	0.678374	0.678374
mutation796	101	101	32.8351	0.3251	0.3251
mutation797	101	101	60.535	0.599356	0.599356
mutation798	101	101	23.0815	0.22853	0.22853
mutation799	101	101	38.7913	0.384072	0.384072
mutation800	101	101	9.38744	0.0929449	0.0929449
mutation801	101	101	55.2135	0.546669	0.546669
mutation802	101	101	33.6803	0.333468	0.333468
mutation803	101	101	24.2916	0.240511	0.240511
mutation804	101	101	46.6041	0.461427	0.461427
mutation805	101	0	0	0	0
mutation806	101	101	11.4759	0.113623	0.113623
mutation807	101	20	5.28711	0.0523477	0.264356
mutation808	101	101	78.2459	0.774712	0.774712
mutation809	101	101	56.397	0.558387	0.558387
mutation810	101	0	0	0	0
mutation811	101	101	100.7	0.997032	0.997032
mutation812	101	101	15.1562	0.150061	0.150061
mutation813	101	101	38.1518	0.377741	0.377741
mutation814	101	101	24.2276	0.239877	0.239877
mutation815	101	101	20.1205	0.199212	0.199212
mutation816	101	101	72.0305	0.713173	0.713173
mutation817	101	101	34.0971	0.337595	0.337595
mutation818	101	58	11.4926	0.113788	0.198148
mutation819	101	101	48.2281	0.477506	0.477506
mutation820	101	101	72.6826	0.71963	0.71963
mutation821	101	101	97.0271	0.960664	0.960664
mutation822	101	101	29.2901	0.290001	0.290001
mutation823	101	101	46.3755	0.459163	0.459163
mutation824	101	101	41.4779	0.410672	0.410672
mutation825	101	78	49.9428	0.494483	0.640293
mutation826	101	101	1.66889	0.0165237	0.0165237
mutation827	101	101	42.6427	0.422205	0.422205
mutation828	101	101	6.35652	0.0629359	0.0629359
mutation829	101	101	28.3271	0.280467	0.280467
mutation830	101	101	19.1196	0.189303	0.189303
mutation831	101	101	81.9178	0.811067	0.811067
mutation832	101	101	49.1942	0.487071	0.487071
mutation833	101	101	80.0797	0.792869	0.792869
mutation834	101	101	58.5137	0.579344	0.579344
mutation835	101	101	71.266	0.705604	0.705604
mutation836	101	101	63.7667	0.631353	0.631353
mutation837	101	101	10.035	0.0993564	0.0993564
mutation838	101	101	86.4354	0.855796	0.855796
mutation839	101	101	98.6657	0.976888	0.976888
mutation840	101	0	0	0	0
mutation841	101	101	34.4651	0.341239	0.341239
mutation842	101	0	0	0	0
mutation843	101	101	78.3697	0.775937	0.775937
mutation844	101	101	77.0358	0.76273	0.76273
mutation845	101	101	85.3468	0.845018	0.845018
mutation846	101	101	27.145	0.268762	0.268762
mutation847	101	101	28.8289	0.285435	0.285435
mutation848	101	101	9.38744	0.0929449	0.0929449
mutation849	101	101	81.2854	0.804806	0.804806
mutation850	101	0	0	0	0
mutation851	101	101	9.1076	0.0901742	0.0901742
mutation852	101	101	4.03141	0.0399149	0.0399149
mutation853	101	101	100.5	0.995045	0.995045
mutation854	101	71	53.6503	0.531191	0.755638
mutation855	101	101	39.9941	0.395981	0.395981
mutation856	101	101	18.8771	0.186902	0.186902
mutation857	101	101	50.8574	0.503538	0.503538
mutation858	101	101	66.38	0.657228	0.657228
mutation859	101	101	19.4296	0.192372	0.192372
mutation860	101	101	60.9572	0.603537	0.603537
mutation861	101	101	75.2747	0.745294	0.745294
mutation862	101	101	36.0397	0.356829	0.356829
mutation863	101	101	88.0979	0.872256	0.872256
mutation864	101	101	93.127	0.922049	0.922049
mutation865	101	101	21.7049	0.2149	0.2149
mutation866	101	101	79.0289	0.782464	0.782464
mutation867	101	101	22.9368	0.227097	0.227097
mutation868	101	101	37.2666	0.368976	0.368976
mutation869	101	0	0	0	0
mutation870	101	101	25.0444	0.247964	0.247964
mutation871	101	101	31.323	0.310129	0.310129
mutation872	101	101	84.6562	0.83818	0.83818
mutation873	101	0	0	0	0
mutation874	101	101	23.4747	0.232423	0.232423
mutation875	101	101	59.3616	0.587738	0.587738
mutation876	101	101	88.4322	0.875566	0.875566
mutation877	101	101	35.6903	0.353369	0.353369
mutation878	101	101	77.6774	0.769084	0.769084
mutation879	101	101	73.5389	0.728108	0.728108
mutation880	101	101	0.322358	0.00319166	0.00319166
mutation881	101	101	91.1055	0.902034	0.902034
mutation882	101	101	93.1076	0.921858	0.921858
mutation883	101	0	0	0	0
mutation884	101	101	45.5456	0.450946	0.450946
mutation885	101	101	98.5178	0.975424	0.975424
mutation886	101	101	73.154	0.724297	0.724297
mutation887	101	101	40.2253	0.39827	0.39827
mutation888	101	101	98.6272	0.976507	0.976507
mutation889	101	101	94.2203	0.932874	0.932874
mutation890	101	101	100.583	0.995875	0.995875
mutation891	101	101	61.5593	0.609498	0.609498
mutation892	101	101	23.9937	0.237561	0.237561
mutation893	101	101	76.8472	0.760864	0.760864
mutation894	101	0	0	0	0
mutation895	101	0	0	0	0
mutation896	101	101	82.7112	0.818923	0.818923
mutation897	101	101	19.8841	0.196872	0.196872
mutation898	101	101	16.0039	0.158454	0.158454
mutation899	101	101	62.3333	0.617161	0.617161
mutation900	101	101	23.2115	0.229816	0.229816
mutation901	101	101	71.5837	0.708749	0.708749
mutation902	101	101	85.5768	0.847295	0.847295
mutation903	101	0	0	0	0
mutation904	101	101	91.5198	0.906137	0.906137
mutation905	101	101	86.449	0.85593	0.85593
mutation906	101	101	83.8212	0.829913	0.829913
mutation907	101	101	75.8436	0.750927	0.750927
mutation908	101	101	83.2343	0.824102	0.824102
mutation909	101	101	20.0806	0.198818	0.198818
mutation910	101	101	94.8476	0.939085	0.939085
mutation911	101	101	52.3876	0.518689	0.518689
mutation912	101	101	14.3186	0.141768	0.141768
mutation913	101	101	62.7432	0.62122	0.62122
mutation914	101	101	99.2253	0.982428	0.982428
mutation915	101	0	0	0	0
mutation916	101	101	19.0738	0.18885	0.18885
mutation917	101	101	34.6892	0.343458	0.343458
mutation918	101	101	100.807	0.99809	0.99809
mutation919	101	101	16.5862	0.16422	0.16422
mutation920	101	101	52.6797	0.521581	0.521581
mutation921	101	0	0	0	0
mutation922	101	101	27.3413	0.270706	0.270706
mutation923	101	101	94.7325	0.937945	0.937945
mutation924	101	101	20.1984	0.199984	0.199984
mutation925	101	101	61.86	0.612475	0.612475
mutation926	101	101	82.7573	0.81938	0.81938
mutation927	101	101	10.2754	0.101737	0.101737
mutation928	101	101	90.7173	0.898192	0.898192
mutation929	101	0	0	0	0
mutation930	101	0	0	0	0
mutation931	101	101	24.3105	0.240698	0.240698
mutation932	101	101	27.8646	0.275887	0.275887
mutation933	101	101	84.9766	0.841352	0.841352
mutation934	101	101	0.739047	0.0073173	0.0073173
mutation935	101	101	66.7124	0.660519	0.660519
mutation936	101	101	43.422	0.429921	0.429921
mutation937	101	101	27.2467	0.26977	0.26977
mutation938	101	101	62.045	0.614307	0.614307
mutation939	101	101	8.38552	0.083025	0.083025
mutation940	101	101	36.5655	0.362035	0.362035
mutation941	101	0	0	0	0
mutation942	101	101	74.4527	0.737156	0.737156
mutation943	101	101	91.0572	0.901556	0.901556
mutation944	101	0	0	0	0
mutation945	101	101	54.5301	0.539902	0.539902
mutation946	101	101	22.3262	0.221051	0.221051
mutation947	101	101	43.737	0.433039	0.433039
mutation948	101	101	17.5893	0.174151	0.174151
mutation949	101	101	92.8519	0.919326	0.919326
mutation950	101	0	0	0	0
mutation951	101	101	80.6676	0.798689	0.798689
mutation952	101	101	51.7856	0.512729	0.512729
mutation953	101	101	70.6557	0.699562	0.699562
mutation954	101	101	51.2492	0.507418	0.507418
mutation955	101	101	41.6673	0.412548	0.412548
mutation956	101	101	3.21479	0.0318296	0.0318296
mutation957	101	101	58.256	0.576792	0.576792
mutation958	101	101	72.1798	0.714652	0.714652
mutation959	101	51	50.0366	0.495412	0.98111
mutation960	101	101	49.3158	0.488275	0.488275
mutation961	101	0	0	0	0
mutation962	101	101	77.1916	0.764273	0.764273
mutation963	101	101	52.4792	0.519596	0.519596
mutation964	101	101	72.8021	0.720812	0.720812
mutation965	101	101	77.0296	0.76267	0.76267
mutation966	101	101	79.5702	0.787824	0.787824
mutation967	101	101	100.294	0.993009	0.993009
mutation968	101	101	5.45162	0.0539765	0.0539765
mutation969	101	101	91.6654	0.907579	0.907579
mutation970	101	101	75.3041	0.745585	0.745585
mutation971	101	101	21.6458	0.214315	0.214315
mutation972	101	0	0	0	0
mutation973	101	101	79.4409	0.786544	0.786544
mutation974	101	101	55.7336	0.551818	0.551818
mutation975	101	101	94.2964	0.933628	0.933628
mutation976	101	101	60.8627	0.602601	0.602601
mutation977	101	101	27.8295	0.275539	0.275539
mutation978	101	101	41.7143	0.413013	0.413013
mutation979	101	101	49.9051	0.49411	0.49411
mutation980	101	101	81.747	0.809377	0.809377
mutation981	101	101	23.3629	0.231316	0.231316
mutation982	101	101	2.39079	0.0236712	0.0236712
mutation983	101	101	29.0985	0.288104	0.288104
mutation984	101	101	83.0209	0.821989	0.821989
mutation985	101	101	17.7517	0.175759	0.175759
mutation986	101	101	90.5271	0.896308	0.896308
mutation987	101	101	26.9869	0.267197	0.267197
mutation988	101	101	45.246	0.44798	0.44798
mutation989	101	0	0	0	0
mutation990	101	0	0	0	0
mutation991	101	101	59.5321	0.589427	0.589427
mutation992	101	101	65.3557	0.647086	0.647086
mutation993	101	101	54.8333	0.542904	0.542904
mutation994	101	101	87.8334	0.869637	0.869637
mutation995	101	101	14.9821	0.148338	0.148338
mutation996	101	0	0	0	0
mutation997	101	101	5.74574	0.0568885	0.0568885
mutation998	101	101	5.25372	0.052017	0.052017
mutation999	101	101	56.0322	0.554774	0.554774
mutation1000	101	101	8.13626	0.080557	0.080557
mutation1001	101	0	0	0	0
mutation1002	101	51	29.1123	0.288241	0.57083
mutation1003	101	101	88.6852	0.878071	0.878071
mutation1004	101	101	100.541	0.995456	0.995456
mutation1005	101	101	91.9436	0.910332	0.910332
mutation1006	101	101	66.9409	0.662781	0.662781
mutation1007	101	101	79.4829	0.78696	0.78696
mutation1008	101	101	38.2078	0.378295	0.378295
mutation1009	101	101	30.7421	0.304378	0.304378
mutation1010	101	64	37.5105	0.371391	0.586102
mutation1011	101	101	23.2893	0.230587	0.230587
mutation1012	101	101	63.3893	0.627616	0.627616
mutation1013	101	101	32.2709	0.319514	0.319514
mutation1014	101	101	43.2999	0.428712	0.428712
mutation1015	101	101	94.5543	0.936181	0.936181
mutation1016	101	101	93.1875	0.922649	0.922649
mutation1017	101	101	92.2926	0.913788	0.913788
mutation1018	101	101	33.9869	0.336504	0.336504
mutation1019	101	101	40.3569	0.399573	0.399573
mutation1020	101	101	83.8023	0.829726	0.829726
mutation1021	101	60	14.984	0.148357	0.249734
mutation1022	101	101	78.0651	0.772922	0.772922
mutation1023	101	101	12.4933	0.123696	0.123696
mutation1024	101	101	57.6119	0.570415	0.570415
mutation1025	101	101	6.3322	0.0626951	0.0626951
mutation1026	101	101	83.2277	0.824037	0.824037
mutation1027	101	0	0	0	0
mutation1028	101	0	0	0	0
mutation1029	101	101	64.4759	0.638375	0.638375
mutation1030	101	0	0	0	0
mutation1031	101	101	84.2146	0.833808	0.833808
mutation1032	101	101	70.4852	0.697873	0.697873
mutation1033	101	101	60.1262	0.595309	0.595309
mutation1034	101	101	42.8019	0.423781	0.423781
mutation1035	101	101	54.9627	0.544185	0.544185
mutation1036	101	101	83.9899	0.831583	0.831583
mutation1037	101	101	49.8185	0.493253	0.493253
mutation1038	101	101	57.1831	0.56617	0.56617
mutation1039	101	101	71.0915	0.703876	0.703876
mutation1040	101	101	68.0284	0.673548	0.673548
mutation1041	101	101	68.7921	0.68111	0.68111
mutation1042	101	101	6.33587	0.0627314	0.0627314
mutation1043	101	101	30.4057	0.301047	0.301047
mutation1044	101	101	22.9189	0.22692	0.22692
mutation1045	101	101	44.0588	0.436226	0.436226
mutation1046	101	101	96.375	0.954208	0.954208
mutation1047	101	101	84.075	0.832426	0.832426
mutation1048	101	101	39.1634	0.387757	0.387757
mutation1049	101	101	56.6823	0.561211	0.561211
mutation1050	101	101	97.8028	0.968345	0.968345
mutation1051	101	101	90.2747	0.893808	0.893808
mutation1052	101	0	0	0	0
mutation1053	101	101	38.6131	0.382308	0.382308
mutation1054	101	0	0	0	0
mutation1055	101	101	56.5621	0.560021	0.560021
mutation1056	101	101	2.35719	0.0233385	0.0233385
mutation1057	101	101	97.4538	0.964889	0.964889
mutation1058	101	101	69.4296	0.687422	0.687422
mutation1059	101	0	0	0	0
mutation1060	101	101	0.30873	0.00305673	0.00305673
mutation1061	101	0	0	0	0
mutation1062	101	101	0.708831	0.00701813	0.00701813
mutation1063	101	101	82.7376	0.819184	0.819184
mutation1064	101	101	12.8304	0.127033	0.127033
mutation1065	101	101	55.3185	0.547708	0.547708
mutation1066	101	101	100.579	0.99583	0.99583
mutation1067	101	101	100.399	0.994054	0.994054
mutation1068	101	0	0	0	0
mutation1069	101	101	9.70572	0.0960963	0.0960963
mutation1070	101	101	84.4401	0.836041	0.836041
mutation1071	101	84	32.9925	0.326658	0.392767
mutation1072	101	101	16.3713	0.162092	0.162092
mutation1073	101	101	88.3183	0.874439	0.874439
mutation1074	101	101	51.6412	0.511299	0.511299
mutation1075	101	101	10.9702	0.108616	0.108616
mutation1076	101	101	28.8847	0.285987	0.285987
mutation1077	101	101	61.0836	0.604788	0.604788
mutation1078	101	101	77.3297	0.765641	0.765641
mutation1079	101	101	23.3429	0.231117	0.231117
mutation1080	101	0	0	0	0
mutation1081	101	0	0	0	0
mutation1082	101	0	0	0	0
mutation1083	101	101	31.2139	0.309049	0.309049
mutation1084	101	101	20.7329	0.205276	0.205276
mutation1085	101	101	87.7897	0.869204	0.869204
mutation1086	101	101	88.973	0.880921	0.880921
mutation1087	101	101	53.263	0.527356	0.527356
mutation1088	101	101	87.0589	0.861969	0.861969
mutation1089	101	101	6.48234	0.0641816	0.0641816
mutation1090	101	101	44.3729	0.439336	0.439336
mutation1091	101	0	0	0	0
mutation1092	101	0	0	0	0
mutation1093	101	101	81.943	0.811317	0.811317
mutation1094	101	0	0	0	0
mutation1095	101	101	17.2358	0.170652	0.170652
mutation1096	101	101	88.9581	0.880774	0.880774
mutation1097	101	0	0	0	0
mutation1098	101	101	86.5941	0.857367	0.857367
mutation1099	101	83	32.9884	0.326618	0.397451
mutation1100	101	101	31.7272	0.314131	0.314131
mutation1101	101	0	0	0	0
mutation1102	101	0	0	0	0
mutation1103	101	0	0	0	0
mutation1104	101	101	42.7614	0.42338	0.42338
mutation1105	101	101	70.4277	0.697304	0.697304
mutation1106	101	0	0	0	0
mutation1107	101	101	41.0632	0.406566	0.406566
mutation1108	101	0	0	0	0
mutation1109	101	101	60.6589	0.600583	0.600583
mutation1110	101	101	22.4992	0.222764	0.222764
mutation1111	101	101	90.2516	0.89358	0.89358
mutation1112	101	101	38.1486	0.377709	0.377709
mutation1113	101	101	20.1434	0.19944	0.19944
mutation1114	101	101	53.2749	0.527474	0.527474
mutation1115	101	101	63.9034	0.632707	0.632707
mutation1116	101	101	56.207	0.556505	0.556505
mutation1117	101	101	50.4383	0.499389	0.499389
mutation1118	101	0	0	0	0
mutation1119	101	101	37.7852	0.374111	0.374111
mutation1120	101	101	40.3238	0.399246	0.399246
mutation1121	101	101	98.7678	0.977899	0.977899
mutation1122	101	101	69.26	0.685743	0.685743
mutation1123	101	101	54.2268	0.536899	0.536899
mutation1124	101	20	2.01603	0.0199607	0.100802
mutation1125	101	101	90.1887	0.892957	0.892957
mutation1126	101	101	97.8157	0.968472	0.968472
mutation1127	101	101	81.7478	0.809385	0.809385
mutation1128	101	101	16.9788	0.168107	0.168107
mutation1129	101	101	35.3288	0.34979	0.34979
mutation1130	101	0	0	0	0
mutation1131	101	101	38.8013	0.384172	0.384172
mutation1132	101	0	0	0	0
mutation1133	101	101	60.2655	0.596688	0.596688
mutation1134	101	92	26.2884	0.260281	0.285743
mutation1135	101	101	57.6726	0.571015	0.571015
mutation1136	101	101	48.3801	0.479011	0.479011
mutation1137	101	0	0	0	0
mutation1138	101	101	77.8915	0.771203	0.771203
mutation1139	101	101	64.9948	0.643513	0.643513
mutation1140	101	101	100.527	0.995313	0.995313
mutation1141	101	101	16.5725	0.164084	0.164084
mutation1142	101	101	84.7524	0.839132	0.839132
mutation1143	101	101	9.37902	0.0928616	0.0928616
mutation1144	101	101	60.8751	0.602723	0.602723
mutation1145	101	101	46.3485	0.458896	0.458896
mutation1146	101	0	0	0	0
mutation1147	101	0	0	0	0
mutation1148	101	101	7.46449	0.0739058	0.0739058
mutation1149	101	96	71.4873	0.707795	0.74466
mutation1150	101	101	39.8332	0.394388	0.394388
mutation1151	101	101	23.9315	0.236945	0.236945
mutation1152	101	101	51.1163	0.506102	0.506102
mutation1153	101	101	89.909	0.890188	0.890188
mutation1154	101	101	38.9477	0.385621	0.385621
mutation1155	101	101	37.482	0.371109	0.371109
mutation1156	101	101	64.0465	0.634123	0.634123
mutation1157	101	0	0	0	0
mutation1158	101	101	65.9041	0.652516	0.652516
mutation1159	101	51	45.199	0.447514	0.886254
mutation1160	101	101	32.8624	0.325371	0.325371
mutation1161	101	101	88.9918	0.881107	0.881107
mutation1162	101	57	33.2673	0.329379	0.583637
mutation1163	101	101	58.74	0.581584	0.581584
mutation1164	101	101	10.1895	0.100886	0.100886
mutation1165	101	101	1.73915	0.0172193	0.0172193
mutation1166	101	0	0	0	0
mutation1167	101	101	15.2694	0.151182	0.151182
mutation1168	101	0	0	0	0
mutation1169	101	101	81.3078	0.805028	0.805028
mutation1170	101	101	24.4659	0.242237	0.242237
mutation1171	101	101	13.8472	0.137101	0.137101
mutation1172	101	101	99.9356	0.989462	0.989462
mutation1173	101	101	9.43682	0.0934338	0.0934338
mutation1174	101	101	42.5422	0.42121	0.42121
mutation1175	101	0	0	0	0
mutation1176	101	101	72.3992	0.716824	0.716824
mutation1177	101	101	47.1282	0.466616	0.466616
mutation1178	101	0	0	0	0
mutation1179	101	101	41.6885	0.412758	0.412758
mutation1180	101	101	34.8862	0.345408	0.345408
mutation1181	101	101	41.9825	0.415668	0.415668
mutation1182	101	101	96.8505	0.958916	0.958916
mutation1183	101	101	87.8247	0.869551	0.869551
mutation1184	101	101	36.9408	0.36575	0.36575
mutation1185	101	101	8.03609	0.0795652	0.0795652
mutation1186	101	101	24.7264	0.244816	0.244816
mutation1187	101	101	88.4701	0.875941	0.875941
mutation1188	101	101	12.7455	0.126193	0.126193
mutation1189	101	101	19.2943	0.191033	0.191033
mutation1190	101	101	83.0063	0.821845	0.821845
mutation1191	101	101	31.5856	0.312729	0.312729
mutation1192	101	101	38.303	0.379238	0.379238
mutation1193	101	101	28.5213	0.282389	0.282389
mutation1194	101	101	44.2356	0.437976	0.437976
mutation1195	101	101	31.1682	0.308596	0.308596
mutation1196	101	101	79.5974	0.788093	0.788093
mutation1197	101	0	0	0	0
mutation1198	101	101	55.8059	0.552534	0.552534
mutation1199	101	101	72.8147	0.720938	0.720938
mutation1200	101	101	84.0391	0.83207	0.83207
mutation1201	101	101	46.8059	0.463425	0.463425
mutation1202	101	101	93.0483	0.92127	0.92127
mutation1203	101	101	55.2936	0.547461	0.547461
mutation1204	101	101	38.486	0.38105	0.38105
mutation1205	101	101	34.9195	0.345738	0.345738
mutation1206	101	101	17.7789	0.176028	0.176028
mutation1207	101	101	48.7841	0.483011	0.483011
mutation1208	101	101	53.8633	0.5333	0.5333
mutation1209	101	101	23.5318	0.232989	0.232989
mutation1210	101	101	26.2988	0.260384	0.260384
mutation1211	101	101	92.9791	0.920585	0.920585
mutation1212	101	101	10.3998	0.102969	0.102969
mutation1213	101	101	0.87779	0.00869099	0.00869099
mutation1214	101	101	92.2842	0.913705	0.913705
mutation1215	101	101	60.1473	0.595518	0.595518
mutation1216	101	0	0	0	0
mutation1217	101	101	84.6801	0.838417	0.838417
mutation1218	101	101	97.7805	0.968124	0.968124
mutation1219	101	101	86.0177	0.851661	0.851661
mutation1220	101	101	14.0053	0.138666	0.138666
mutation1221	101	101	62.4487	0.618304	0.618304
mutation1222	101	101	44.3633	0.43924	0.43924
mutation1223	101	101	68.3909	0.677138	0.677138
mutation1224	101	101	84.686	0.838475	0.838475
mutation1225	101	101	12.5345	0.124104	0.124104
mutation1226	101	101	20.0242	0.198259	0.198259
mutation1227	101	101	17.5521	0.173783	0.173783
mutation1228	101	101	16.8463	0.166795	0.166795
mutation1229	101	101	76.2121	0.754575	0.754575
mutation1230	101	0	0	0	0
mutation1231	101	101	19.041	0.188525	0.188525
mutation1232	101	101	42.3216	0.419026	0.419026
mutation1233	101	101	28.4439	0.281623	0.281623
mutation1234	101	101	40.603	0.40201	0.40201
mutation1235	101	101	6.41437	0.0635086	0.0635086
mutation1236	101	0	0	0	0
mutation1237	101	101	3.88819	0.0384969	0.0384969
mutation1238	101	101	44.4844	0.44044	0.44044
mutation1239	101	101	98.4961	0.975209	0.975209
mutation1240	101	101	27.5995	0.273262	0.273262
mutation1241	101	101	4.38058	0.0433721	0.0433721
mutation1242	101	101	28.6178	0.283345	0.283345
mutation1243	101	101	49.9599	0.494653	0.494653
mutation1244	101	101	37.1867	0.368185	0.368185
mutation1245	101	101	74.0123	0.732795	0.732795
mutation1246	101	19	18.5648	0.183809	0.977093
mutation1247	101	101	44.4722	0.440318	0.440318
mutation1248	101	101	48.0387	0.475631	0.475631
mutation1249	101	101	65.1773	0.645319	0.645319
mutation1250	101	101	44.978	0.445326	0.445326
mutation1251	101	0	0	0	0
mutation1252	101	0	0	0	0
mutation1253	101	101	62.1217	0.615066	0.615066
mutation1254	101	101	10.0504	0.0995087	0.0995087
mutation1255	101	0	0	0	0
mutation1256	101	72	14.1072	0.139675	0.195934
mutation1257	101	101	12.1335	0.120133	0.120133
mutation1258	101	101	48.3064	0.478281	0.478281
mutation1259	101	101	57.4377	0.56869	0.56869
mutation1260	101	101	86.6582	0.858002	0.858002
mutation1261	101	101	59.4639	0.588751	0.588751
mutation1262	101	101	65.0038	0.643602	0.643602
mutation1263	101	101	91.5165	0.906104	0.906104
mutation1264	101	101	7.36308	0.0729018	0.0729018
mutation1265	101	101	72.2547	0.715393	0.715393
mutation1266	101	0	0	0	0
mutation1267	101	101	4.08286	0.0404243	0.0404243
mutation1268	101	101	79.4599	0.786732	0.786732
mutation1269	101	101	82.433	0.816168	0.816168
mutation1270	101	0	0	0	0
mutation1271	101	101	66.441	0.657832	0.657832
mutation1272	101	101	18.612	0.184277	0.184277
mutation1273	101	101	71.3564	0.706499	0.706499
mutation1274	101	101	89.4649	0.885791	0.885791
mutation1275	101	101	41.4108	0.410008	0.410008
mutation1276	101	101	15.0808	0.149315	0.149315
mutation1277	101	101	92.5591	0.916427	0.916427
mutation1278	101	101	73.7762	0.730458	0.730458
mutation1279	101	101	9.55645	0.0946183	0.0946183
mutation1280	101	101	57.7269	0.571554	0.571554
mutation1281	101	101	95.1505	0.942085	0.942085
mutation1282	101	101	30.2228	0.299236	0.299236
mutation1283	101	101	66.7124	0.660519	0.660519
mutation1284	101	101	82.8421	0.820219	0.820219
mutation1285	101	101	6.69987	0.0663353	0.0663353
mutation1286	101	101	38.3004	0.379212	0.379212
mutation1287	101	101	74.0655	0.733322	0.733322
mutation1288	101	101	72.3813	0.716647	0.716647
mutation1289	101	101	28.3415	0.280609	0.280609
mutation1290	101	101	25.2409	0.24991	0.24991
mutation1291	101	101	4.89356	0.0484511	0.0484511
mutation1292	101	101	19.7297	0.195344	0.195344
mutation1293	101	101	88.5231	0.876467	0.876467
mutation1294	101	101	64.1324	0.634974	0.634974
mutation1295	101	101	62.6118	0.619919	0.619919
mutation1296	101	101	76.9718	0.762097	0.762097
mutation1297	101	101	76.5081	0.757506	0.757506
mutation1298	101	101	37.9832	0.376071	0.376071
mutation1299	101	101	33.1441	0.32816	0.32816
mutation1300	101	101	40.8533	0.404488	0.404488
mutation1301	101	101	9.16552	0.0907478	0.0907478
mutation1302	101	101	31.3666	0.31056	0.31056
mutation1303	101	101	84.8943	0.840537	0.840537
mutation1304	101	101	43.9622	0.43527	0.43527
mutation1305	101	101	33.5692	0.332369	0.332369
mutation1306	101	101	84.6827	0.838443	0.838443
mutation1307	101	101	20.5849	0.203811	0.203811
mutation1308	101	101	55.3367	0.547888	0.547888
mutation1309	101	101	94.4147	0.934799	0.934799
mutation1310	101	101	11.9721	0.118536	0.118536
mutation1311	101	101	57.0558	0.564909	0.564909
mutation1312	101	101	72.1918	0.714771	0.714771
mutation1313	101	101	25.8605	0.256044	0.256044
mutation1314	101	0	0	0	0
mutation1315	101	101	83.4342	0.826081	0.826081
mutation1316	101	101	34.5363	0.341943	0.341943
mutation1317	101	0	0	0	0
mutation1318	101	101	51.7856	0.512729	0.512729
mutation1319	101	0	0	0	0
mutation1320	101	101	3.7702	0.0373287	0.0373287
mutation1321	101	101	51.3129	0.508048	0.508048
mutation1322	101	0	0	0	0
mutation1323	101	101	30.6086	0.303056	0.303056
mutation1324	101	0	0	0	0
mutation1325	101	101	47.5026	0.470323	0.470323
mutation1326	101	101	29.7826	0.294877	0.294877
mutation1327	101	101	4.58246	0.0453709	0.0453709
mutation1328	101	101	6.31142	0.0624893	0.0624893
mutation1329	101	101	63.0373	0.624131	0.624131
mutation1330	101	101	77.5813	0.768131	0.768131
mutation1331	101	101	10.035	0.0993564	0.0993564
mutation1332	101	101	24.085	0.238465	0.238465
mutation1333	101	101	15.2295	0.150787	0.150787
mutation1334	101	0	0	0	0
mutation1335	101	0	0	0	0
mutation1336	101	0	0	0	0
mutation1337	101	101	27.6509	0.273771	0.273771
mutation1338	101	101	49.0467	0.485611	0.485611
mutation1339	101	101	40.3643	0.399646	0.399646
mutation1340	101	101	21.7431	0.215279	0.215279
mutation1341	101	101	52.0331	0.515179	0.515179
mutation1342	101	101	18.8355	0.18649	0.18649
mutation1343	101	73	21.1074	0.208984	0.289142
mutation1344	101	101	64.5282	0.638894	0.638894
mutation1345	101	101	57.5957	0.570255	0.570255
mutation1346	101	101	35.2616	0.349125	0.349125
mutation1347	101	101	28.2816	0.280015	0.280015
mutation1348	101	0	0	0	0
mutation1349	101	77	60.2422	0.596458	0.782367
mutation1350	101	101	6.76516	0.0669818	0.0669818
mutation1351	101	101	41.1915	0.407836	0.407836
mutation1352	101	101	84.9558	0.841146	0.841146
mutation1353	101	101	60.6745	0.600737	0.600737
mutation1354	101	101	42.0668	0.416503	0.416503
mutation1355	101	101	46.8059	0.463425	0.463425
mutation1356	101	0	0	0	0
mutation1357	101	101	55.329	0.547812	0.547812
mutation1358	101	101	99.4316	0.984471	0.984471
mutation1359	101	101	94.863	0.939238	0.939238
mutation1360	101	101	31.5774	0.312647	0.312647
mutation1361	101	0	0	0	0
mutation1362	101	0	0	0	0
mutation1363	101	101	20.7342	0.205289	0.205289
mutation1364	101	0	0	0	0
mutation1365	101	101	33.132	0.32804	0.32804
mutation1366	101	101	79.8936	0.791026	0.791026
mutation1367	101	101	25.2295	0.249797	0.249797
mutation1368	101	101	87.0337	0.86172	0.86172
mutation1369	101	101	38.1102	0.377328	0.377328
mutation1370	101	101	24.5126	0.242699	0.242699
mutation1371	101	101	40.7313	0.40328	0.40328
mutation1372	101	101	57.0379	0.564732	0.564732
mutation1373	101	101	43.0725	0.426461	0.426461
mutation1374	101	101	56.9133	0.563498	0.563498
mutation1375	101	101	32.4154	0.320944	0.320944
mutation1376	101	101	46.1369	0.456801	0.456801
mutation1377	101	92	31.1617	0.308532	0.338714
mutation1378	101	101	92.5194	0.916033	0.916033
mutation1379	101	101	43.9601	0.435248	0.435248
mutation1380	101	101	21.4609	0.212484	0.212484
mutation1381	101	79	53.9024	0.533687	0.682309
mutation1382	101	101	96.4852	0.955299	0.955299
mutation1383	101	101	73.4833	0.727557	0.727557
mutation1384	101	0	0	0	0
mutation1385	101	54	35.1524	0.348044	0.650971
mutation1386	101	101	84.4884	0.836518	0.836518
mutation1387	101	101	69.3875	0.687005	0.687005
mutation1388	101	101	92.2449	0.913316	0.913316
mutation1389	101	101	70.8882	0.701863	0.701863
mutation1390	101	101	1.99149	0.0197177	0.0197177
mutation1391	101	101	66.8626	0.662006	0.662006
mutation1392	101	101	27.551	0.272782	0.272782
mutation1393	101	101	86.9971	0.861357	0.861357
mutation1394	101	101	29.6004	0.293073	0.293073
mutation1395	101	0	0	0	0
mutation1396	101	101	25.0279	0.247801	0.247801
mutation1397	101	101	73.5932	0.728646	0.728646
mutation1398	101	101	88.9939	0.881128	0.881128
mutation1399	101	101	93.752	0.928237	0.928237
mutation1400	101	101	70.85	0.701485	0.701485
mutation1401	101	101	72.4068	0.716899	0.716899
mutation1402	101	101	27.1778	0.269087	0.269087
mutation1403	101	101	54.6203	0.540795	0.540795
mutation1404	101	101	94.1166	0.931848	0.931848
mutation1405	101	32	30.9087	0.306027	0.965898
mutation1406	101	101	89.7923	0.889033	0.889033
mutation1407	101	0	0	0	0
mutation1408	101	101	88.3364	0.874618	0.874618
mutation1409	101	101	36.9917	0.366255	0.366255
mutation1410	101	0	0	0	0
mutation1411	101	101	94.4662	0.935309	0.935309
mutation1412	101	101	53.0468	0.525216	0.525216
mutation1413	101	101	69.989	0.692961	0.692961
mutation1414	101	101	95.9127	0.949631	0.949631
mutation1415	101	101	51.7339	0.512216	0.512216
mutation1416	101	101	41.6368	0.412246	0.412246
mutation1417	101	101	16.2067	0.160463	0.160463
mutation1418	101	101	96.2275	0.952747	0.952747
mutation1419	101	65	43.5481	0.431169	0.669971
mutation1420	101	101	85.4851	0.846388	0.846388
mutation1421	101	101	76.7634	0.760034	0.760034
mutation1422	101	101	67.8882	0.67216	0.67216
mutation1423	101	0	0	0	0
mutation1424	101	101	38.3451	0.379654	0.379654
mutation1425	101	101	16.619	0.164545	0.164545
mutation1426	101	101	73.0299	0.723068	0.723068
mutation1427	101	101	89.9679	0.890771	0.890771
mutation1428	101	101	55.2626	0.547154	0.547154
mutation1429	101	0	0	0	0
mutation1430	101	101	15.1012	0.149517	0.149517
mutation1431	101	101	5.25394	0.0520192	0.0520192
mutation1432	101	101	20.699	0.204941	0.204941
mutation1433	101	101	48.2715	0.477936	0.477936
mutation1434	101	101	20.6681	0.204635	0.204635
mutation1435	101	101	59.9715	0.593777	0.593777
mutation1436	101	101	26.8746	0.266085	0.266085
mutation1437	101	101	73.9445	0.732124	0.732124
mutation1438	101	101	91.4733	0.905676	0.905676
mutation1439	101	101	61.4238	0.608156	0.608156
mutation1440	101	0	0	0	0
mutation1441	101	101	4.08814	0.0404766	0.0404766
mutation1442	101	101	93.8131	0.928843	0.928843
mutation1443	101	101	39.3698	0.3898	0.3898
mutation1444	101	101	80.2528	0.794582	0.794582
mutation1445	101	0	0	0	0
mutation1446	101	0	0	0	0
mutation1447	101	101	29.7301	0.294357	0.294357
mutation1448	101	101	44.7275	0.442847	0.442847
mutation1449	101	101	76.173	0.754188	0.754188
mutation1450	101	101	64.5315	0.638926	0.638926
mutation1451	101	101	50.0831	0.495873	0.495873
mutation1452	101	101	40.2981	0.398991	0.398991
mutation1453	101	101	92.8014	0.918826	0.918826
mutation1454	101	0	0	0	0
mutation1455	101	101	99.6105	0.986242	0.986242
mutation1456	101	101	84.1418	0.833087	0.833087
mutation1457	101	101	44.6413	0.441993	0.441993
mutation1458	101	101	92.0901	0.911783	0.911783
mutation1459	101	0	0	0	0
mutation1460	101	0	0	0	0
mutation1461	101	0	0	0	0
mutation1462	101	101	68.7916	0.681105	0.681105
mutation1463	101	0	0	0	0
mutation1464	101	101	50.6082	0.501071	0.501071
mutation1465	101	101	42.0962	0.416794	0.416794
mutation1466	101	101	83.4967	0.8267	0.8267
mutation1467	101	101	55.8808	0.553275	0.553275
mutation1468	101	101	54.0566	0.535214	0.535214
mutation1469	101	101	34.5799	0.342376	0.342376
mutation1470	101	101	95.7487	0.948007	0.948007
mutation1471	101	0	0	0	0
mutation1472	101	101	61.227	0.606208	0.606208
mutation1473	101	101	5.54086	0.05486	0.05486
mutation1474	101	101	56.3347	0.557769	0.557769
mutation1475	101	101	21.4509	0.212385	0.212385
mutation1476	101	101	97.0754	0.961143	0.961143
mutation1477	101	101	65.9208	0.652682	0.652682
mutation1478	101	0	0	0	0
mutation1479	101	0	0	0	0
mutation1480	101	101	2.54289	0.0251771	0.0251771
mutation1481	101	101	56.5902	0.560299	0.560299
mutation1482	101	101	19.4802	0.192874	0.192874
mutation1483	101	101	13.2106	0.130798	0.130798
mutation1484	101	101	7.06401	0.0699407	0.0699407
mutation1485	101	101	85.2407	0.843967	0.843967
mutation1486	101	101	1.20409	0.0119217	0.0119217
mutation1487	101	101	98.3837	0.974096	0.974096
mutation1488	101	101	91.5215	0.906154	0.906154
mutation1489	101	0	0	0	0
mutation1490	101	101	77.5923	0.76824	0.76824
mutation1491	101	101	88.5829	0.877058	0.877058
mutation1492	101	101	16.2883	0.161271	0.161271
mutation1493	101	101	95.515	0.945693	0.945693
mutation1494	101	0	0	0	0
mutation1495	101	101	3.21245	0.0318064	0.0318064
mutation1496	101	101	7.73177	0.0765521	0.0765521
mutation1497	101	101	79.9438	0.791523	0.791523
mutation1498	101	101	31.487	0.311753	0.311753
mutation1499	101	101	22.2258	0.220058	0.220058
mutation1500	101	101	39.3161	0.389268	0.389268
mutation1501	101	0	0	0	0
mutation1502	101	101	74.0099	0.732771	0.732771
mutation1503	101	101	94.3528	0.934187	0.934187
mutation1504	101	101	67.8963	0.672241	0.672241
mutation1505	101	101	59.3638	0.58776	0.58776
mutation1506	101	101	28.6084	0.283252	0.283252
mutation1507	101	101	73.5602	0.728319	0.728319
mutation1508	101	101	11.2925	0.111807	0.111807
mutation1509	101	101	60.0017	0.594076	0.594076
mutation1510	101	101	17.7517	0.175759	0.175759
mutation1511	101	101	6.11523	0.0605468	0.0605468
mutation1512	101	101	66.855	0.66193	0.66193
mutation1513	101	101	14.5199	0.143761	0.143761
mutation1514	101	101	35.9091	0.355536	0.355536
mutation1515	101	101	71.1019	0.703979	0.703979
mutation1516	101	101	45.6418	0.451899	0.451899
mutation1517	101	0	0	0	0
mutation1518	101	101	50.5185	0.500183	0.500183
mutation1519	101	101	9.27739	0.0918553	0.0918553
mutation1520	101	101	54.9321	0.543882	0.543882
mutation1521	101	101	62.0339	0.614197	0.614197
mutation1522	101	101	59.5297	0.589403	0.589403
mutation1523	101	101	65.0372	0.643932	0.643932
mutation1524	101	101	43.3962	0.429666	0.429666
mutation1525	101	101	64.224	0.635881	0.635881
mutation1526	101	62	59.4293	0.588409	0.958538
mutation1527	101	101	40.7719	0.403682	0.403682
mutation1528	101	51	31.2029	0.30894	0.611822
mutation1529	101	101	61.3632	0.607556	0.607556
mutation1530	101	101	51.8999	0.51386	0.51386
mutation1531	101	101	87.3401	0.864753	0.864753
mutation1532	101	101	29.8241	0.295288	0.295288
mutation1533	101	101	72.7863	0.720656	0.720656
mutation1534	101	101	2.60552	0.0257972	0.0257972
mutation1535	101	0	0	0	0
mutation1536	101	101	73.9916	0.73259	0.73259
mutation1537	101	101	69.3866	0.686996	0.686996
mutation1538	101	101	52.921	0.52397	0.52397
mutation1539	101	90	79.0711	0.782882	0.878568
mutation1540	101	0	0	0	0
mutation1541	101	101	31.767	0.314525	0.314525
mutation1542	101	101	8.30124	0.0821905	0.0821905
mutation1543	101	0	0	0	0
mutation1544	101	0	0	0	0
mutation1545	101	101	35.4047	0.350542	0.350542
mutation1546	101	101	9.28803	0.0919607	0.0919607
mutation1547	101	101	100.98	0.999801	0.999801
mutation1548	101	101	82.6157	0.817977	0.817977
mutation1549	101	101	79.2057	0.784215	0.784215
mutation1550	101	0	0	0	0
mutation1551	101	0	0	0	0
mutation1552	101	101	53.2266	0.526996	0.526996
mutation1553	101	101	89.7513	0.888627	0.888627
mutation1554	101	101	90.0913	0.891993	0.891993
mutation1555	101	101	79.0088	0.782266	0.782266
mutation1556	101	101	90.6133	0.897161	0.897161
mutation1557	101	101	74.314	0.735782	0.735782
mutation1558	101	0	0	0	0
mutation1559	101	0	0	0	0
mutation1560	101	101	89.0411	0.881595	0.881595
mutation1561	101	101	91.9573	0.910469	0.910469
mutation1562	101	101	65.8987	0.652462	0.652462
mutation1563	101	0	0	0	0
mutation1564	101	0	0	0	0
mutation1565	101	101	7.71008	0.0763375	0.0763375
mutation1566	101	101	18.5964	0.184123	0.184123
mutation1567	101	101	12.4385	0.123154	0.123154
mutation1568	101	101	36.0101	0.356535	0.356535
mutation1569	101	0	0	0	0
mutation1570	101	101	28.6499	0.283662	0.283662
mutation1571	101	101	62.3333	0.617161	0.617161
mutation1572	101	101	63.4251	0.627971	0.627971
mutation1573	101	101	28.8245	0.285391	0.285391
mutation1574	101	101	69.8855	0.691936	0.691936
mutation1575	101	101	98.9244	0.979449	0.979449
mutation1576	101	101	94.1582	0.932259	0.932259
mutation1577	101	101	17.297	0.171258	0.171258
mutation1578	101	101	86.0602	0.852081	0.852081
mutation1579	101	51	45.5637	0.451126	0.893407
mutation1580	101	0	0	0	0
mutation1581	101	101	11.8949	0.117772	0.117772
mutation1582	101	101	36.5902	0.362279	0.362279
mutation1583	101	101	88.2894	0.874152	0.874152
mutation1584	101	101	46.0175	0.455619	0.455619
mutation1585	101	101	40.1196	0.397224	0.397224
mutation1586	101	0	0	0	0
mutation1587	101	101	41.9875	0.415718	0.415718
mutation1588	101	101	16.6127	0.164483	0.164483
mutation1589	101	101	34.089	0.337515	0.337515
mutation1590	101	101	67.4955	0.668272	0.668272
mutation1591	101	101	89.693	0.888049	0.888049
mutation1592	101	101	91.0843	0.901824	0.901824
mutation1593	101	0	0	0	0
mutation1594	101	101	3.41454	0.0338074	0.0338074
mutation1595	101	101	13.0721	0.129427	0.129427
mutation1596	101	101	52.1684	0.516519	0.516519
mutation1597	101	0	0	0	0
mutation1598	101	101	29.813	0.295178	0.295178
mutation1599	101	0	0	0	0
mutation1600	101	101	67.3017	0.666353	0.666353
mutation1601	101	0	0	0	0
mutation1602	101	101	12.3694	0.122469	0.122469
mutation1603	101	101	80.3936	0.795977	0.795977
mutation1604	101	101	37.8006	0.374263	0.374263
mutation1605	101	101	56.3382	0.557804	0.557804
mutation1606	101	0	0	0	0
mutation1607	101	101	36.4419	0.360811	0.360811
mutation1608	101	0	0	0	0
mutation1609	101	0	0	0	0
mutation1610	101	101	28.3453	0.280647	0.280647
mutation1611	101	0	0	0	0
mutation1612	101	101	39.9058	0.395107	0.395107
mutation1613	101	101	27.7073	0.27433	0.27433
mutation1614	101	101	47.2297	0.467621	0.467621
mutation1615	101	101	61.896	0.612831	0.612831
mutation1616	101	101	40.6343	0.40232	0.40232
mutation1617	101	101	61.3593	0.607518	0.607518
mutation1618	101	101	15.6054	0.154509	0.154509
mutation1619	101	101	57.3844	0.568163	0.568163
mutation1620	101	101	76.5732	0.758151	0.758151
mutation1621	101	0	0	0	0
mutation1622	101	0	0	0	0
mutation1623	101	101	15.7277	0.155719	0.155719
mutation1624	101	0	0	0	0
mutation1625	101	101	35.2595	0.349104	0.349104
mutation1626	101	101	52.5437	0.520234	0.520234
mutation1627	101	0	0	0	0
mutation1628	101	0	0	0	0
mutation1629	101	0	0	0	0
mutation1630	101	101	64.5722	0.639328	0.639328
mutation1631	101	0	0	0	0
mutation1632	101	101	56.1919	0.556356	0.556356
mutation1633	101	101	67.5454	0.668766	0.668766
mutation1634	101	0	0	0	0
mutation1635	101	0	0	0	0
mutation1636	101	101	57.3785	0.568104	0.568104
mutation1637	101	50	46.2252	0.457676	0.924505
mutation1638	101	101	34.1612	0.338229	0.338229
mutation1639	101	101	100.889	0.9989	0.9989
mutation1640	101	101	56.9476	0.563837	0.563837
mutation1641	101	101	87.2863	0.86422	0.86422
mutation1642	101	101	51.0941	0.505882	0.505882
mutation1643	101	101	59.0955	0.585104	0.585104
mutation1644	101	0	0	0	0
mutation1645	101	101	4.50803	0.0446339	0.0446339
mutation1646	101	101	10.3511	0.102487	0.102487
mutation1647	101	101	66.9003	0.662379	0.662379
mutation1648	101	101	89.0365	0.88155	0.88155
mutation1649	101	101	96.3402	0.953864	0.953864
mutation1650	101	101	89.2235	0.883401	0.883401
mutation1651	101	70	39.4939	0.391029	0.564199
mutation1652	101	101	64.7845	0.64143	0.64143
mutation1653	101	101	87.8954	0.870251	0.870251
mutation1654	101	101	19.0824	0.188935	0.188935
mutation1655	101	101	100.026	0.990355	0.990355
mutation1656	101	0	0	0	0
mutation1657	101	101	96.3913	0.954369	0.954369
mutation1658	101	101	40.4254	0.400252	0.400252
mutation1659	101	0	0	0	0
mutation1660	101	101	77.9488	0.77177	0.77177
mutation1661	101	101	11.5971	0.114822	0.114822
mutation1662	101	0	0	0	0
mutation1663	101	101	68.3788	0.677017	0.677017
mutation1664	101	101	40.5022	0.401012	0.401012
mutation1665	101	0	0	0	0
mutation1666	101	101	18.3157	0.181344	0.181344
mutation1667	101	101	100.891	0.99892	0.99892
mutation1668	101	101	61.0807	0.60476	0.60476
mutation1669	101	101	9.18309	0.0909216	0.0909216
mutation1670	101	101	74.0655	0.733322	0.733322
mutation1671	101	101	21.2904	0.210796	0.210796
mutation1672	101	101	66.38	0.657228	0.657228
mutation1673	101	101	53.7012	0.531695	0.531695
mutation1674	101	101	7.13652	0.0706586	0.0706586
mutation1675	101	101	76.6897	0.759304	0.759304
mutation1676	101	101	1.41878	0.0140473	0.0140473
mutation1677	101	101	4.19758	0.0415602	0.0415602
mutation1678	101	101	57.8835	0.573104	0.573104
mutation1679	101	101	45.9128	0.454582	0.454582
mutation1680	101	101	25.9361	0.256793	0.256793
mutation1681	101	0	0	0	0
mutation1682	101	101	94.1952	0.932625	0.932625
mutation1683	101	51	22.9686	0.227412	0.450364
mutation1684	101	101	14.0848	0.139454	0.139454
mutation1685	101	101	23.5858	0.233523	0.233523
mutation1686	101	101	31.2327	0.309234	0.309234
mutation1687	101	101	6.89723	0.0682894	0.0682894
mutation1688	101	101	63.4919	0.628633	0.628633
mutation1689	101	101	15.2401	0.150892	0.150892
mutation1690	101	101	86.416	0.855603	0.855603
mutation1691	101	101	16.3122	0.161507	0.161507
mutation1692	101	101	73.4137	0.726868	0.726868
mutation1693	101	101	38.6462	0.382636	0.382636
mutation1694	101	101	44.8506	0.444065	0.444065
mutation1695	101	101	74.4045	0.736678	0.736678
mutation1696	101	101	98.4203	0.974459	0.974459
mutation1697	101	87	86.0597	0.852076	0.989192
mutation1698	101	101	29.7398	0.294453	0.294453
mutation1699	101	101	23.7417	0.235066	0.235066
mutation1700	101	101	71.6493	0.709399	0.709399
mutation1701	101	101	36.2265	0.358678	0.358678
mutation1702	101	101	21.6396	0.214253	0.214253
mutation1703	101	37	24.1626	0.239233	0.653043
mutation1704	101	101	94.6689	0.937316	0.937316
mutation1705	101	101	27.5918	0.273186	0.273186
mutation1706	101	101	64.3527	0.637156	0.637156
mutation1707	101	101	26.9733	0.267062	0.267062
mutation1708	101	0	0	0	0
mutation1709	101	101	10.3214	0.102192	0.102192
mutation1710	101	101	71.2439	0.705385	0.705385
mutation1711	101	101	13.3661	0.132337	0.132337
mutation1712	101	101	66.0512	0.653972	0.653972
mutation1713	101	101	2.83787	0.0280977	0.0280977
mutation1714	101	101	60.9576	0.603541	0.603541
mutation1715	101	101	88.285	0.874109	0.874109
mutation1716	101	101	97.6677	0.967007	0.967007
mutation1717	101	101	97.6442	0.966775	0.966775
mutation1718	101	101	69.6587	0.689691	0.689691
mutation1719	101	101	78.2175	0.77443	0.77443
mutation1720	101	101	23.5467	0.233136	0.233136
mutation1721	101	0	0	0	0
mutation1722	101	101	21.6605	0.214461	0.214461
mutation1723	101	0	0	0	0
mutation1724	101	62	26.592	0.263287	0.428903
mutation1725	101	101	73.8917	0.731601	0.731601
mutation1726	101	101	80.9331	0.801317	0.801317
mutation1727	101	101	69.6437	0.689542	0.689542
mutation1728	101	0	0	0	0
mutation1729	101	101	99.38	0.98396	0.98396
mutation1730	101	101	61.1593	0.605537	0.605537
mutation1731	101	0	0	0	0
mutation1732	101	101	9.14381	0.0905327	0.0905327
mutation1733	101	101	61.5209	0.609117	0.609117
mutation1734	101	101	61.6845	0.610737	0.610737
mutation1735	101	101	10.0145	0.0991535	0.0991535
mutation1736	101	101	39.8209	0.394266	0.394266
mutation1737	101	0	0	0	0
mutation1738	101	101	19.0085	0.188203	0.188203
mutation1739	101	0	0	0	0
mutation1740	101	101	82.3767	0.815611	0.815611
mutation1741	101	101	24.5771	0.243337	0.243337
mutation1742	101	101	73.4621	0.727348	0.727348
mutation1743	101	101	64.4517	0.638135	0.638135
mutation1744	101	0	0	0	0
mutation1745	101	101	6.25895	0.0619698	0.0619698
mutation1746	101	101	91.2333	0.9033	0.9033
mutation1747	101	101	66.6432	0.659834	0.659834
mutation1748	101	101	24.2431	0.240031	0.240031
mutation1749	101	0	0	0	0
mutation1750	101	101	92.9774	0.920568	0.920568
mutation1751	101	101	37.3327	0.369631	0.369631
mutation1752	101	101	13.2828	0.131513	0.131513
mutation1753	101	0	0	0	0
mutation1754	101	101	2.73834	0.0271123	0.0271123
mutation1755	101	0	0	0	0
mutation1756	101	101	6.37696	0.0631382	0.0631382
mutation1757	101	38	36.0894	0.357321	0.949721
mutation1758	101	101	14.0655	0.139262	0.139262
mutation1759	101	101	33.9845	0.33648	0.33648
mutation1760	101	0	0	0	0
mutation1761	101	101	51.2003	0.506934	0.506934
mutation1762	101	0	0	0	0
mutation1763	101	101	32.8358	0.325107	0.325107
mutation1764	101	101	25.3608	0.251097	0.251097
mutation1765	101	101	75.4673	0.747201	0.747201
mutation1766	101	101	39.5438	0.391523	0.391523
mutation1767	101	101	79.8963	0.791052	0.791052
mutation1768	101	74	53.8776	0.533441	0.728075
mutation1769	101	101	15.9402	0.157823	0.157823
mutation1770	101	101	40.2762	0.398774	0.398774
mutation1771	101	101	8.35449	0.0827178	0.0827178
mutation1772	101	101	34.1553	0.338171	0.338171
mutation1773	101	101	23.9826	0.237451	0.237451
mutation1774	101	101	37.8278	0.374533	0.374533
mutation1775	101	101	75.4256	0.746788	0.746788
mutation1776	101	101	48.4913	0.480112	0.480112
mutation1777	101	101	60.4707	0.59872	0.59872
mutation1778	101	101	72.2843	0.715686	0.715686
mutation1779	101	0	0	0	0
mutation1780	101	101	38.2105	0.378321	0.378321
mutation1781	101	0	0	0	0
mutation1782	101	101	8.30628	0.0822404	0.0822404
mutation1783	101	101	100.892	0.99893	0.99893
mutation1784	101	0	0	0	0
mutation1785	101	101	14.9327	0.147848	0.147848
mutation1786	101	101	13.7615	0.136253	0.136253
mutation1787	101	0	0	0	0
mutation1788	101	0	0	0	0
mutation1789	101	101	3.19257	0.0316096	0.0316096
mutation1790	101	101	99.6233	0.986369	0.986369
mutation1791	101	101	87.2569	0.863929	0.863929
mutation1792	101	101	78.0002	0.772279	0.772279
mutation1793	101	101	47.4909	0.470207	0.470207
mutation1794	101	101	12.1425	0.120223	0.120223
mutation1795	101	51	21.4471	0.212348	0.420532
mutation1796	101	101	7.39424	0.0732103	0.0732103
mutation1797	101	101	97.181	0.962188	0.962188
mutation1798	101	101	43.9974	0.435617	0.435617
mutation1799	101	101	4.00359	0.0396395	0.0396395
mutation1800	101	101	76.7712	0.760111	0.760111
mutation1801	101	101	32.6267	0.323037	0.323037
mutation1802	101	101	27.0788	0.268106	0.268106
mutation1803	101	0	0	0	0
mutation1804	101	101	63.7177	0.630869	0.630869
mutation1805	101	101	34.367	0.340267	0.340267
mutation1806	101	101	20.5349	0.203316	0.203316
mutation1807	101	101	28.4439	0.281623	0.281623
mutation1808	101	101	13.9348	0.137968	0.137968
mutation1809	101	101	37.832	0.374574	0.374574
mutation1810	101	101	31.8274	0.315123	0.315123
mutation1811	101	101	24.9896	0.247422	0.247422
mutation1812	101	101	16.0644	0.159054	0.159054
mutation1813	101	101	9.26296	0.0917125	0.0917125
mutation1814	101	101	81.818	0.810079	0.810079
mutation1815	101	101	23.6952	0.234606	0.234606
mutation1816	101	101	21.5425	0.213292	0.213292
mutation1817	101	101	66.1461	0.654911	0.654911
mutation1818	101	101	43.9111	0.434763	0.434763
mutation1819	101	101	63.2899	0.626632	0.626632
mutation1820	101	101	52.2218	0.517048	0.517048
mutation1821	101	101	70.8104	0.701093	0.701093
mutation1822	101	101	76.7666	0.760065	0.760065
mutation1823	101	101	19.2287	0.190383	0.190383
mutation1824	101	101	28.6082	0.283249	0.283249
mutation1825	101	101	78.3301	0.775545	0.775545
mutation1826	101	79	35.6857	0.353324	0.451718
mutation1827	101	101	80.0763	0.792835	0.792835
mutation1828	101	101	52.3876	0.518689	0.518689
mutation1829	101	101	1.68081	0.0166417	0.0166417
mutation1830	101	81	64.8942	0.642517	0.801163
mutation1831	101	101	72.4025	0.716857	0.716857
mutation1832	101	101	67.9487	0.672759	0.672759
mutation1833	101	101	29.2368	0.289473	0.289473
mutation1834	101	0	0	0	0
mutation1835	101	101	31.2679	0.309583	0.309583
mutation1836	101	101	31.6127	0.312997	0.312997
mutation1837	101	101	59.4319	0.588434	0.588434
mutation1838	101	0	0	0	0
mutation1839	101	0	0	0	0
mutation1840	101	101	36.7475	0.363836	0.363836
mutation1841	101	101	30.6912	0.303873	0.303873
mutation1842	101	101	23.7608	0.235256	0.235256
mutation1843	101	101	1.93354	0.019144	0.019144
mutation1844	101	101	15.364	0.152119	0.152119
mutation1845	101	101	69.4009	0.687137	0.687137
mutation1846	101	101	37.1104	0.36743	0.36743
mutation1847	101	101	29.7868	0.294919	0.294919
mutation1848	101	101	28.449	0.281674	0.281674
mutation1849	101	101	83.3829	0.825573	0.825573
mutation1850	101	101	20.814	0.206079	0.206079
mutation1851	101	0	0	0	0
mutation1852	101	101	77.8351	0.770644	0.770644
mutation1853	101	101	85.7207	0.84872	0.84872
mutation1854	101	101	43.4516	0.430214	0.430214
mutation1855	101	101	36.662	0.36299	0.36299
mutation1856	101	101	81.3477	0.805422	0.805422
mutation1857	101	101	3.44735	0.0341321	0.0341321
mutation1858	101	101	56.852	0.562891	0.562891
mutation1859	101	101	21.0423	0.20834	0.20834
mutation1860	101	101	98.0786	0.971076	0.971076
mutation1861	101	101	37.0221	0.366555	0.366555
mutation1862	101	60	44.293	0.438544	0.738216
mutation1863	101	101	29.5936	0.293006	0.293006
mutation1864	101	0	0	0	0
mutation1865	101	0	0	0	0
mutation1866	101	101	91.3492	0.904448	0.904448
mutation1867	101	101	49.816	0.493228	0.493228
mutation1868	101	101	94.7655	0.938272	0.938272
mutation1869	101	101	37.2454	0.368766	0.368766
mutation1870	101	101	65.8839	0.652316	0.652316
mutation1871	101	101	46.388	0.459287	0.459287
mutation1872	101	101	79.872	0.790812	0.790812
mutation1873	101	0	0	0	0
mutation1874	101	0	0	0	0
mutation1875	101	101	89.5007	0.886145	0.886145
mutation1876	101	101	92.1119	0.911999	0.911999
mutation1877	101	101	47.7032	0.472309	0.472309
mutation1878	101	101	99.6023	0.986162	0.986162
mutation1879	101	101	44.4722	0.440318	0.440318
mutation1880	101	101	14.7058	0.145602	0.145602
mutation1881	101	101	40.6343	0.40232	0.40232
mutation1882	101	101	71.0575	0.70354	0.70354
mutation1883	101	101	39.3936	0.390036	0.390036
mutation1884	101	101	64.8113	0.641696	0.641696
mutation1885	101	101	83.4785	0.826519	0.826519
mutation1886	101	101	31.7716	0.31457	0.31457
mutation1887	101	0	0	0	0
mutation1888	101	101	79.4906	0.787036	0.787036
mutation1889	101	101	11.3934	0.112806	0.112806
mutation1890	101	101	78.9817	0.781997	0.781997
mutation1891	101	101	67.4093	0.667419	0.667419
mutation1892	101	101	6.6778	0.0661168	0.0661168
mutation1893	101	101	87.4084	0.86543	0.86543
mutation1894	101	101	40.4737	0.40073	0.40073
mutation1895	101	0	0	0	0
mutation1896	101	101	3.95066	0.0391155	0.0391155
mutation1897	101	101	25.4256	0.251739	0.251739
mutation1898	101	101	61.4207	0.608126	0.608126
mutation1899	101	101	85.2279	0.843841	0.843841
mutation1900	101	101	4.54423	0.0449924	0.0449924
mutation1901	101	101	72.139	0.714248	0.714248
mutation1902	101	0	0	0	0
mutation1903	101	101	5.67647	0.0562027	0.0562027
mutation1904	101	101	37.0176	0.366511	0.366511
mutation1905	101	101	55.023	0.544782	0.544782
mutation1906	101	101	14.1159	0.139762	0.139762
mutation1907	101	101	91.3828	0.90478	0.90478
mutation1908	101	101	44.234	0.437961	0.437961
mutation1909	101	101	25.7663	0.255112	0.255112
mutation1910	101	0	0	0	0
mutation1911	101	101	16.6274	0.164628	0.164628
mutation1912	101	101	2.00264	0.0198281	0.0198281
mutation1913	101	101	35.6398	0.35287	0.35287
mutation1914	101	101	27.7527	0.27478	0.27478
mutation1915	101	101	44.1059	0.436692	0.436692
mutation1916	101	101	68.1878	0.675127	0.675127
mutation1917	101	0	0	0	0
mutation1918	101	101	12.0334	0.119142	0.119142
mutation1919	101	101	32.4816	0.3216	0.3216
mutation1920	101	0	0	0	0
mutation1921	101	101	70.4984	0.698004	0.698004
mutation1922	101	86	56.9359	0.563722	0.662046
mutation1923	101	0	0	0	0
mutation1924	101	101	2.29243	0.0226974	0.0226974
mutation1925	101	101	52.9652	0.524408	0.524408
mutation1926	101	101	60.4491	0.598506	0.598506
mutation1927	101	101	43.0162	0.425903	0.425903
mutation1928	101	101	65.9493	0.652963	0.652963
mutation1929	101	0	0	0	0
mutation1930	101	0	0	0	0
mutation1931	101	101	94.8439	0.939049	0.939049
mutation1932	101	101	93.3069	0.923831	0.923831
mutation1933	101	101	66.3102	0.656537	0.656537
mutation1934	101	101	44.61	0.441684	0.441684
mutation1935	101	101	53.4306	0.529016	0.529016
mutation1936	101	101	4.03746	0.0399748	0.0399748
mutation1937	101	101	86.5379	0.856811	0.856811
mutation1938	101	101	17.766	0.175901	0.175901
mutation1939	101	101	44.799	0.443555	0.443555
mutation1940	101	101	92.5755	0.916589	0.916589
mutation1941	101	101	92.9796	0.92059	0.92059
mutation1942	101	101	100.768	0.997702	0.997702
mutation1943	101	101	23.2104	0.229805	0.229805
mutation1944	101	101	37.9219	0.375464	0.375464
mutation1945	101	101	54.0566	0.535214	0.535214
mutation1946	101	0	0	0	0
mutation1947	101	43	34.5415	0.341995	0.80329
mutation1948	101	101	57.0053	0.564409	0.564409
mutation1949	101	101	56.1037	0.555482	0.555482
mutation1950	101	101	33.9527	0.336165	0.336165
mutation1951	101	101	54.8601	0.543169	0.543169
mutation1952	101	101	25.1002	0.248516	0.248516
mutation1953	101	101	50.2396	0.497422	0.497422
mutation1954	101	101	45.7065	0.452539	0.452539
mutation1955	101	51	36.9621	0.365961	0.724747
mutation1956	101	101	12.8936	0.127659	0.127659
mutation1957	101	101	34.6152	0.342725	0.342725
mutation1958	101	101	82.3609	0.815454	0.815454
mutation1959	101	101	61.949	0.613357	0.613357
mutation1960	101	101	96.8661	0.95907	0.95907
mutation1961	101	101	90.1929	0.892999	0.892999
mutation1962	101	0	0	0	0
mutation1963	101	101	90.1466	0.892541	0.892541
mutation1964	101	101	81.6497	0.808413	0.808413
mutation1965	101	101	62.5998	0.6198	0.6198
mutation1966	101	63	50.4784	0.499787	0.801245
mutation1967	101	101	79.6257	0.788374	0.788374
mutation1968	101	101	10.7055	0.105995	0.105995
mutation1969	101	101	41.6606	0.412481	0.412481
mutation1970	101	101	91.8941	0.909842	0.909842
mutation1971	101	101	27.6657	0.273918	0.273918
mutation1972	101	0	0	0	0
mutation1973	101	101	95.1535	0.942114	0.942114
mutation1974	101	101	69.727	0.690366	0.690366
mutation1975	101	101	35.8477	0.354928	0.354928
mutation1976	101	0	0	0	0
mutation1977	101	101	65.0406	0.643966	0.643966
mutation1978	101	101	2.34763	0.0232438	0.0232438
mutation1979	101	101	81.2752	0.804705	0.804705
mutation1980	101	101	4.68298	0.0463662	0.0463662
mutation1981	101	101	68.7076	0.680273	0.680273
mutation1982	101	0	0	0	0
mutation1983	101	0	0	0	0
mutation1984	101	101	52.5262	0.520061	0.520061
mutation1985	101	101	11.7305	0.116143	0.116143
mutation1986	101	80	77.3901	0.766239	0.967377
mutation1987	101	101	58.1439	0.575682	0.575682
mutation1988	101	0	0	0	0
mutation1989	101	101	96.6778	0.957206	0.957206
mutation1990	101	101	51.9104	0.513965	0.513965
mutation1991	101	101	77.641	0.768723	0.768723
mutation1992	101	101	68.6091	0.679298	0.679298
mutation1993	101	101	16.3211	0.161595	0.161595
mutation1994	101	101	72.9693	0.722468	0.722468
mutation1995	101	0	0	0	0
mutation1996	101	101	88.13	0.872574	0.872574
mutation1997	101	101	73.1429	0.724187	0.724187
mutation1998	101	0	0	0	0
mutation1999	101	0	0	0	0
mutation2000	101	101	37.1379	0.367702	0.367702
mutation2001	101	101	75.3699	0.746236	0.746236
mutation2002	101	101	55.9287	0.55375	0.55375
mutation2003	101	101	48.7024	0.482202	0.482202
mutation2004	101	101	16.8772	0.167101	0.167101
mutation2005	101	101	74.9506	0.742085	0.742085
mutation2006	101	101	24.0606	0.238223	0.238223
mutation2007	101	101	19.1012	0.189121	0.189121
mutation2008	101	101	26.7025	0.264381	0.264381
mutation2009	101	0	0	0	0
mutation2010	101	101	23.4086	0.231769	0.231769
mutation2011	101	101	87.4696	0.866036	0.866036
mutation2012	101	101	18.7623	0.185766	0.185766
mutation2013	101	101	44.3774	0.43938	0.43938
mutation2014	101	101	34.6933	0.343498	0.343498
mutation2015	101	101	25.6983	0.254438	0.254438
mutation2016	101	101	64.1902	0.635546	0.635546
mutation2017	101	101	78.9301	0.781486	0.781486
mutation2018	101	101	11.3684	0.112559	0.112559
mutation2019	101	101	64.1371	0.635021	0.635021
mutation2020	101	0	0	0	0
mutation2021	101	101	13.6728	0.135374	0.135374
mutation2022	101	0	0	0	0
mutation2023	101	101	5.41026	0.0535669	0.0535669
mutation2024	101	101	93.3263	0.924023	0.924023
mutation2025	101	101	36.9181	0.365525	0.365525
mutation2026	101	0	0	0	0
mutation2027	101	101	48.1017	0.476254	0.476254
mutation2028	101	101	46.6274	0.461657	0.461657
mutation2029	101	101	21.4244	0.212123	0.212123
mutation2030	101	101	83.1974	0.823737	0.823737
mutation2031	101	101	62.7261	0.62105	0.62105
mutation2032	101	101	15.7519	0.15596	0.15596
mutation2033	101	101	72.1135	0.713995	0.713995
mutation2034	101	101	28.4506	0.281689	0.281689
mutation2035	101	101	60.2011	0.596051	0.596051
mutation2036	101	0	0	0	0
mutation2037	101	101	39.5685	0.391768	0.391768
mutation2038	101	101	51.5161	0.510061	0.510061
mutation2039	101	101	14.2008	0.140602	0.140602
mutation2040	101	101	77.8798	0.771087	0.771087
mutation2041	101	51	21.4471	0.212348	0.420532
mutation2042	101	101	59.1187	0.585334	0.585334
mutation2043	101	101	78.1881	0.77414	0.77414
mutation2044	101	101	43.3225	0.428936	0.428936
mutation2045	101	101	54.7098	0.541681	0.541681
mutation2046	101	101	93.4325	0.925074	0.925074
mutation2047	101	101	0.675873	0.00669181	0.00669181
mutation2048	101	101	10.2925	0.101906	0.101906
mutation2049	101	101	37.3428	0.369731	0.369731
mutation2050	101	0	0	0	0
mutation2051	101	101	3.6019	0.0356624	0.0356624
mutation2052	101	101	68.2712	0.675952	0.675952
mutation2053	101	101	37.4884	0.371172	0.371172
mutation2054	101	101	88.1191	0.872467	0.872467
mutation2055	101	101	78.7554	0.779757	0.779757
mutation2056	101	101	80.2797	0.794849	0.794849
mutation2057	101	101	50.2084	0.497113	0.497113
mutation2058	101	0	0	0	0
mutation2059	101	0	0	0	0
mutation2060	101	101	82.4567	0.816403	0.816403
mutation2061	101	101	60.9492	0.603457	0.603457
mutation2062	101	101	12.4489	0.123256	0.123256
mutation2063	101	101	10.9344	0.108261	0.108261
mutation2064	101	101	69.3877	0.687007	0.687007
mutation2065	101	101	90.5585	0.896619	0.896619
mutation2066	101	101	27.525	0.272525	0.272525
mutation2067	101	101	41.8155	0.414015	0.414015
mutation2068	101	0	0	0	0
mutation2069	101	101	35.6792	0.353259	0.353259
mutation2070	101	0	0	0	0
mutation2071	101	0	0	0	0
mutation2072	101	0	0	0	0
mutation2073	101	0	0	0	0
mutation2074	101	101	67.5149	0.668465	0.668465
mutation2075	101	101	70.0526	0.69359	0.69359
mutation2076	101	101	35.1566	0.348085	0.348085
mutation2077	101	0	0	0	0
mutation2078	101	101	27.2588	0.269889	0.269889
mutation2079	101	0	0	0	0
mutation2080	101	101	80.4897	0.796928	0.796928
mutation2081	101	0	0	0	0
mutation2082	101	101	5.99445	0.059351	0.059351
mutation2083	101	29	27.3543	0.270835	0.943253
mutation2084	101	101	100.349	0.993551	0.993551
mutation2085	101	101	21.7858	0.215701	0.215701
mutation2086	101	101	92.7578	0.918394	0.918394
mutation2087	101	101	33.6766	0.333431	0.333431
mutation2088	101	101	33.4019	0.330712	0.330712
mutation2089	101	101	63.0221	0.623982	0.623982
mutation2090	101	101	31.974	0.316574	0.316574
mutation2091	101	0	0	0	0
mutation2092	101	101	36.9996	0.366333	0.366333
mutation2093	101	101	62.6834	0.620628	0.620628
mutation2094	101	101	34.5824	0.3424	0.3424
mutation2095	101	101	43.4681	0.430377	0.430377
mutation2096	101	101	77.1259	0.763622	0.763622
mutation2097	101	101	24.8668	0.246206	0.246206
mutation2098	101	101	60.8572	0.602546	0.602546
mutation2099	101	0	0	0	0
mutation2100	101	101	77.2643	0.764993	0.764993
mutation2101	101	101	94.4303	0.934953	0.934953
mutation2102	101	101	43.6969	0.432642	0.432642
mutation2103	101	101	33.2749	0.329454	0.329454
mutation2104	101	101	56.198	0.556416	0.556416
mutation2105	101	101	80.0928	0.792998	0.792998
mutation2106	101	0	0	0	0
mutation2107	101	101	68.1405	0.674658	0.674658
mutation2108	101	101	15.4215	0.152689	0.152689
mutation2109	101	101	74.1966	0.73462	0.73462
mutation2110	101	101	92.0993	0.911874	0.911874
mutation2111	101	0	0	0	0
mutation2112	101	101	91.6177	0.907106	0.907106
mutation2113	101	101	61.8579	0.612455	0.612455
mutation2114	101	83	48.5911	0.4811	0.585435
mutation2115	101	101	84.553	0.837158	0.837158
mutation2116	101	101	68.7944	0.681132	0.681132
mutation2117	101	0	0	0	0
mutation2118	101	101	31.2726	0.30963	0.30963
mutation2119	101	101	59.5464	0.589569	0.589569
mutation2120	101	101	40.1983	0.398003	0.398003
mutation2121	101	101	17.0535	0.168846	0.168846
mutation2122	101	0	0	0	0
mutation2123	101	101	6.78714	0.0671994	0.0671994
mutation2124	101	101	84.8791	0.840387	0.840387
mutation2125	101	101	74.5517	0.738136	0.738136
mutation2126	101	101	91.2138	0.903107	0.903107
mutation2127	101	101	83.6689	0.828405	0.828405
mutation2128	101	0	0	0	0
mutation2129	101	101	7.7656	0.0768872	0.0768872
mutation2130	101	0	0	0	0
mutation2131	101	0	0	0	0
mutation2132	101	0	0	0	0
mutation2133	101	101	41.8151	0.414011	0.414011
mutation2134	101	101	38.19	0.378119	0.378119
mutation2135	101	101	92.2173	0.913042	0.913042
mutation2136	101	101	65.7442	0.650933	0.650933
mutation2137	101	101	8.93392	0.0884547	0.0884547
mutation2138	101	101	21.8966	0.216798	0.216798
mutation2139	101	101	90.686	0.897881	0.897881
mutation2140	101	0	0	0	0
mutation2141	101	101	32.7014	0.323776	0.323776
mutation2142	101	101	37.0583	0.366913	0.366913
mutation2143	101	101	19.9427	0.197452	0.197452
mutation2144	101	101	61.5097	0.609007	0.609007
mutation2145	101	101	90.3989	0.895039	0.895039
mutation2146	101	0	0	0	0
mutation2147	101	101	95.1008	0.941592	0.941592
mutation2148	101	57	23.6839	0.234494	0.415507
mutation2149	101	101	14.4791	0.143358	0.143358
mutation2150	101	10	3.9158	0.0387703	0.39158
mutation2151	101	101	80.4106	0.796144	0.796144
mutation2152	101	101	81.8287	0.810185	0.810185
mutation2153	101	101	29.0941	0.288061	0.288061
mutation2154	101	101	70.284	0.695881	0.695881
mutation2155	101	101	49.3952	0.489062	0.489062
mutation2156	101	0	0	0	0
mutation2157	101	101	72.1648	0.714503	0.714503
mutation2158	101	101	3.42266	0.0338878	0.0338878
mutation2159	101	101	67.1215	0.664569	0.664569
mutation2160	101	101	18.8942	0.187072	0.187072
mutation2161	101	101	93.1933	0.922706	0.922706
mutation2162	101	101	91.4097	0.905047	0.905047
mutation2163	101	101	29.1331	0.288446	0.288446
mutation2164	101	101	40.5866	0.401847	0.401847
mutation2165	101	101	56.3242	0.557665	0.557665
mutation2166	101	0	0	0	0
mutation2167	101	101	39.2968	0.389077	0.389077
mutation2168	101	101	27.0647	0.267968	0.267968
mutation2169	101	101	46.2343	0.457765	0.457765
mutation2170	101	101	16.4251	0.162625	0.162625
mutation2171	101	101	2.19251	0.0217081	0.0217081
mutation2172	101	100	83.8076	0.829778	0.838076
mutation2173	101	0	0	0	0
mutation2174	101	101	50.9184	0.504143	0.504143
mutation2175	101	0	0	0	0
mutation2176	101	0	0	0	0
mutation2177	101	101	62.9555	0.623322	0.623322
mutation2178	101	0	0	0	0
mutation2179	101	101	16.3192	0.161577	0.161577
mutation2180	101	101	32.2266	0.319075	0.319075
mutation2181	101	101	47.0262	0.465606	0.465606
mutation2182	101	101	73.294	0.725683	0.725683
mutation2183	101	101	80.0253	0.79233	0.79233
mutation2184	101	101	99.2281	0.982456	0.982456
mutation2185	101	101	97.9503	0.969805	0.969805
mutation2186	101	101	95.9315	0.949817	0.949817
mutation2187	101	0	0	0	0
mutation2188	101	0	0	0	0
mutation2189	101	0	0	0	0
mutation2190	101	101	23.9176	0.236807	0.236807
mutation2191	101	101	94.4859	0.935504	0.935504
mutation2192	101	0	0	0	0
mutation2193	101	101	29.5756	0.292827	0.292827
mutation2194	101	101	60.2592	0.596626	0.596626
mutation2195	101	101	80.0083	0.792161	0.792161
mutation2196	101	101	38.6174	0.382351	0.382351
mutation2197	101	101	33.7769	0.334425	0.334425
mutation2198	101	0	0	0	0
mutation2199	101	101	19.0062	0.18818	0.18818
mutation2200	101	101	88.59	0.877129	0.877129
mutation2201	101	101	1.56407	0.0154859	0.0154859
mutation2202	101	101	92.6779	0.917603	0.917603
mutation2203	101	101	52.4125	0.518936	0.518936
mutation2204	101	101	23.6439	0.234098	0.234098
mutation2205	101	101	54.9676	0.544234	0.544234
mutation2206	101	101	73.9764	0.73244	0.73244
mutation2207	101	101	52.9569	0.524325	0.524325
mutation2208	101	0	0	0	0
mutation2209	101	101	71.5211	0.70813	0.70813
mutation2210	101	101	68.7749	0.68094	0.68094
mutation2211	101	101	89.3546	0.884699	0.884699
mutation2212	101	101	43.5184	0.430875	0.430875
mutation2213	101	101	82.7358	0.819166	0.819166
mutation2214	101	101	35.8224	0.354677	0.354677
mutation2215	101	101	81.7164	0.809073	0.809073
mutation2216	101	101	40.7688	0.403652	0.403652
mutation2217	101	101	37.0347	0.36668	0.36668
mutation2218	101	101	27.5918	0.273186	0.273186
mutation2219	101	101	78.7917	0.780116	0.780116
mutation2220	101	101	44.9223	0.444775	0.444775
mutation2221	101	101	36.8202	0.364556	0.364556
mutation2222	101	101	25.174	0.249248	0.249248
mutation2223	101	101	36.346	0.359862	0.359862
mutation2224	101	0	0	0	0
mutation2225	101	101	0.379497	0.00375739	0.00375739
mutation2226	101	101	35.4382	0.350873	0.350873
mutation2227	101	101	23.9965	0.23759	0.23759
mutation2228	101	101	54.4666	0.539274	0.539274
mutation2229	101	0	0	0	0
mutation2230	101	0	0	0	0
mutation2231	101	101	24.3105	0.240698	0.240698
mutation2232	101	101	74.8681	0.741268	0.741268
mutation2233	101	101	77.086	0.763228	0.763228
mutation2234	101	101	97.836	0.968673	0.968673
mutation2235	101	101	94.7115	0.937738	0.937738
mutation2236	101	101	89.0706	0.881887	0.881887
mutation2237	101	101	89.4301	0.885446	0.885446
mutation2238	101	101	18.7182	0.185328	0.185328
mutation2239	101	101	50.5238	0.500236	0.500236
mutation2240	101	101	54.1213	0.535854	0.535854
mutation2241	101	0	0	0	0
mutation2242	101	101	73.9786	0.732461	0.732461
mutation2243	101	101	27.8737	0.275977	0.275977
mutation2244	101	0	0	0	0
mutation2245	101	101	93.0781	0.921565	0.921565
mutation2246	101	101	43.7598	0.433266	0.433266
mutation2247	101	101	48.4824	0.480023	0.480023
mutation2248	101	101	28.9726	0.286857	0.286857
mutation2249	101	101	91.1148	0.902127	0.902127
mutation2250	101	101	5.79593	0.0573854	0.0573854
mutation2251	101	0	0	0	0
mutation2252	101	101	29.625	0.293317	0.293317
mutation2253	101	0	0	0	0
mutation2254	101	101	19.6722	0.194774	0.194774
mutation2255	101	0	0	0	0
mutation2256	101	101	71.7405	0.710302	0.710302
mutation2257	101	101	34.0388	0.337018	0.337018
mutation2258	101	101	43.3552	0.42926	0.42926
mutation2259	101	101	23.693	0.234584	0.234584
mutation2260	101	101	66.398	0.657406	0.657406
mutation2261	101	101	95.4359	0.94491	0.94491
mutation2262	101	101	11.1093	0.109993	0.109993
mutation2263	101	0	0	0	0
mutation2264	101	101	36.5653	0.362033	0.362033
mutation2265	101	101	51.2677	0.507601	0.507601
mutation2266	101	101	35.878	0.355228	0.355228
mutation2267	101	101	68.0284	0.673548	0.673548
mutation2268	101	101	82.6995	0.818807	0.818807
mutation2269	101	101	77.8428	0.770721	0.770721
mutation2270	101	0	0	0	0
mutation2271	101	101	16.4386	0.162758	0.162758
mutation2272	101	15	6.05453	0.0599458	0.403635
mutation2273	101	101	98.714	0.977367	0.977367
mutation2274	101	101	22.3145	0.220936	0.220936
mutation2275	101	0	0	0	0
mutation2276	101	101	17.8991	0.177219	0.177219
mutation2277	101	101	19.6263	0.194319	0.194319
mutation2278	101	101	17.9724	0.177944	0.177944
mutation2279	101	101	91.7154	0.908073	0.908073
mutation2280	101	101	85.5606	0.847135	0.847135
mutation2281	101	0	0	0	0
mutation2282	101	101	40.8308	0.404266	0.404266
mutation2283	101	101	96.6875	0.957302	0.957302
mutation2284	101	101	54.6493	0.541082	0.541082
mutation2285	101	101	48.5024	0.480222	0.480222
mutation2286	101	101	37.7852	0.374111	0.374111
mutation2287	101	101	89.8127	0.889234	0.889234
mutation2288	101	101	1.45854	0.0144409	0.0144409
mutation2289	101	101	73.9743	0.732419	0.732419
mutation2290	101	101	43.5314	0.431004	0.431004
mutation2291	101	101	84.2049	0.833712	0.833712
mutation2292	101	101	70.5405	0.698421	0.698421
mutation2293	101	101	8.8843	0.0879634	0.0879634
mutation2294	101	0	0	0	0
mutation2295	101	101	12.4365	0.123133	0.123133
mutation2296	101	101	83.4963	0.826696	0.826696
mutation2297	101	101	44.2888	0.438503	0.438503
mutation2298	101	101	83.9313	0.831003	0.831003
mutation2299	101	101	91.8653	0.909557	0.909557
mutation2300	101	101	73.0551	0.723318	0.723318
mutation2301	101	101	60.706	0.60105	0.60105
mutation2302	101	0	0	0	0
mutation2303	101	101	63.6834	0.630528	0.630528
mutation2304	101	101	69.4789	0.68791	0.68791
mutation2305	101	101	91.5961	0.906892	0.906892
mutation2306	101	101	63.6081	0.629783	0.629783
mutation2307	101	101	82.34	0.815248	0.815248
mutation2308	101	101	81.7155	0.809064	0.809064
mutation2309	101	101	29.5694	0.292766	0.292766
mutation2310	101	101	36.5596	0.361977	0.361977
mutation2311	101	101	81.0325	0.802302	0.802302
mutation2312	101	101	13.8472	0.137101	0.137101
mutation2313	101	101	83.6079	0.827801	0.827801
mutation2314	101	101	93.7687	0.928403	0.928403
mutation2315	101	101	16.0011	0.158427	0.158427
mutation2316	101	101	80.7507	0.799511	0.799511
mutation2317	101	0	0	0	0
mutation2318	101	101	51.3002	0.507922	0.507922
mutation2319	101	0	0	0	0
mutation2320	101	101	39.1144	0.387271	0.387271
mutation2321	101	101	17.5811	0.17407	0.17407
mutation2322	101	101	69.3298	0.686434	0.686434
mutation2323	101	101	40.4608	0.400602	0.400602
mutation2324	101	0	0	0	0
mutation2325	101	0	0	0	0
mutation2326	101	0	0	0	0
mutation2327	101	101	44.5692	0.441279	0.441279
mutation2328	101	101	75.8273	0.750765	0.750765
mutation2329	101	101	69.5714	0.688826	0.688826
mutation2330	101	101	9.45083	0.0935726	0.0935726
mutation2331	101	101	89.7853	0.888963	0.888963
mutation2332	101	101	5.4534	0.0539941	0.0539941
mutation2333	101	101	75.9982	0.752457	0.752457
mutation2334	101	101	11.615	0.115	0.115
mutation2335	101	101	32.5838	0.322612	0.322612
mutation2336	101	0	0	0	0
mutation2337	101	101	35.3436	0.349937	0.349937
mutation2338	101	0	0	0	0
mutation2339	101	0	0	0	0
mutation2340	101	101	89.55	0.886634	0.886634
mutation2341	101	0	0	0	0
mutation2342	101	101	77.0404	0.762777	0.762777
mutation2343	101	101	29.3682	0.290774	0.290774
mutation2344	101	101	74.2002	0.734655	0.734655
mutation2345	101	51	25.2213	0.249715	0.494535
mutation2346	101	0	0	0	0
mutation2347	101	101	32.6828	0.323592	0.323592
mutation2348	101	101	15.3383	0.151865	0.151865
mutation2349	101	101	53.4481	0.529189	0.529189
mutation2350	101	101	56.0477	0.554927	0.554927
mutation2351	101	0	0	0	0
mutation2352	101	0	0	0	0
mutation2353	101	0	0	0	0
mutation2354	101	101	43.3872	0.429576	0.429576
mutation2355	101	101	96.0671	0.951159	0.951159
mutation2356	101	101	42.051	0.416346	0.416346
mutation2357	101	101	6.50595	0.0644153	0.0644153
mutation2358	101	0	0	0	0
mutation2359	101	101	94.2696	0.933363	0.933363
mutation2360	101	101	58.5764	0.579965	0.579965
mutation2361	101	101	98.3851	0.974109	0.974109
mutation2362	101	93	49.012	0.485267	0.52701
mutation2363	101	101	62.1237	0.615086	0.615086
mutation2364	101	101	52.6153	0.520944	0.520944
mutation2365	101	101	32.1889	0.318701	0.318701
mutation2366	101	101	67.212	0.665465	0.665465
mutation2367	101	101	36.7532	0.363893	0.363893
mutation2368	101	101	77.1347	0.76371	0.76371
mutation2369	101	101	63.7291	0.630981	0.630981
mutation2370	101	101	65.7164	0.650658	0.650658
mutation2371	101	101	91.8498	0.909404	0.909404
mutation2372	101	101	48.5031	0.480229	0.480229
mutation2373	101	101	60.0177	0.594235	0.594235
mutation2374	101	101	34.7283	0.343845	0.343845
mutation2375	101	101	100.656	0.996596	0.996596
mutation2376	101	101	9.29936	0.0920729	0.0920729
mutation2377	101	101	99.1735	0.981916	0.981916
mutation2378	101	0	0	0	0
mutation2379	101	0	0	0	0
mutation2380	101	101	6.31068	0.0624819	0.0624819
mutation2381	101	101	1.74293	0.0172567	0.0172567
mutation2382	101	101	88.443	0.875674	0.875674
mutation2383	101	101	20.9218	0.207147	0.207147
mutation2384	101	101	5.13172	0.0508091	0.0508091
mutation2385	101	51	41.6559	0.412435	0.816783
mutation2386	101	101	61.4613	0.608528	0.608528
mutation2387	101	0	0	0	0
mutation2388	101	101	49.2896	0.488016	0.488016
mutation2389	101	0	0	0	0
mutation2390	101	0	0	0	0
mutation2391	101	101	7.85631	0.0777853	0.0777853
mutation2392	101	101	30.5236	0.302214	0.302214
mutation2393	101	101	95.8562	0.949071	0.949071
mutation2394	101	101	76.9173	0.761558	0.761558
mutation2395	101	75	5.48323	0.0542894	0.0731097
mutation2396	101	0	0	0	0
mutation2397	101	101	64.0127	0.633789	0.633789
mutation2398	101	0	0	0	0
mutation2399	101	101	10.1702	0.100695	0.100695
mutation2400	101	101	19.8964	0.196994	0.196994
mutation2401	101	101	66.484	0.658257	0.658257
mutation2402	101	4	1.31098	0.01298	0.327746
mutation2403	101	101	28.7366	0.28452	0.28452
mutation2404	101	101	39.2955	0.389065	0.389065
mutation2405	101	101	34.2014	0.338628	0.338628
mutation2406	101	101	5.96816	0.0590907	0.0590907
mutation2407	101	101	81.409	0.80603	0.80603
mutation2408	101	0	0	0	0
mutation2409	101	101	68.2245	0.67549	0.67549
mutation2410	101	101	33.9412	0.336051	0.336051
mutation2411	101	101	50.5737	0.500729	0.500729
mutation2412	101	96	32.0801	0.317625	0.334168
mutation2413	101	101	60.5838	0.59984	0.59984
mutation2414	101	101	59.5638	0.589741	0.589741
mutation2415	101	101	55.5259	0.549761	0.549761
mutation2416	101	0	0	0	0
mutation2417	101	101	36.1109	0.357534	0.357534
mutation2418	101	101	9.07916	0.0898927	0.0898927
mutation2419	101	101	47.2805	0.468124	0.468124
mutation2420	101	101	97.8028	0.968345	0.968345
mutation2421	101	101	76.3149	0.755593	0.755593
mutation2422	101	101	68.371	0.67694	0.67694
mutation2423	101	4	0.340855	0.00337481	0.0852139
mutation2424	101	101	9.48231	0.0938842	0.0938842
mutation2425	101	101	79.1788	0.783949	0.783949
mutation2426	101	101	16.6019	0.164375	0.164375
mutation2427	101	101	40.3404	0.39941	0.39941
mutation2428	101	0	0	0	0
mutation2429	101	101	25.4834	0.252311	0.252311
mutation2430	101	101	49.3588	0.488701	0.488701
mutation2431	101	0	0	0	0
mutation2432	101	101	12.1137	0.119937	0.119937
mutation2433	101	101	88.1207	0.872482	0.872482
mutation2434	101	101	77.0787	0.763155	0.763155
mutation2435	101	101	61.9281	0.613149	0.613149
mutation2436	101	101	29.8236	0.295283	0.295283
mutation2437	101	101	57.3785	0.568104	0.568104
mutation2438	101	101	58.6914	0.581103	0.581103
mutation2439	101	0	0	0	0
mutation2440	101	101	20.8205	0.206143	0.206143
mutation2441	101	0	0	0	0
mutation2442	101	82	75.5708	0.748226	0.921595
mutation2443	101	101	1.8618	0.0184337	0.0184337
mutation2444	101	0	0	0	0
mutation2445	101	101	35.9761	0.356199	0.356199
mutation2446	101	85	62.8305	0.622084	0.739182
mutation2447	101	101	28.6791	0.283951	0.283951
mutation2448	101	101	51.407	0.50898	0.50898
mutation2449	101	101	24.7298	0.24485	0.24485
mutation2450	101	101	50.4899	0.4999	0.4999
mutation2451	101	101	88.3706	0.874956	0.874956
mutation2452	101	101	65.6558	0.650057	0.650057
mutation2453	101	101	37.6694	0.372964	0.372964
mutation2454	101	0	0	0	0
mutation2455	101	101	44.163	0.437258	0.437258
mutation2456	101	101	72.7191	0.719991	0.719991
mutation2457	101	0	0	0	0
mutation2458	101	101	86.3851	0.855298	0.855298
mutation2459	101	101	89.3381	0.884535	0.884535
mutation2460	101	101	28.7907	0.285057	0.285057
mutation2461	101	101	16.3352	0.161735	0.161735
mutation2462	101	101	76.9617	0.761997	0.761997
mutation2463	101	89	73.6088	0.7288	0.827065
mutation2464	101	101	7.09122	0.0702101	0.0702101
mutation2465	101	101	79.254	0.784693	0.784693
mutation2466	101	101	74.0428	0.733097	0.733097
mutation2467	101	101	58.3927	0.578146	0.578146
mutation2468	101	101	38.661	0.382782	0.382782
mutation2469	101	101	71.251	0.705456	0.705456
mutation2470	101	101	39.9113	0.395161	0.395161
mutation2471	101	101	3.40371	0.0337001	0.0337001
mutation2472	101	101	33.202	0.328732	0.328732
mutation2473	101	101	31.447	0.311356	0.311356
mutation2474	101	0	0	0	0
mutation2475	101	101	63.6262	0.629962	0.629962
mutation2476	101	101	17.929	0.177515	0.177515
mutation2477	101	101	16.8259	0.166593	0.166593
mutation2478	101	101	95.3028	0.943592	0.943592
mutation2479	101	101	47.2628	0.467948	0.467948
mutation2480	101	101	87.9005	0.870302	0.870302
mutation2481	101	101	10.1069	0.100068	0.100068
mutation2482	101	101	38.3851	0.380051	0.380051
mutation2483	101	101	45.2552	0.448071	0.448071
mutation2484	101	101	63.6193	0.629894	0.629894
mutation2485	101	101	5.63181	0.0557605	0.0557605
mutation2486	101	101	34.5357	0.341938	0.341938
mutation2487	101	101	39.6133	0.39221	0.39221
mutation2488	101	101	31.0254	0.307182	0.307182
mutation2489	101	101	64.4931	0.638545	0.638545
mutation2490	101	101	100.116	0.991248	0.991248
mutation2491	101	101	29.8754	0.295796	0.295796
mutation2492	101	101	39.2908	0.389018	0.389018
mutation2493	101	101	55.3815	0.548332	0.548332
mutation2494	101	101	16.9262	0.167586	0.167586
mutation2495	101	101	66.2013	0.655458	0.655458
mutation2496	101	0	0	0	0
mutation2497	101	0	0	0	0
mutation2498	101	85	25.1248	0.24876	0.295586
mutation2499	101	101	20.5023	0.202993	0.202993
mutation2500	101	101	60.4689	0.598702	0.598702
mutation2501	101	101	53.5546	0.530244	0.530244
mutation2502	101	101	57.4537	0.568849	0.568849
mutation2503	101	101	37.9877	0.376116	0.376116
mutation2504	101	101	76.0613	0.753082	0.753082
mutation2505	101	0	0	0	0
mutation2506	101	25	19.0676	0.188788	0.762705
mutation2507	101	101	93.7687	0.928403	0.928403
mutation2508	101	101	97.0531	0.960922	0.960922
mutation2509	101	0	0	0	0
mutation2510	101	101	6.91653	0.0684805	0.0684805
mutation2511	101	101	42.0466	0.416303	0.416303
mutation2512	101	101	63.3926	0.627649	0.627649
mutation2513	101	101	89.0163	0.881349	0.881349
mutation2514	101	101	78.3697	0.775937	0.775937
mutation2515	101	101	76.6985	0.759391	0.759391
mutation2516	101	101	17.7127	0.175373	0.175373
mutation2517	101	101	11.1535	0.110431	0.110431
mutation2518	101	101	9.13461	0.0904417	0.0904417
mutation2519	101	101	74.81	0.740693	0.740693
mutation2520	101	101	53.0142	0.524893	0.524893
mutation2521	101	101	13.2831	0.131516	0.131516
mutation2522	101	101	46.9103	0.464459	0.464459
mutation2523	101	12	9.77988	0.0968305	0.81499
mutation2524	101	101	89.8003	0.889111	0.889111
mutation2525	101	101	58.961	0.583772	0.583772
mutation2526	101	101	50.1467	0.496502	0.496502
mutation2527	101	101	77.4715	0.767045	0.767045
mutation2528	101	101	16.8508	0.16684	0.16684
mutation2529	101	101	25.2535	0.250034	0.250034
mutation2530	101	101	20.9536	0.207462	0.207462
mutation2531	101	101	84.0147	0.831829	0.831829
mutation2532	101	0	0	0	0
mutation2533	101	101	34.884	0.345386	0.345386
mutation2534	101	101	85.7811	0.849318	0.849318
mutation2535	101	0	0	0	0
mutation2536	101	101	10.4736	0.103699	0.103699
mutation2537	101	101	22.4808	0.222583	0.222583
mutation2538	101	101	5.08468	0.0503434	0.0503434
mutation2539	101	101	48.3749	0.478959	0.478959
mutation2540	101	99	11.7075	0.115916	0.118257
mutation2541	101	0	0	0	0
mutation2542	101	85	27.6226	0.273491	0.324972
mutation2543	101	101	13.1509	0.130207	0.130207
mutation2544	101	101	4.7997	0.0475217	0.0475217
mutation2545	101	101	86.1549	0.853019	0.853019
mutation2546	101	101	28.419	0.281377	0.281377
mutation2547	101	0	0	0	0
mutation2548	101	0	0	0	0
mutation2549	101	0	0	0	0
mutation2550	101	0	0	0	0
mutation2551	101	101	50.6158	0.501147	0.501147
mutation2552	101	101	82.9895	0.821678	0.821678
mutation2553	101	101	28.2616	0.279818	0.279818
mutation2554	101	98	88.4446	0.875689	0.902496
mutation2555	101	101	25.8841	0.256278	0.256278
mutation2556	101	101	98.3965	0.974223	0.974223
mutation2557	101	101	27.7432	0.274685	0.274685
mutation2558	101	101	43.8384	0.434043	0.434043
mutation2559	101	101	51.2901	0.507823	0.507823
mutation2560	101	101	50.2695	0.497717	0.497717
mutation2561	101	101	57.1813	0.566152	0.566152
mutation2562	101	51	30.3387	0.300383	0.594876
mutation2563	101	101	69.8128	0.691216	0.691216
mutation2564	101	0	0	0	0
mutation2565	101	101	47.2015	0.467342	0.467342
mutation2566	101	101	38.2785	0.378995	0.378995
mutation2567	101	101	6.94116	0.0687243	0.0687243
mutation2568	101	101	32.0751	0.317575	0.317575
mutation2569	101	101	30.5615	0.302589	0.302589
mutation2570	101	101	79.8799	0.79089	0.79089
mutation2571	101	101	3.16142	0.0313012	0.0313012
mutation2572	101	101	62.6911	0.620704	0.620704
mutation2573	101	101	33.3967	0.33066	0.33066
mutation2574	101	101	44.0855	0.43649	0.43649
mutation2575	101	0	0	0	0
mutation2576	101	101	90.0636	0.891719	0.891719
mutation2577	101	101	9.22289	0.0913158	0.0913158
mutation2578	101	101	75.8833	0.75132	0.75132
mutation2579	101	0	0	0	0
mutation2580	101	101	40.5388	0.401374	0.401374
mutation2581	101	101	27.5389	0.272663	0.272663
mutation2582	101	101	6.45545	0.0639153	0.0639153
mutation2583	101	101	6.96361	0.0689466	0.0689466
mutation2584	101	101	87.374	0.865089	0.865089
mutation2585	101	101	64.8712	0.642289	0.642289
mutation2586	101	101	31.3342	0.31024	0.31024
mutation2587	101	49	6.40392	0.0634052	0.130692
mutation2588	101	0	0	0	0
mutation2589	101	101	67.373	0.66706	0.66706
mutation2590	101	101	95.1081	0.941664	0.941664
mutation2591	101	101	49.4409	0.489514	0.489514
mutation2592	101	101	13.39	0.132575	0.132575
mutation2593	101	0	0	0	0
mutation2594	101	101	37.7687	0.373948	0.373948
mutation2595	101	101	45.3741	0.449249	0.449249
mutation2596	101	101	64.81	0.641683	0.641683
mutation2597	101	101	35.108	0.347604	0.347604
mutation2598	101	80	29.2459	0.289563	0.365574
mutation2599	101	101	87.374	0.865089	0.865089
mutation2600	101	101	48.8335	0.4835	0.4835
mutation2601	101	101	93.0405	0.921193	0.921193
mutation2602	101	101	36.6498	0.362869	0.362869
mutation2603	101	101	64.4615	0.638233	0.638233
mutation2604	101	101	23.7384	0.235034	0.235034
mutation2605	101	101	30.0903	0.297924	0.297924
mutation2606	101	101	27.4042	0.271329	0.271329
mutation2607	101	101	91.2335	0.903302	0.903302
mutation2608	101	101	23.9176	0.236807	0.236807
mutation2609	101	101	64.031	0.633971	0.633971
mutation2610	101	101	26.1651	0.259061	0.259061
mutation2611	101	0	0	0	0
mutation2612	101	101	40.8626	0.404581	0.404581
mutation2613	101	101	92.579	0.916624	0.916624
mutation2614	101	101	26.372	0.261109	0.261109
mutation2615	101	101	3.9587	0.0391951	0.0391951
mutation2616	101	101	21.2616	0.210511	0.210511
mutation2617	101	101	15.7151	0.155595	0.155595
mutation2618	101	101	51.0628	0.505572	0.505572
mutation2619	101	101	85.9351	0.850842	0.850842
mutation2620	101	0	0	0	0
mutation2621	101	101	29.5996	0.293065	0.293065
mutation2622	101	101	83.0277	0.822057	0.822057
mutation2623	101	101	5.79755	0.0574015	0.0574015
mutation2624	101	0	0	0	0
mutation2625	101	0	0	0	0
mutation2626	101	101	68.5666	0.678878	0.678878
mutation2627	101	101	22.781	0.225555	0.225555
mutation2628	101	101	65.6861	0.650357	0.650357
mutation2629	101	101	78.514	0.777366	0.777366
mutation2630	101	0	0	0	0
mutation2631	101	101	90.2637	0.8937	0.8937
mutation2632	101	101	75.3923	0.746459	0.746459
mutation2633	101	101	5.88725	0.0582896	0.0582896
mutation2634	101	0	0	0	0
mutation2635	101	101	30.3569	0.300563	0.300563
mutation2636	101	101	62.3679	0.617504	0.617504
mutation2637	101	101	92.4778	0.915622	0.915622
mutation2638	101	101	85.7291	0.848803	0.848803
mutation2639	101	101	47.8344	0.473608	0.473608
mutation2640	101	101	9.4094	0.0931624	0.0931624
mutation2641	101	0	0	0	0
mutation2642	101	101	62.1151	0.615001	0.615001
mutation2643	101	101	24.1684	0.239291	0.239291
mutation2644	101	101	50.461	0.499614	0.499614
mutation2645	101	0	0	0	0
mutation2646	101	101	100.024	0.99034	0.99034
mutation2647	101	0	0	0	0
mutation2648	101	101	54.7578	0.542156	0.542156
mutation2649	101	101	51.7656	0.51253	0.51253
mutation2650	101	101	10.1066	0.100065	0.100065
mutation2651	101	101	76.8258	0.760652	0.760652
mutation2652	101	0	0	0	0
mutation2653	101	101	28.2656	0.279857	0.279857
mutation2654	101	0	0	0	0
mutation2655	101	101	3.17301	0.0314159	0.0314159
mutation2656	101	101	56.0477	0.554927	0.554927
mutation2657	101	101	49.1839	0.486969	0.486969
mutation2658	101	101	28.6713	0.283875	0.283875
mutation2659	101	101	35.2854	0.349361	0.349361
mutation2660	101	101	58.4129	0.578345	0.578345
mutation2661	101	101	56.6713	0.561102	0.561102
mutation2662	101	101	83.627	0.82799	0.82799
mutation2663	101	101	70.2463	0.695508	0.695508
mutation2664	101	101	26.9477	0.266809	0.266809
mutation2665	101	101	16.5521	0.163882	0.163882
mutation2666	101	101	40.1913	0.397933	0.397933
mutation2667	101	101	27.707	0.274327	0.274327
mutation2668	101	101	62.6216	0.620016	0.620016
mutation2669	101	101	99.801	0.988129	0.988129
mutation2670	101	101	7.54135	0.0746668	0.0746668
mutation2671	101	101	95.1942	0.942517	0.942517
mutation2672	101	101	0.960517	0.00951007	0.00951007
mutation2673	101	0	0	0	0
mutation2674	101	101	22.9832	0.227557	0.227557
mutation2675	101	0	0	0	0
mutation2676	101	101	73.163	0.724386	0.724386
mutation2677	101	0	0	0	0
mutation2678	101	101	65.3459	0.646989	0.646989
mutation2679	101	101	7.09239	0.0702217	0.0702217
mutation2680	101	101	98.6026	0.976263	0.976263
mutation2681	101	101	33.5389	0.332069	0.332069
mutation2682	101	101	61.1134	0.605083	0.605083
mutation2683	101	101	54.6383	0.540973	0.540973
mutation2684	101	101	83.8688	0.830384	0.830384
mutation2685	101	0	0	0	0
mutation2686	101	101	14.7135	0.145678	0.145678
mutation2687	101	101	10.1932	0.100923	0.100923
mutation2688	101	101	29.5153	0.29223	0.29223
mutation2689	101	101	10.5764	0.104717	0.104717
mutation2690	101	101	19.1556	0.18966	0.18966
mutation2691	101	101	20.0512	0.198527	0.198527
mutation2692	101	101	79.0958	0.783126	0.783126
mutation2693	101	101	49.2216	0.487342	0.487342
mutation2694	101	101	28.5362	0.282536	0.282536
mutation2695	101	101	40.9296	0.405243	0.405243
mutation2696	101	101	97.6415	0.966747	0.966747
mutation2697	101	101	35.7258	0.353721	0.353721
mutation2698	101	0	0	0	0
mutation2699	101	101	9.86408	0.0976642	0.0976642
mutation2700	101	101	55.2955	0.547481	0.547481
mutation2701	101	101	25.933	0.256762	0.256762
mutation2702	101	101	85.1314	0.842886	0.842886
mutation2703	101	101	28.6823	0.283983	0.283983
mutation2704	101	101	5.08206	0.0503174	0.0503174
mutation2705	101	101	99.5179	0.985326	0.985326
mutation2706	101	101	91.422	0.905169	0.905169
mutation2707	101	101	4.29857	0.0425601	0.0425601
mutation2708	101	101	65.2689	0.646227	0.646227
mutation2709	101	101	89.0868	0.882048	0.882048
mutation2710	101	101	10.5403	0.10436	0.10436
mutation2711	101	101	85.5646	0.847175	0.847175
mutation2712	101	101	97.4806	0.965155	0.965155
mutation2713	101	101	29.2326	0.289432	0.289432
mutation2714	101	101	52.4923	0.519726	0.519726
mutation2715	101	101	12.5376	0.124134	0.124134
mutation2716	101	101	6.2387	0.0617693	0.0617693
mutation2717	101	101	61.0065	0.604024	0.604024
mutation2718	101	101	90.5766	0.896798	0.896798
mutation2719	101	101	51.4396	0.509303	0.509303
mutation2720	101	101	26.793	0.265278	0.265278
mutation2721	101	101	89.6661	0.887783	0.887783
mutation2722	101	101	5.31801	0.0526536	0.0526536
mutation2723	101	101	62.4466	0.618284	0.618284
mutation2724	101	0	0	0	0
mutation2725	101	101	49.554	0.490634	0.490634
mutation2726	101	101	44.0326	0.435966	0.435966
mutation2727	101	101	10.0509	0.099514	0.099514
mutation2728	101	101	41.74	0.413267	0.413267
mutation2729	101	101	80.0539	0.792612	0.792612
mutation2730	101	0	0	0	0
mutation2731	101	101	1.85088	0.0183256	0.0183256
mutation2732	101	101	51.5941	0.510833	0.510833
mutation2733	101	101	30.6813	0.303776	0.303776
mutation2734	101	101	91.2026	0.902996	0.902996
mutation2735	101	101	14.3434	0.142014	0.142014
mutation2736	101	101	2.0035	0.0198367	0.0198367
mutation2737	101	101	73.681	0.729515	0.729515
mutation2738	101	52	10.6834	0.105776	0.20545
mutation2739	101	101	19.597	0.19403	0.19403
mutation2740	101	0	0	0	0
mutation2741	101	101	83.4204	0.825944	0.825944
mutation2742	101	101	94.5828	0.936464	0.936464
mutation2743	101	101	88.6319	0.877544	0.877544
mutation2744	101	101	49.714	0.492217	0.492217
mutation2745	101	101	33.6806	0.333471	0.333471
mutation2746	101	101	26.8746	0.266085	0.266085
mutation2747	101	101	51.2298	0.507226	0.507226
mutation2748	101	0	0	0	0
mutation2749	101	101	0.994012	0.0098417	0.0098417
mutation2750	101	101	31.0882	0.307804	0.307804
mutation2751	101	101	34.2852	0.339458	0.339458
mutation2752	101	101	64.7437	0.641027	0.641027
mutation2753	101	0	0	0	0
mutation2754	101	101	1.44936	0.0143501	0.0143501
mutation2755	101	101	91.0965	0.901946	0.901946
mutation2756	101	101	53.7096	0.531778	0.531778
mutation2757	101	101	68.5392	0.678606	0.678606
mutation2758	101	101	48.1534	0.476766	0.476766
mutation2759	101	101	37.1382	0.367705	0.367705
mutation2760	101	101	47.4438	0.469741	0.469741
mutation2761	101	101	55.6416	0.550907	0.550907
mutation2762	101	101	84.4401	0.836041	0.836041
mutation2763	101	0	0	0	0
mutation2764	101	101	63.8818	0.632493	0.632493
mutation2765	101	101	9.75795	0.0966134	0.0966134
mutation2766	101	101	68.6798	0.679998	0.679998
mutation2767	101	101	45.7925	0.453391	0.453391
mutation2768	101	101	51.1514	0.506449	0.506449
mutation2769	101	101	90.6653	0.897676	0.897676
mutation2770	101	101	29.1558	0.288671	0.288671
mutation2771	101	101	68.4637	0.677858	0.677858
mutation2772	101	101	37.2629	0.368939	0.368939
mutation2773	101	101	18.2598	0.18079	0.18079
mutation2774	101	101	90.1374	0.892449	0.892449
mutation2775	101	101	38.3315	0.37952	0.37952
mutation2776	101	0	0	0	0
mutation2777	101	101	98.3912	0.97417	0.97417
mutation2778	101	101	93.035	0.921139	0.921139
mutation2779	101	101	70.4883	0.697904	0.697904
mutation2780	101	101	56.0333	0.554785	0.554785
mutation2781	101	101	28.4133	0.28132	0.28132
mutation2782	101	101	83.6331	0.82805	0.82805
mutation2783	101	101	98.25	0.972772	0.972772
mutation2784	101	101	33.3212	0.329913	0.329913
mutation2785	101	101	58.0993	0.57524	0.57524
mutation2786	101	101	73.2795	0.725539	0.725539
mutation2787	101	0	0	0	0
mutation2788	101	101	39.5859	0.391939	0.391939
mutation2789	101	101	6.09356	0.0603323	0.0603323
mutation2790	101	101	39.1027	0.387155	0.387155
mutation2791	101	101	95.9972	0.950468	0.950468
mutation2792	101	51	44.265	0.438267	0.867941
mutation2793	101	101	98.2961	0.973229	0.973229
mutation2794	101	101	61.1071	0.605021	0.605021
mutation2795	101	101	23.8094	0.235736	0.235736
mutation2796	101	0	0	0	0
mutation2797	101	0	0	0	0
mutation2798	101	101	26.0693	0.258112	0.258112
mutation2799	101	101	30.3083	0.300082	0.300082
mutation2800	101	0	0	0	0
mutation2801	101	0	0	0	0
mutation2802	101	101	26.372	0.261109	0.261109
mutation2803	101	0	0	0	0
mutation2804	101	78	44.7792	0.443358	0.574092
mutation2805	101	0	0	0	0
mutation2806	101	101	57.4566	0.568877	0.568877
mutation2807	101	101	33.2047	0.328759	0.328759
mutation2808	101	101	41.4823	0.410715	0.410715
mutation2809	101	101	29.1943	0.289052	0.289052
mutation2810	101	101	2.09357	0.0207284	0.0207284
mutation2811	101	101	11.5953	0.114805	0.114805
mutation2812	101	101	71.8256	0.711144	0.711144
mutation2813	101	101	59.0843	0.584993	0.584993
mutation2814	101	101	98.662	0.976852	0.976852
mutation2815	101	101	70.6583	0.699587	0.699587
mutation2816	101	0	0	0	0
mutation2817	101	101	24.994	0.247465	0.247465
mutation2818	101	101	40.0964	0.396994	0.396994
mutation2819	101	101	18.9481	0.187605	0.187605
mutation2820	101	101	10.1714	0.100707	0.100707
mutation2821	101	101	12.7152	0.125893	0.125893
mutation2822	101	101	51.4529	0.509435	0.509435
mutation2823	101	101	26.5315	0.262688	0.262688
mutation2824	101	0	0	0	0
mutation2825	101	101	32.3394	0.320192	0.320192
mutation2826	101	101	91.4403	0.905349	0.905349
mutation2827	101	101	34.73	0.343862	0.343862
mutation2828	101	101	95.7183	0.947706	0.947706
mutation2829	101	101	53.6098	0.53079	0.53079
mutation2830	101	21	19.9828	0.19785	0.951564
mutation2831	101	101	73.7895	0.730589	0.730589
mutation2832	101	101	62.7051	0.620842	0.620842
mutation2833	101	101	17.0053	0.168369	0.168369
mutation2834	101	101	9.52131	0.0942704	0.0942704
mutation2835	101	101	28.4493	0.281676	0.281676
mutation2836	101	101	67.2074	0.66542	0.66542
mutation2837	101	101	70.786	0.700851	0.700851
mutation2838	101	101	4.67419	0.0462791	0.0462791
mutation2839	101	101	49.6343	0.491429	0.491429
mutation2840	101	101	70.107	0.694128	0.694128
mutation2841	101	101	3.19325	0.0316164	0.0316164
mutation2842	101	0	0	0	0
mutation2843	101	101	31.4379	0.311266	0.311266
mutation2844	101	0	0	0	0
mutation2845	101	101	54.041	0.53506	0.53506
mutation2846	101	101	84.4038	0.835682	0.835682
mutation2847	101	101	24.428	0.241861	0.241861
mutation2848	101	101	34.6306	0.342877	0.342877
mutation2849	101	0	0	0	0
mutation2850	101	101	45.0252	0.445794	0.445794
mutation2851	101	101	40.2071	0.39809	0.39809
mutation2852	101	101	86.8289	0.859692	0.859692
mutation2853	101	101	63.7336	0.631026	0.631026
mutation2854	101	60	55.3415	0.547936	0.922359
mutation2855	101	101	50.0036	0.495085	0.495085
mutation2856	101	0	0	0	0
mutation2857	101	101	10.5727	0.10468	0.10468
mutation2858	101	101	90.5585	0.896619	0.896619
mutation2859	101	101	65.6666	0.650164	0.650164
mutation2860	101	101	10.1642	0.100636	0.100636
mutation2861	101	0	0	0	0
mutation2862	101	101	44.7594	0.443163	0.443163
mutation2863	101	0	0	0	0
mutation2864	101	0	0	0	0
mutation2865	101	101	29.5843	0.292914	0.292914
mutation2866	101	101	7.35697	0.0728413	0.0728413
mutation2867	101	101	97.4938	0.965286	0.965286
