mutation1	101	101	20.247	0.200465	0.200465
mutation2	101	101	23.328	0.23097	0.23097
mutation3	101	101	-7.747	-0.076703	-0.076703
mutation4	101	101	11.627	0.115119	0.115119
mutation5	101	101	43.152	0.427248	0.427248
mutation6	101	101	28.923	0.286366	0.286366
mutation7	101	101	12.409	0.122861	0.122861
mutation8	101	101	17.276	0.17105	0.17105
mutation9	101	101	6.712	0.0664554	0.0664554
mutation10	101	101	12.008	0.118891	0.118891
mutation11	101	101	19.973	0.197752	0.197752
mutation12	101	101	9.551	0.0945644	0.0945644
mutation13	101	101	18.451	0.182683	0.182683
mutation14	101	101	85.366	0.845208	0.845208
mutation15	101	101	0.155001	0.00153466	0.00153466
mutation16	101	101	5.196	0.0514455	0.0514455
mutation17	101	101	-9.347	-0.0925446	-0.0925446
mutation18	101	101	11.802	0.116851	0.116851
mutation19	101	101	-3.012	-0.0298218	-0.0298218
mutation20	101	101	28.745	0.284604	0.284604
mutation21	101	101	5.968	0.0590891	0.0590891
mutation22	101	101	9.989	0.098901	0.098901
mutation23	101	101	12.223	0.12102	0.12102
mutation24	101	101	12.143	0.120228	0.120228
mutation25	101	101	-6.33	-0.0626733	-0.0626733
mutation26	101	101	2.287	0.0226436	0.0226436
mutation27	101	101	4.839	0.0479109	0.0479109
mutation28	101	101	13.138	0.130079	0.130079
mutation29	101	101	9.022	0.0893267	0.0893267
mutation30	101	101	7.427	0.0735347	0.0735347
mutation31	101	101	16.431	0.162683	0.162683
mutation32	101	101	88.441	0.875653	0.875653
mutation33	101	101	3.737	0.037	0.037
mutation34	101	101	19.418	0.192257	0.192257
mutation35	101	101	15.08	0.149307	0.149307
mutation36	101	101	21.724	0.215089	0.215089
mutation37	101	101	-10.455	-0.103515	-0.103515
mutation38	101	101	27.73	0.274554	0.274554
mutation39	101	101	6.202	0.0614059	0.0614059
mutation40	101	101	5.599	0.0554356	0.0554356
mutation41	101	101	47.17	0.46703	0.46703
mutation42	101	101	-9.383	-0.092901	-0.092901
mutation43	101	101	15.124	0.149743	0.149743
mutation44	101	101	8.119	0.0803861	0.0803861
mutation45	101	101	-6.907	-0.0683861	-0.0683861
mutation46	101	101	-4.649	-0.0460297	-0.0460297
mutation47	101	101	14.076	0.139366	0.139366
mutation48	101	101	7.496	0.0742178	0.0742178
mutation49	101	101	51.514	0.51004	0.51004
mutation50	101	101	8.292	0.082099	0.082099
mutation51	101	101	-5.302	-0.052495	-0.052495
mutation52	101	101	26.46	0.26198	0.26198
mutation53	101	101	-4.931	-0.0488218	-0.0488218
mutation54	101	101	39.563	0.391713	0.391713
mutation55	101	101	11.352	0.112396	0.112396
mutation56	101	101	-6.698	-0.0663168	-0.0663168
mutation57	101	101	27.191	0.269218	0.269218
mutation58	101	101	22.133	0.219139	0.219139
mutation59	101	101	-1.357	-0.0134356	-0.0134356
mutation60	101	101	-5.875	-0.0581683	-0.0581683
mutation61	101	101	-0.167	-0.00165347	-0.00165347
mutation62	101	101	28.137	0.278584	0.278584
mutation63	101	101	10.06	0.099604	0.099604
mutation64	101	101	11.761	0.116446	0.116446
mutation65	101	101	40.661	0.402584	0.402584
mutation66	101	101	1.195	0.0118317	0.0118317
mutation67	101	101	32.139	0.318208	0.318208
mutation68	101	101	0.964	0.00954456	0.00954456
mutation69	101	101	15.115	0.149653	0.149653
mutation70	101	101	3.032	0.0300198	0.0300198
mutation71	101	101	11.921	0.11803	0.11803
mutation72	101	101	-2.276	-0.0225347	-0.0225347
mutation73	101	101	27.562	0.272891	0.272891
mutation74	101	101	4.161	0.041198	0.041198
mutation75	101	101	34.567	0.342248	0.342248
mutation76	101	101	25.483	0.252307	0.252307
mutation77	101	101	-5.977	-0.0591782	-0.0591782
mutation78	101	101	5.563	0.0550792	0.0550792
mutation79	101	101	-4.753	-0.0470594	-0.0470594
mutation80	101	101	24.206	0.239663	0.239663
mutation81	101	101	-19.797	-0.19601	-0.19601
mutation82	101	101	8.607	0.0852178	0.0852178
mutation83	101	101	18.691	0.185059	0.185059
mutation84	101	0	0	0	0
mutation85	101	101	31.051	0.307436	0.307436
mutation86	101	101	2.067	0.0204653	0.0204653
mutation87	101	101	21.759	0.215436	0.215436
mutation88	101	101	-14.892	-0.147446	-0.147446
mutation89	101	101	10.109	0.100089	0.100089
mutation90	101	101	4.925	0.0487624	0.0487624
mutation91	101	101	28.461	0.281792	0.281792
mutation92	101	101	29.465	0.291733	0.291733
mutation93	101	101	13.447	0.133139	0.133139
mutation94	101	101	28.098	0.278198	0.278198
mutation95	101	101	-4.833	-0.0478515	-0.0478515
mutation96	101	101	27.994	0.277168	0.277168
mutation97	101	0	0	0	0
mutation98	101	101	14.635	0.144901	0.144901
mutation99	101	101	12.542	0.124178	0.124178
mutation100	101	101	28.86	0.285743	0.285743
mutation101	101	101	9.603	0.0950792	0.0950792
mutation102	101	101	-1.886	-0.0186733	-0.0186733
mutation103	101	101	1.124	0.0111287	0.0111287
mutation104	101	101	-3.019	-0.0298911	-0.0298911
mutation105	101	101	15.539	0.153851	0.153851
mutation106	101	101	18.979	0.187911	0.187911
mutation107	101	101	1.2	0.0118812	0.0118812
mutation108	101	101	-0.854	-0.00845544	-0.00845544
mutation109	101	101	-6.161	-0.061	-0.061
mutation110	101	101	20.338	0.201366	0.201366
mutation111	101	101	2.363	0.023396	0.023396
mutation112	101	101	-11.722	-0.116059	-0.116059
mutation113	101	101	-10.622	-0.105168	-0.105168
mutation114	101	101	1.244	0.0123168	0.0123168
mutation115	101	101	-15.599	-0.154446	-0.154446
mutation116	101	101	10.892	0.107842	0.107842
mutation117	101	101	-5.706	-0.0564951	-0.0564951
mutation118	101	101	39.748	0.393545	0.393545
mutation119	101	101	-1.292	-0.0127921	-0.0127921
mutation120	101	101	-10.654	-0.105485	-0.105485
mutation121	101	101	20.131	0.199317	0.199317
mutation122	101	101	14.504	0.143604	0.143604
mutation123	101	101	-10.083	-0.0998317	-0.0998317
mutation124	101	101	1.265	0.0125248	0.0125248
mutation125	101	101	19.134	0.189446	0.189446
mutation126	101	101	-20.082	-0.198832	-0.198832
mutation127	101	101	4.299	0.0425644	0.0425644
mutation128	101	101	10.381	0.102782	0.102782
mutation129	101	101	-12.704	-0.125782	-0.125782
mutation130	101	101	40.291	0.398921	0.398921
mutation131	101	101	22.503	0.222802	0.222802
mutation132	101	101	27.93	0.276535	0.276535
mutation133	101	101	3.375	0.0334158	0.0334158
mutation134	101	101	-2.753	-0.0272574	-0.0272574
mutation135	101	101	4.718	0.0467129	0.0467129
mutation136	101	101	8.433	0.0834951	0.0834951
mutation137	101	101	-0.507	-0.0050198	-0.0050198
mutation138	101	101	20.023	0.198248	0.198248
mutation139	101	101	-4.387	-0.0434356	-0.0434356
mutation140	101	101	16.899	0.167317	0.167317
mutation141	101	101	-24.463	-0.242208	-0.242208
mutation142	101	101	-19.233	-0.190426	-0.190426
mutation143	101	101	0.049	0.000485148	0.000485148
mutation144	101	101	43.596	0.431644	0.431644
mutation145	101	101	18.421	0.182386	0.182386
mutation146	101	101	5.541	0.0548614	0.0548614
mutation147	101	101	13.123	0.129931	0.129931
mutation148	101	101	61.303	0.60696	0.60696
mutation149	101	101	15.85	0.156931	0.156931
mutation150	101	101	8.548	0.0846337	0.0846337
mutation151	101	101	1.068	0.0105743	0.0105743
mutation152	101	101	4.662	0.0461584	0.0461584
mutation153	101	101	5.418	0.0536436	0.0536436
mutation154	101	101	-35.723	-0.353693	-0.353693
mutation155	101	101	17.754	0.175782	0.175782
mutation156	101	101	22.229	0.220089	0.220089
mutation157	101	101	4.048	0.0400792	0.0400792
mutation158	101	101	40.449	0.400485	0.400485
mutation159	101	101	-16.92	-0.167525	-0.167525
mutation160	101	101	30.228	0.299287	0.299287
mutation161	101	101	17.225	0.170545	0.170545
mutation162	101	101	3.751	0.0371386	0.0371386
mutation163	101	101	6.773	0.0670594	0.0670594
mutation164	101	101	3.698	0.0366139	0.0366139
mutation165	101	101	-1.387	-0.0137327	-0.0137327
mutation166	101	101	-15.314	-0.151624	-0.151624
mutation167	101	101	-21.239	-0.210287	-0.210287
mutation168	101	101	18.599	0.184149	0.184149
mutation169	101	101	-16.457	-0.162941	-0.162941
mutation170	101	101	67.724	0.670535	0.670535
mutation171	101	101	10.712	0.106059	0.106059
mutation172	101	101	2.943	0.0291386	0.0291386
mutation173	101	101	13.919	0.137812	0.137812
mutation174	101	101	17.247	0.170762	0.170762
mutation175	101	101	61.226	0.606198	0.606198
mutation176	101	101	-4.952	-0.0490297	-0.0490297
mutation177	101	101	27.394	0.271228	0.271228
mutation178	101	101	20.223	0.200228	0.200228
mutation179	101	101	-28.134	-0.278554	-0.278554
mutation180	101	101	14.444	0.14301	0.14301
mutation181	101	101	3.79	0.0375247	0.0375247
mutation182	101	101	16.529	0.163653	0.163653
mutation183	101	101	0.849	0.00840594	0.00840594
mutation184	101	101	1.879	0.018604	0.018604
mutation185	101	101	11.676	0.115604	0.115604
mutation186	101	101	5.634	0.0557822	0.0557822
mutation187	101	101	12.104	0.119842	0.119842
mutation188	101	101	5.341	0.0528812	0.0528812
mutation189	101	101	16.664	0.16499	0.16499
mutation190	101	101	24.448	0.242059	0.242059
mutation191	101	101	1.275	0.0126238	0.0126238
mutation192	101	101	6.441	0.0637723	0.0637723
mutation193	101	101	7.544	0.0746931	0.0746931
mutation194	101	101	13.24	0.131089	0.131089
mutation195	101	101	5.633	0.0557723	0.0557723
mutation196	101	101	14.551	0.144069	0.144069
mutation197	101	101	-0.939	-0.00929703	-0.00929703
mutation198	101	101	-10.776	-0.106693	-0.106693
mutation199	101	101	23.209	0.229792	0.229792
mutation200	101	101	20.877	0.206703	0.206703
mutation201	101	101	19.474	0.192812	0.192812
mutation202	101	101	-5.043	-0.0499307	-0.0499307
mutation203	101	101	8.282	0.082	0.082
mutation204	101	101	19.829	0.196327	0.196327
mutation205	101	101	20.076	0.198772	0.198772
mutation206	101	101	-0.969	-0.00959406	-0.00959406
mutation207	101	101	21.224	0.210139	0.210139
mutation208	101	101	10.562	0.104574	0.104574
mutation209	101	101	-19.524	-0.193307	-0.193307
mutation210	101	101	25.09	0.248416	0.248416
mutation211	101	101	8.548	0.0846337	0.0846337
mutation212	101	101	1.602	0.0158614	0.0158614
mutation213	101	101	5.685	0.0562871	0.0562871
mutation214	101	0	0	0	0
mutation215	101	101	-0.524	-0.00518812	-0.00518812
mutation216	101	101	76.906	0.761446	0.761446
mutation217	101	0	0	0	0
mutation218	101	101	14.057	0.139178	0.139178
mutation219	101	101	12.869	0.127416	0.127416
mutation220	101	101	-22.124	-0.21905	-0.21905
mutation221	101	101	2.236	0.0221386	0.0221386
mutation222	101	101	8.115	0.0803465	0.0803465
mutation223	101	101	-20.543	-0.203396	-0.203396
mutation224	101	101	-9.75	-0.0965347	-0.0965347
mutation225	101	101	12.857	0.127297	0.127297
mutation226	101	101	33.335	0.33005	0.33005
mutation227	101	101	8.625	0.085396	0.085396
mutation228	101	101	5.767	0.057099	0.057099
mutation229	101	101	25.797	0.255416	0.255416
mutation230	101	101	11.338	0.112257	0.112257
mutation231	101	0	0	0	0
mutation232	101	101	-1.38	-0.0136634	-0.0136634
mutation233	101	101	14.259	0.141178	0.141178
mutation234	101	101	13.347	0.132149	0.132149
mutation235	101	101	21.53	0.213168	0.213168
mutation236	101	101	-8.274	-0.0819208	-0.0819208
mutation237	101	101	29.311	0.290208	0.290208
mutation238	101	101	41.072	0.406653	0.406653
mutation239	101	101	-4.597	-0.0455149	-0.0455149
mutation240	101	0	0	0	0
mutation241	101	101	4.233	0.0419109	0.0419109
mutation242	101	101	-11.731	-0.116149	-0.116149
mutation243	101	101	14.685	0.145396	0.145396
mutation244	101	101	-24.212	-0.239723	-0.239723
mutation245	101	101	21.77	0.215545	0.215545
mutation246	101	101	-6.151	-0.060901	-0.060901
mutation247	101	101	19.179	0.189891	0.189891
mutation248	101	101	-12.252	-0.121307	-0.121307
mutation249	101	101	34.7	0.343564	0.343564
mutation250	101	101	23.337	0.231059	0.231059
mutation251	101	101	33.803	0.334683	0.334683
mutation252	101	101	13.547	0.134129	0.134129
mutation253	101	101	13.705	0.135693	0.135693
mutation254	101	101	9.131	0.0904059	0.0904059
mutation255	101	0	0	0	0
mutation256	101	101	-0.604	-0.0059802	-0.0059802
mutation257	101	101	1.958	0.0193861	0.0193861
mutation258	101	101	-5.034	-0.0498416	-0.0498416
mutation259	101	101	-3.688	-0.0365149	-0.0365149
mutation260	101	0	0	0	0
mutation261	101	101	11.104	0.109941	0.109941
mutation262	101	101	31.342	0.310317	0.310317
mutation263	101	101	15.296	0.151446	0.151446
mutation264	101	101	19.063	0.188743	0.188743
mutation265	101	101	57.484	0.569149	0.569149
mutation266	101	101	13.296	0.131644	0.131644
mutation267	101	101	-4.419	-0.0437525	-0.0437525
mutation268	101	101	6.115	0.0605446	0.0605446
mutation269	101	101	-2.125	-0.0210396	-0.0210396
mutation270	101	101	2.541	0.0251584	0.0251584
mutation271	101	101	5.083	0.0503267	0.0503267
mutation272	101	101	6.123	0.0606238	0.0606238
mutation273	101	101	8.028	0.0794852	0.0794852
mutation274	101	101	3.863	0.0382475	0.0382475
mutation275	101	101	7.475	0.0740099	0.0740099
mutation276	101	101	3.334	0.0330099	0.0330099
mutation277	101	101	22.621	0.22397	0.22397
mutation278	101	101	61.48	0.608713	0.608713
mutation279	101	0	0	0	0
mutation280	101	101	10.894	0.107861	0.107861
mutation281	101	101	3.117	0.0308614	0.0308614
mutation282	101	101	19.558	0.193644	0.193644
mutation283	101	0	0	0	0
mutation284	101	101	-9.056	-0.0896634	-0.0896634
mutation285	101	101	0.823	0.00814852	0.00814852
mutation286	101	101	70.728	0.700277	0.700277
mutation287	101	101	16.149	0.159891	0.159891
mutation288	101	101	6.032	0.0597228	0.0597228
mutation289	101	101	-26.141	-0.258822	-0.258822
mutation290	101	101	21.414	0.21202	0.21202
mutation291	101	101	20.372	0.201703	0.201703
mutation292	101	101	9.929	0.0983069	0.0983069
mutation293	101	101	13.991	0.138525	0.138525
mutation294	101	101	4.077	0.0403663	0.0403663
mutation295	101	101	17.9	0.177228	0.177228
mutation296	101	101	10.381	0.102782	0.102782
mutation297	101	101	6.902	0.0683366	0.0683366
mutation298	101	0	0	0	0
mutation299	101	101	30.517	0.302149	0.302149
mutation300	101	101	4.325	0.0428218	0.0428218
mutation301	101	101	-7.835	-0.0775743	-0.0775743
mutation302	101	101	67.407	0.667396	0.667396
mutation303	101	101	9.496	0.0940198	0.0940198
mutation304	101	101	0.12	0.00118812	0.00118812
mutation305	101	101	20.576	0.203723	0.203723
mutation306	101	101	26.22	0.259604	0.259604
mutation307	101	101	2.071	0.020505	0.020505
mutation308	101	101	23.628	0.233941	0.233941
mutation309	101	101	-4.38	-0.0433663	-0.0433663
mutation310	101	101	20.27	0.200693	0.200693
mutation311	101	101	7.422	0.0734851	0.0734851
mutation312	101	101	4.622	0.0457624	0.0457624
mutation313	101	101	10.702	0.10596	0.10596
mutation314	101	101	24.554	0.243109	0.243109
mutation315	101	101	7.363	0.072901	0.072901
mutation316	101	101	5.61	0.0555446	0.0555446
mutation317	101	101	-2.265	-0.0224257	-0.0224257
mutation318	101	101	10.816	0.107089	0.107089
mutation319	101	101	19.287	0.19096	0.19096
mutation320	101	101	-1.741	-0.0172376	-0.0172376
mutation321	101	101	10.37	0.102673	0.102673
mutation322	101	101	28.988	0.28701	0.28701
mutation323	101	101	21.879	0.216624	0.216624
mutation324	101	101	20.603	0.20399	0.20399
mutation325	101	0	0	0	0
mutation326	101	0	0	0	0
mutation327	101	101	12.133	0.120129	0.120129
mutation328	101	101	-3.588	-0.0355248	-0.0355248
mutation329	101	101	19.707	0.195119	0.195119
mutation330	101	101	16.798	0.166317	0.166317
mutation331	101	101	1.864	0.0184555	0.0184555
mutation332	101	101	59.993	0.59399	0.59399
mutation333	101	101	8.728	0.0864158	0.0864158
mutation334	101	101	101.093	1.00092	1.00092
mutation335	101	101	3.925	0.0388614	0.0388614
mutation336	101	101	0.61	0.0060396	0.0060396
mutation337	101	0	0	0	0
mutation338	101	101	6.674	0.0660792	0.0660792
mutation339	101	101	11.477	0.113634	0.113634
mutation340	101	101	17.278	0.171069	0.171069
mutation341	101	101	-14.956	-0.148079	-0.148079
mutation342	101	101	5.79	0.0573267	0.0573267
mutation343	101	101	1.167	0.0115545	0.0115545
mutation344	101	101	18.372	0.181901	0.181901
mutation345	101	101	10.027	0.0992772	0.0992772
mutation346	101	101	0.486	0.00481189	0.00481189
mutation347	101	101	4.24	0.0419802	0.0419802
mutation348	101	101	36.28	0.359208	0.359208
mutation349	101	101	-7.671	-0.0759505	-0.0759505
mutation350	101	101	12.159	0.120386	0.120386
mutation351	101	101	2.303	0.022802	0.022802
mutation352	101	101	21.382	0.211703	0.211703
mutation353	101	101	4.513	0.0446832	0.0446832
mutation354	101	101	12.125	0.120049	0.120049
mutation355	101	101	25.463	0.252109	0.252109
mutation356	101	101	11.926	0.118079	0.118079
mutation357	101	101	-8.525	-0.0844059	-0.0844059
mutation358	101	0	0	0	0
mutation359	101	101	-0.218001	-0.00215842	-0.00215842
mutation360	101	101	26.352	0.260911	0.260911
mutation361	101	101	20.849	0.206426	0.206426
mutation362	101	101	12.858	0.127307	0.127307
mutation363	101	101	15.049	0.149	0.149
mutation364	101	101	6.066	0.0600594	0.0600594
mutation365	101	101	40.134	0.397366	0.397366
mutation366	101	101	38.293	0.379139	0.379139
mutation367	101	101	26.543	0.262802	0.262802
mutation368	101	101	4.032	0.0399208	0.0399208
mutation369	101	101	10.42	0.103168	0.103168
mutation370	101	101	14.318	0.141762	0.141762
mutation371	101	101	-3.042	-0.0301188	-0.0301188
mutation372	101	101	8.61	0.0852475	0.0852475
mutation373	101	101	-13.158	-0.130277	-0.130277
mutation374	101	101	-12.435	-0.123119	-0.123119
mutation375	101	101	-12.165	-0.120446	-0.120446
mutation376	101	101	2.199	0.0217723	0.0217723
mutation377	101	101	19.184	0.189941	0.189941
mutation378	101	101	9.87	0.0977228	0.0977228
mutation379	101	101	63.257	0.626307	0.626307
mutation380	101	101	2.807	0.0277921	0.0277921
mutation381	101	101	12.126	0.120059	0.120059
mutation382	101	0	0	0	0
mutation383	101	101	7.577	0.0750198	0.0750198
mutation384	101	101	-11.836	-0.117188	-0.117188
mutation385	101	101	1.637	0.0162079	0.0162079
mutation386	101	101	29.635	0.293416	0.293416
mutation387	101	101	17.909	0.177317	0.177317
mutation388	101	101	-42.115	-0.41698	-0.41698
mutation389	101	101	20.077	0.198782	0.198782
mutation390	101	101	-13.786	-0.136495	-0.136495
mutation391	101	101	-1.813	-0.0179505	-0.0179505
mutation392	101	101	28.694	0.284099	0.284099
mutation393	101	101	2.917	0.0288812	0.0288812
mutation394	101	101	20.689	0.204842	0.204842
mutation395	101	101	-30.893	-0.305871	-0.305871
mutation396	101	101	14.717	0.145713	0.145713
mutation397	101	101	28.038	0.277604	0.277604
mutation398	101	101	0.942	0.00932673	0.00932673
mutation399	101	101	-10.659	-0.105535	-0.105535
mutation400	101	101	20.504	0.20301	0.20301
mutation401	101	101	20.092	0.198931	0.198931
mutation402	101	101	-16.688	-0.165228	-0.165228
mutation403	101	101	-8.735	-0.0864851	-0.0864851
mutation404	101	101	7.561	0.0748614	0.0748614
mutation405	101	101	20.404	0.20202	0.20202
mutation406	101	101	10.733	0.106267	0.106267
mutation407	101	101	7.802	0.0772475	0.0772475
mutation408	101	101	-5.889	-0.0583069	-0.0583069
mutation409	101	101	9.425	0.0933168	0.0933168
mutation410	101	101	13.703	0.135673	0.135673
mutation411	101	101	11.634	0.115188	0.115188
mutation412	101	101	23.016	0.227881	0.227881
mutation413	101	101	4.996	0.0494653	0.0494653
mutation414	101	101	17.967	0.177891	0.177891
mutation415	101	101	10.106	0.100059	0.100059
mutation416	101	101	12.295	0.121733	0.121733
mutation417	101	101	0.169	0.00167327	0.00167327
mutation418	101	101	0.04	0.00039604	0.00039604
mutation419	101	101	8.919	0.0883069	0.0883069
mutation420	101	101	3.032	0.0300198	0.0300198
mutation421	101	101	-10.199	-0.10098	-0.10098
mutation422	101	101	-24.697	-0.244525	-0.244525
mutation423	101	101	-1.174	-0.0116238	-0.0116238
mutation424	101	101	34.509	0.341673	0.341673
mutation425	101	101	6.362	0.0629901	0.0629901
mutation426	101	101	14.391	0.142485	0.142485
mutation427	101	101	23.446	0.232139	0.232139
mutation428	101	101	21.19	0.209802	0.209802
mutation429	101	101	-26.274	-0.260139	-0.260139
mutation430	101	101	-14.002	-0.138634	-0.138634
mutation431	101	101	7.456	0.0738218	0.0738218
mutation432	101	101	-14.427	-0.142842	-0.142842
mutation433	101	101	-1.638	-0.0162178	-0.0162178
mutation434	101	101	21.887	0.216703	0.216703
mutation435	101	101	13.371	0.132386	0.132386
mutation436	101	101	75.082	0.743386	0.743386
mutation437	101	101	5.348	0.0529505	0.0529505
mutation438	101	101	-6.826	-0.0675842	-0.0675842
mutation439	101	101	-0.00399991	-3.96031e-05	-3.96031e-05
mutation440	101	101	6.166	0.0610495	0.0610495
mutation441	101	101	-5.312	-0.0525941	-0.0525941
mutation442	101	101	-1.126	-0.0111485	-0.0111485
mutation443	101	101	3.594	0.0355842	0.0355842
mutation444	101	0	0	0	0
mutation445	101	101	7.426	0.0735248	0.0735248
mutation446	101	101	9.32	0.0922772	0.0922772
mutation447	101	101	26.453	0.261911	0.261911
mutation448	101	101	38.293	0.379139	0.379139
mutation449	101	101	-25.576	-0.253228	-0.253228
mutation450	101	101	12.864	0.127366	0.127366
mutation451	101	101	3.421	0.0338713	0.0338713
mutation452	101	101	31.461	0.311495	0.311495
mutation453	101	101	34.852	0.345069	0.345069
mutation454	101	101	10.04	0.0994059	0.0994059
mutation455	101	101	31.438	0.311267	0.311267
mutation456	101	101	-3.206	-0.0317426	-0.0317426
mutation457	101	101	0.639	0.00632673	0.00632673
mutation458	101	101	25.252	0.25002	0.25002
mutation459	101	101	17.645	0.174703	0.174703
mutation460	101	101	12.755	0.126287	0.126287
mutation461	101	101	-14.561	-0.144168	-0.144168
mutation462	101	101	14.808	0.146614	0.146614
mutation463	101	101	9.885	0.0978713	0.0978713
mutation464	101	101	14.965	0.148168	0.148168
mutation465	101	101	20.186	0.199861	0.199861
mutation466	101	101	-5.049	-0.0499901	-0.0499901
mutation467	101	101	16.802	0.166356	0.166356
mutation468	101	101	2.299	0.0227624	0.0227624
mutation469	101	101	13.166	0.130356	0.130356
mutation470	101	101	5.437	0.0538317	0.0538317
mutation471	101	101	-0.923	-0.00913862	-0.00913862
mutation472	101	101	16.663	0.16498	0.16498
mutation473	101	0	0	0	0
mutation474	101	101	8.781	0.0869406	0.0869406
mutation475	101	101	24.191	0.239515	0.239515
mutation476	101	101	74.028	0.732951	0.732951
mutation477	101	101	13.213	0.130822	0.130822
mutation478	101	101	15.854	0.15697	0.15697
mutation479	101	101	3.704	0.0366733	0.0366733
mutation480	101	101	9.701	0.0960495	0.0960495
mutation481	101	101	7.359	0.0728614	0.0728614
mutation482	101	101	4.678	0.0463168	0.0463168
mutation483	101	101	5.591	0.0553564	0.0553564
mutation484	101	101	4.563	0.0451782	0.0451782
mutation485	101	101	11.683	0.115673	0.115673
mutation486	101	101	-13.668	-0.135327	-0.135327
mutation487	101	101	20.607	0.20403	0.20403
mutation488	101	101	19.242	0.190515	0.190515
mutation489	101	101	4.986	0.0493663	0.0493663
mutation490	101	101	10.833	0.107257	0.107257
mutation491	101	101	9.43	0.0933663	0.0933663
mutation492	101	101	-18.021	-0.178426	-0.178426
mutation493	101	101	59.542	0.589525	0.589525
mutation494	101	101	13.822	0.136851	0.136851
mutation495	101	101	2.221	0.0219901	0.0219901
mutation496	101	101	4.22	0.0417822	0.0417822
mutation497	101	101	-8.122	-0.0804158	-0.0804158
mutation498	101	101	3.289	0.0325644	0.0325644
mutation499	101	101	20.412	0.202099	0.202099
mutation500	101	101	-15.665	-0.155099	-0.155099
mutation501	101	101	-40.5	-0.40099	-0.40099
mutation502	101	101	6.02	0.059604	0.059604
mutation503	101	101	22.538	0.223149	0.223149
mutation504	101	101	-0.524	-0.00518812	-0.00518812
mutation505	101	101	-0.376	-0.00372277	-0.00372277
mutation506	101	101	52.2	0.516832	0.516832
mutation507	101	101	12.598	0.124733	0.124733
mutation508	101	101	3.736	0.0369901	0.0369901
mutation509	101	101	24.342	0.24101	0.24101
mutation510	101	101	18.766	0.185802	0.185802
mutation511	101	101	31.99	0.316733	0.316733
mutation512	101	101	0.385999	0.00382178	0.00382178
mutation513	101	101	18.099	0.179198	0.179198
mutation514	101	0	0	0	0
mutation515	101	0	0	0	0
mutation516	101	101	10.971	0.108624	0.108624
mutation517	101	101	65.521	0.648723	0.648723
mutation518	101	101	41.13	0.407228	0.407228
mutation519	101	101	24.891	0.246446	0.246446
mutation520	101	101	28.299	0.280188	0.280188
mutation521	101	101	16.795	0.166287	0.166287
mutation522	101	101	-2.197	-0.0217525	-0.0217525
mutation523	101	0	0	0	0
mutation524	101	101	24.47	0.242277	0.242277
mutation525	101	101	22.4	0.221782	0.221782
mutation526	101	101	-1.373	-0.0135941	-0.0135941
mutation527	101	101	-1.846	-0.0182772	-0.0182772
mutation528	101	101	8.178	0.0809703	0.0809703
mutation529	101	101	19.908	0.197109	0.197109
mutation530	101	101	15.555	0.15401	0.15401
mutation531	101	101	1.318	0.0130495	0.0130495
mutation532	101	0	0	0	0
mutation533	101	101	18.885	0.18698	0.18698
mutation534	101	101	17.161	0.169911	0.169911
mutation535	101	101	10.577	0.104723	0.104723
mutation536	101	101	12.702	0.125762	0.125762
mutation537	101	101	4.599	0.0455347	0.0455347
mutation538	101	101	19.269	0.190782	0.190782
mutation539	101	101	9.522	0.0942772	0.0942772
mutation540	101	101	-16.072	-0.159129	-0.159129
mutation541	101	101	-1.644	-0.0162772	-0.0162772
mutation542	101	101	-0.357001	-0.00353466	-0.00353466
mutation543	101	101	0.453999	0.00449504	0.00449504
mutation544	101	101	13.701	0.135653	0.135653
mutation545	101	101	17.145	0.169752	0.169752
mutation546	101	101	7.604	0.0752871	0.0752871
mutation547	101	101	-4.884	-0.0483564	-0.0483564
mutation548	101	101	-13.488	-0.133545	-0.133545
mutation549	101	101	4.167	0.0412574	0.0412574
mutation550	101	101	6.09	0.060297	0.060297
mutation551	101	101	6.167	0.0610594	0.0610594
mutation552	101	0	0	0	0
mutation553	101	101	10.261	0.101594	0.101594
mutation554	101	101	18.771	0.185851	0.185851
mutation555	101	101	20.657	0.204525	0.204525
mutation556	101	101	3.46	0.0342574	0.0342574
mutation557	101	101	23.341	0.231099	0.231099
mutation558	101	101	19.059	0.188703	0.188703
mutation559	101	101	7.417	0.0734356	0.0734356
mutation560	101	101	7.296	0.0722376	0.0722376
mutation561	101	101	57.737	0.571653	0.571653
mutation562	101	101	23.142	0.229129	0.229129
mutation563	101	101	27.901	0.276248	0.276248
mutation564	101	101	-4.386	-0.0434257	-0.0434257
mutation565	101	0	0	0	0
mutation566	101	101	-0.895	-0.00886138	-0.00886138
mutation567	101	101	0.00399997	3.96037e-05	3.96037e-05
mutation568	101	101	7.755	0.0767822	0.0767822
mutation569	101	101	22.188	0.219683	0.219683
mutation570	101	101	20.656	0.204515	0.204515
mutation571	101	101	-4.927	-0.0487822	-0.0487822
mutation572	101	101	26.974	0.267069	0.267069
mutation573	101	101	37.185	0.368168	0.368168
mutation574	101	101	12.234	0.121129	0.121129
mutation575	101	101	39.29	0.38901	0.38901
mutation576	101	101	16.56	0.16396	0.16396
mutation577	101	101	-1.267	-0.0125446	-0.0125446
mutation578	101	101	-23.032	-0.22804	-0.22804
mutation579	101	101	35.894	0.355386	0.355386
mutation580	101	101	14.521	0.143772	0.143772
mutation581	101	101	22.022	0.21804	0.21804
mutation582	101	101	-32.933	-0.326069	-0.326069
mutation583	101	101	16.655	0.164901	0.164901
mutation584	101	101	6.664	0.0659802	0.0659802
mutation585	101	101	10.773	0.106663	0.106663
mutation586	101	101	5.462	0.0540792	0.0540792
mutation587	101	101	-11.576	-0.114614	-0.114614
mutation588	101	101	15.371	0.152188	0.152188
mutation589	101	101	5.7	0.0564356	0.0564356
mutation590	101	101	11.744	0.116277	0.116277
mutation591	101	101	22.451	0.222287	0.222287
mutation592	101	101	9.635	0.095396	0.095396
mutation593	101	101	14.876	0.147287	0.147287
mutation594	101	101	13.204	0.130733	0.130733
mutation595	101	101	-11.781	-0.116644	-0.116644
mutation596	101	101	10.074	0.0997426	0.0997426
mutation597	101	101	2.288	0.0226535	0.0226535
mutation598	101	101	11.512	0.11398	0.11398
mutation599	101	101	-3.479	-0.0344455	-0.0344455
mutation600	101	0	0	0	0
mutation601	101	101	9.958	0.0985941	0.0985941
mutation602	101	101	25.65	0.25396	0.25396
mutation603	101	101	13.942	0.13804	0.13804
mutation604	101	101	12.065	0.119455	0.119455
mutation605	101	101	13.752	0.136158	0.136158
mutation606	101	101	-20.418	-0.202158	-0.202158
mutation607	101	101	18.031	0.178525	0.178525
mutation608	101	0	0	0	0
mutation609	101	101	16.608	0.164436	0.164436
mutation610	101	0	0	0	0
mutation611	101	101	10.979	0.108703	0.108703
mutation612	101	101	70.109	0.694149	0.694149
mutation613	101	101	-3.089	-0.0305842	-0.0305842
mutation614	101	101	25.804	0.255485	0.255485
mutation615	101	101	9.118	0.0902772	0.0902772
mutation616	101	101	25.504	0.252515	0.252515
mutation617	101	101	20.55	0.203465	0.203465
mutation618	101	101	-3.293	-0.032604	-0.032604
mutation619	101	101	15.146	0.14996	0.14996
mutation620	101	101	24.116	0.238772	0.238772
mutation621	101	101	-0.0229999	-0.000227722	-0.000227722
mutation622	101	101	15.952	0.157941	0.157941
mutation623	101	101	47.17	0.46703	0.46703
mutation624	101	101	0.569	0.00563366	0.00563366
mutation625	101	101	10.994	0.108851	0.108851
mutation626	101	101	13.884	0.137465	0.137465
mutation627	101	101	5.837	0.0577921	0.0577921
mutation628	101	101	-3.854	-0.0381584	-0.0381584
mutation629	101	101	6.374	0.0631089	0.0631089
mutation630	101	101	5.846	0.0578812	0.0578812
mutation631	101	101	24.189	0.239495	0.239495
mutation632	101	101	6.614	0.0654851	0.0654851
mutation633	101	101	21.821	0.21605	0.21605
mutation634	101	101	12.693	0.125673	0.125673
mutation635	101	101	10.421	0.103178	0.103178
mutation636	101	101	14.989	0.148406	0.148406
mutation637	101	101	7.199	0.0712772	0.0712772
mutation638	101	101	8.651	0.0856535	0.0856535
mutation639	101	101	25.027	0.247792	0.247792
mutation640	101	101	-5.507	-0.0545248	-0.0545248
mutation641	101	101	8.585	0.085	0.085
mutation642	101	101	32.35	0.320297	0.320297
mutation643	101	101	5.478	0.0542376	0.0542376
mutation644	101	101	-6.921	-0.0685248	-0.0685248
mutation645	101	101	0.495	0.00490099	0.00490099
mutation646	101	101	-0.638	-0.00631683	-0.00631683
mutation647	101	101	-4.798	-0.0475049	-0.0475049
mutation648	101	101	52.51	0.519901	0.519901
mutation649	101	101	-4.199	-0.0415743	-0.0415743
mutation650	101	101	40.734	0.403307	0.403307
mutation651	101	101	-0.235	-0.00232673	-0.00232673
mutation652	101	101	4.392	0.0434852	0.0434852
mutation653	101	101	27.978	0.27701	0.27701
mutation654	101	101	25.067	0.248188	0.248188
mutation655	101	101	-20.29	-0.200891	-0.200891
mutation656	101	101	4.356	0.0431287	0.0431287
mutation657	101	101	5.406	0.0535247	0.0535247
mutation658	101	101	-5.433	-0.0537921	-0.0537921
mutation659	101	101	26.911	0.266446	0.266446
mutation660	101	101	17.207	0.170366	0.170366
mutation661	101	101	12.395	0.122723	0.122723
mutation662	101	101	-10.589	-0.104842	-0.104842
mutation663	101	101	21.506	0.212931	0.212931
mutation664	101	101	-9.421	-0.0932772	-0.0932772
mutation665	101	101	-15.862	-0.15705	-0.15705
mutation666	101	101	12.106	0.119861	0.119861
mutation667	101	101	15.94	0.157822	0.157822
mutation668	101	101	-12.895	-0.127673	-0.127673
mutation669	101	101	-1.702	-0.0168515	-0.0168515
mutation670	101	101	-39.517	-0.391257	-0.391257
mutation671	101	101	-6.755	-0.0668812	-0.0668812
mutation672	101	101	19.117	0.189277	0.189277
mutation673	101	101	5.034	0.0498416	0.0498416
mutation674	101	101	32.809	0.324842	0.324842
mutation675	101	101	30.995	0.306881	0.306881
mutation676	101	101	25.175	0.249257	0.249257
mutation677	101	101	15.741	0.155851	0.155851
mutation678	101	101	13.632	0.13497	0.13497
mutation679	101	0	0	0	0
mutation680	101	101	32.132	0.318139	0.318139
mutation681	101	101	7.326	0.0725347	0.0725347
mutation682	101	101	-24.127	-0.238881	-0.238881
mutation683	101	101	2.296	0.0227327	0.0227327
mutation684	101	101	4.754	0.0470693	0.0470693
mutation685	101	101	5.925	0.0586634	0.0586634
mutation686	101	101	1.12	0.0110891	0.0110891
mutation687	101	101	4.524	0.0447921	0.0447921
mutation688	101	101	6.062	0.0600198	0.0600198
mutation689	101	101	5.81	0.0575247	0.0575247
mutation690	101	101	17.563	0.173891	0.173891
mutation691	101	101	13.41	0.132772	0.132772
mutation692	101	101	4.074	0.0403366	0.0403366
mutation693	101	101	16.923	0.167554	0.167554
mutation694	101	101	21.101	0.208921	0.208921
mutation695	101	101	-0.892	-0.00883168	-0.00883168
mutation696	101	101	10.014	0.0991485	0.0991485
mutation697	101	101	24.113	0.238743	0.238743
mutation698	101	101	1.499	0.0148416	0.0148416
mutation699	101	101	0.921	0.00911881	0.00911881
mutation700	101	101	-10.705	-0.10599	-0.10599
mutation701	101	101	3.444	0.034099	0.034099
mutation702	101	101	16.312	0.161505	0.161505
mutation703	101	101	7.28	0.0720792	0.0720792
mutation704	101	101	17.965	0.177871	0.177871
mutation705	101	101	-5.744	-0.0568713	-0.0568713
mutation706	101	101	20.997	0.207891	0.207891
mutation707	101	101	5.661	0.0560495	0.0560495
mutation708	101	101	56.104	0.555485	0.555485
mutation709	101	101	17.498	0.173248	0.173248
mutation710	101	101	15.519	0.153653	0.153653
mutation711	101	101	52.478	0.519584	0.519584
mutation712	101	101	7.246	0.0717426	0.0717426
mutation713	101	101	25.35	0.25099	0.25099
mutation714	101	101	20.902	0.206951	0.206951
mutation715	101	101	37.527	0.371554	0.371554
mutation716	101	101	28.738	0.284535	0.284535
mutation717	101	101	60.792	0.601901	0.601901
mutation718	101	101	23.937	0.237	0.237
mutation719	101	101	39.602	0.392099	0.392099
mutation720	101	101	15.263	0.151119	0.151119
mutation721	101	101	17.9	0.177228	0.177228
mutation722	101	101	-11.385	-0.112723	-0.112723
mutation723	101	0	0	0	0
mutation724	101	101	24.157	0.239178	0.239178
mutation725	101	101	4.343	0.043	0.043
mutation726	101	101	4.399	0.0435544	0.0435544
mutation727	101	101	7.333	0.072604	0.072604
mutation728	101	101	9.427	0.0933366	0.0933366
mutation729	101	101	-40.5	-0.40099	-0.40099
mutation730	101	101	7.722	0.0764554	0.0764554
mutation731	101	101	-24.541	-0.24298	-0.24298
mutation732	101	101	34.448	0.341069	0.341069
mutation733	101	101	8.342	0.0825941	0.0825941
mutation734	101	101	42.27	0.418515	0.418515
mutation735	101	101	6.676	0.066099	0.066099
mutation736	101	101	18.946	0.187584	0.187584
mutation737	101	101	-24.533	-0.242901	-0.242901
mutation738	101	101	14.052	0.139129	0.139129
mutation739	101	101	7.767	0.076901	0.076901
mutation740	101	101	1.802	0.0178416	0.0178416
mutation741	101	101	-3.859	-0.0382079	-0.0382079
mutation742	101	101	-43.055	-0.426287	-0.426287
mutation743	101	101	7.019	0.0694951	0.0694951
mutation744	101	101	9.934	0.0983564	0.0983564
mutation745	101	101	11.962	0.118436	0.118436
mutation746	101	101	16.935	0.167673	0.167673
mutation747	101	101	-2.559	-0.0253366	-0.0253366
mutation748	101	101	7.201	0.071297	0.071297
mutation749	101	101	5.378	0.0532475	0.0532475
mutation750	101	101	3.117	0.0308614	0.0308614
mutation751	101	101	52.519	0.51999	0.51999
mutation752	101	101	4.968	0.0491881	0.0491881
mutation753	101	101	-12.067	-0.119475	-0.119475
mutation754	101	101	12.541	0.124168	0.124168
mutation755	101	101	28.52	0.282376	0.282376
mutation756	101	101	0.377	0.00373267	0.00373267
mutation757	101	101	14.13	0.139901	0.139901
mutation758	101	101	8.322	0.082396	0.082396
mutation759	101	101	6.539	0.0647426	0.0647426
mutation760	101	101	61.038	0.604337	0.604337
mutation761	101	101	-69.042	-0.683584	-0.683584
mutation762	101	101	-15.604	-0.154495	-0.154495
mutation763	101	101	5.722	0.0566535	0.0566535
mutation764	101	101	15.59	0.154356	0.154356
mutation765	101	101	11.582	0.114673	0.114673
mutation766	101	101	1.722	0.0170495	0.0170495
mutation767	101	101	13.035	0.129059	0.129059
mutation768	101	101	5.066	0.0501584	0.0501584
mutation769	101	101	-15.335	-0.151832	-0.151832
mutation770	101	101	97.76	0.967921	0.967921
mutation771	101	101	4.554	0.0450891	0.0450891
mutation772	101	101	13.002	0.128733	0.128733
mutation773	101	101	6.102	0.0604158	0.0604158
mutation774	101	101	-11.115	-0.11005	-0.11005
mutation775	101	101	15.771	0.156149	0.156149
mutation776	101	101	24.929	0.246822	0.246822
mutation777	101	101	2.074	0.0205347	0.0205347
mutation778	101	101	12.243	0.121218	0.121218
mutation779	101	101	9.106	0.0901584	0.0901584
mutation780	101	101	79.049	0.782663	0.782663
mutation781	101	101	0.465	0.00460396	0.00460396
mutation782	101	101	16.488	0.163248	0.163248
mutation783	101	101	-0.166	-0.00164356	-0.00164356
mutation784	101	101	31.276	0.309663	0.309663
mutation785	101	101	13.35	0.132178	0.132178
mutation786	101	101	13.733	0.13597	0.13597
mutation787	101	0	0	0	0
mutation788	101	101	3.699	0.0366238	0.0366238
mutation789	101	0	0	0	0
mutation790	101	101	16.888	0.167208	0.167208
mutation791	101	101	30.911	0.30605	0.30605
mutation792	101	101	18.512	0.183287	0.183287
mutation793	101	101	-1.404	-0.013901	-0.013901
mutation794	101	101	2.421	0.0239703	0.0239703
mutation795	101	101	-4.009	-0.0396931	-0.0396931
mutation796	101	101	25.938	0.256812	0.256812
mutation797	101	101	12.77	0.126436	0.126436
mutation798	101	101	-1.684	-0.0166733	-0.0166733
mutation799	101	101	71.874	0.711624	0.711624
mutation800	101	101	56.104	0.555485	0.555485
mutation801	101	101	12.308	0.121861	0.121861
mutation802	101	101	6.683	0.0661683	0.0661683
mutation803	101	101	7.26	0.0718812	0.0718812
mutation804	101	101	-11.492	-0.113782	-0.113782
mutation805	101	101	7.303	0.0723069	0.0723069
mutation806	101	101	11.863	0.117455	0.117455
mutation807	101	101	18.044	0.178653	0.178653
mutation808	101	101	0.219	0.00216831	0.00216831
mutation809	101	101	5.298	0.0524554	0.0524554
mutation810	101	101	63.234	0.626079	0.626079
mutation811	101	101	21.349	0.211376	0.211376
mutation812	101	101	10.585	0.104802	0.104802
mutation813	101	101	13.225	0.130941	0.130941
mutation814	101	101	10.706	0.106	0.106
mutation815	101	101	21.004	0.20796	0.20796
mutation816	101	101	-1.554	-0.0153861	-0.0153861
mutation817	101	101	40.344	0.399446	0.399446
mutation818	101	101	13.275	0.131436	0.131436
mutation819	101	101	20.833	0.206267	0.206267
mutation820	101	101	25.046	0.24798	0.24798
mutation821	101	101	-2.934	-0.0290495	-0.0290495
mutation822	101	101	-19.247	-0.190564	-0.190564
mutation823	101	101	35.622	0.352693	0.352693
mutation824	101	101	4.675	0.0462871	0.0462871
mutation825	101	101	6.495	0.0643069	0.0643069
mutation826	101	101	-25.379	-0.251277	-0.251277
mutation827	101	101	-11.16	-0.110495	-0.110495
mutation828	101	101	7.507	0.0743267	0.0743267
mutation829	101	101	7.479	0.0740495	0.0740495
mutation830	101	101	7.755	0.0767822	0.0767822
mutation831	101	101	21.931	0.217139	0.217139
mutation832	101	101	15.237	0.150861	0.150861
mutation833	101	101	9.426	0.0933267	0.0933267
mutation834	101	101	20.917	0.207099	0.207099
mutation835	101	101	28.5	0.282178	0.282178
mutation836	101	101	100.458	0.994634	0.994634
mutation837	101	101	11.796	0.116792	0.116792
mutation838	101	101	14.683	0.145376	0.145376
mutation839	101	101	40.595	0.401931	0.401931
mutation840	101	101	-31.264	-0.309545	-0.309545
mutation841	101	101	13.31	0.131782	0.131782
mutation842	101	101	9.598	0.0950297	0.0950297
mutation843	101	101	5.734	0.0567723	0.0567723
mutation844	101	101	19.986	0.197881	0.197881
mutation845	101	101	7.932	0.0785346	0.0785346
mutation846	101	101	6.905	0.0683663	0.0683663
mutation847	101	101	-8.095	-0.0801485	-0.0801485
mutation848	101	101	56.104	0.555485	0.555485
mutation849	101	101	41.152	0.407446	0.407446
mutation850	101	0	0	0	0
mutation851	101	101	31.601	0.312881	0.312881
mutation852	101	101	23.294	0.230634	0.230634
mutation853	101	101	-13.183	-0.130525	-0.130525
mutation854	101	101	4.454	0.044099	0.044099
mutation855	101	101	12.426	0.12303	0.12303
mutation856	101	101	19.803	0.196069	0.196069
mutation857	101	101	14.437	0.142941	0.142941
mutation858	101	101	-5.166	-0.0511485	-0.0511485
mutation859	101	101	-9.453	-0.0935941	-0.0935941
mutation860	101	101	-10.541	-0.104366	-0.104366
mutation861	101	101	13.296	0.131644	0.131644
mutation862	101	101	11.432	0.113188	0.113188
mutation863	101	101	-3.359	-0.0332574	-0.0332574
mutation864	101	101	1.743	0.0172574	0.0172574
mutation865	101	101	5.341	0.0528812	0.0528812
mutation866	101	101	14.017	0.138782	0.138782
mutation867	101	101	26.792	0.265267	0.265267
mutation868	101	101	13.121	0.129911	0.129911
mutation869	101	101	12.585	0.124604	0.124604
mutation870	101	101	25.019	0.247713	0.247713
mutation871	101	101	21.137	0.209277	0.209277
mutation872	101	101	34.761	0.344168	0.344168
mutation873	101	0	0	0	0
mutation874	101	101	10.719	0.106129	0.106129
mutation875	101	101	12.694	0.125683	0.125683
mutation876	101	101	1.663	0.0164653	0.0164653
mutation877	101	101	-1.903	-0.0188416	-0.0188416
mutation878	101	101	10.866	0.107584	0.107584
mutation879	101	101	-23.21	-0.229802	-0.229802
mutation880	101	101	108.077	1.07007	1.07007
mutation881	101	101	-14.926	-0.147782	-0.147782
mutation882	101	101	7.597	0.0752178	0.0752178
mutation883	101	101	6.897	0.0682871	0.0682871
mutation884	101	101	15.607	0.154525	0.154525
mutation885	101	101	22.089	0.218703	0.218703
mutation886	101	101	-6.459	-0.0639505	-0.0639505
mutation887	101	101	20.529	0.203257	0.203257
mutation888	101	101	13.209	0.130782	0.130782
mutation889	101	101	5.946	0.0588713	0.0588713
mutation890	101	0	0	0	0
mutation891	101	101	11.336	0.112238	0.112238
mutation892	101	101	19.521	0.193277	0.193277
mutation893	101	101	-0.303	-0.003	-0.003
mutation894	101	101	9.373	0.092802	0.092802
mutation895	101	101	16.435	0.162723	0.162723
mutation896	101	101	14.356	0.142139	0.142139
mutation897	101	101	13.553	0.134188	0.134188
mutation898	101	101	26.269	0.260089	0.260089
mutation899	101	101	15.559	0.15405	0.15405
mutation900	101	101	5.1	0.050495	0.050495
mutation901	101	101	-11.763	-0.116465	-0.116465
mutation902	101	101	8.341	0.0825842	0.0825842
mutation903	101	101	2.994	0.0296436	0.0296436
mutation904	101	101	-5.986	-0.0592673	-0.0592673
mutation905	101	101	5.586	0.0553069	0.0553069
mutation906	101	101	79.699	0.789099	0.789099
mutation907	101	101	10.159	0.100584	0.100584
mutation908	101	101	11.166	0.110554	0.110554
mutation909	101	101	11.325	0.112129	0.112129
mutation910	101	101	-44.304	-0.438653	-0.438653
mutation911	101	101	17.834	0.176574	0.176574
mutation912	101	101	-5.582	-0.0552673	-0.0552673
mutation913	101	101	56.803	0.562406	0.562406
mutation914	101	101	-2.48	-0.0245545	-0.0245545
mutation915	101	101	12.658	0.125327	0.125327
mutation916	101	101	-5.352	-0.0529901	-0.0529901
mutation917	101	101	-5.792	-0.0573465	-0.0573465
mutation918	101	0	0	0	0
mutation919	101	101	18.986	0.18798	0.18798
mutation920	101	101	18.285	0.18104	0.18104
mutation921	101	101	7.119	0.0704852	0.0704852
mutation922	101	101	14.369	0.142267	0.142267
mutation923	101	101	7.715	0.0763861	0.0763861
mutation924	101	101	92.495	0.915792	0.915792
mutation925	101	101	3.42	0.0338614	0.0338614
mutation926	101	101	17.879	0.17702	0.17702
mutation927	101	101	4.319	0.0427624	0.0427624
mutation928	101	101	7.142	0.0707129	0.0707129
mutation929	101	101	16.628	0.164634	0.164634
mutation930	101	101	1.032	0.0102178	0.0102178
mutation931	101	101	8.135	0.0805446	0.0805446
mutation932	101	101	25.518	0.252653	0.252653
mutation933	101	101	19.985	0.197871	0.197871
mutation934	101	101	10.271	0.101693	0.101693
mutation935	101	101	18.342	0.181604	0.181604
mutation936	101	101	12.732	0.126059	0.126059
mutation937	101	101	22.554	0.223307	0.223307
mutation938	101	101	-11.257	-0.111455	-0.111455
mutation939	101	101	-12.041	-0.119218	-0.119218
mutation940	101	101	23.91	0.236733	0.236733
mutation941	101	100	-14.402	-0.142594	-0.14402
mutation942	101	101	12.618	0.124931	0.124931
mutation943	101	101	7.487	0.0741287	0.0741287
mutation944	101	101	8.879	0.0879109	0.0879109
mutation945	101	101	7.728	0.0765149	0.0765149
mutation946	101	101	47.578	0.471069	0.471069
mutation947	101	101	17.383	0.172109	0.172109
mutation948	101	101	13.52	0.133861	0.133861
mutation949	101	101	-17.164	-0.169941	-0.169941
mutation950	101	101	-0.53	-0.00524753	-0.00524753
mutation951	101	101	20.389	0.201871	0.201871
mutation952	101	101	6.205	0.0614356	0.0614356
mutation953	101	101	5.808	0.057505	0.057505
mutation954	101	101	20.693	0.204881	0.204881
mutation955	101	101	10.542	0.104376	0.104376
mutation956	101	101	27.9	0.276238	0.276238
mutation957	101	101	40.508	0.401069	0.401069
mutation958	101	101	16.883	0.167158	0.167158
mutation959	101	101	33.433	0.33102	0.33102
mutation960	101	101	-11.116	-0.110059	-0.110059
mutation961	101	101	-14.011	-0.138723	-0.138723
mutation962	101	101	21.583	0.213693	0.213693
mutation963	101	101	7.464	0.073901	0.073901
mutation964	101	101	3.243	0.0321089	0.0321089
mutation965	101	101	11.155	0.110446	0.110446
mutation966	101	101	1.713	0.0169604	0.0169604
mutation967	101	101	16.038	0.158792	0.158792
mutation968	101	101	-10.872	-0.107644	-0.107644
mutation969	101	101	5.025	0.0497525	0.0497525
mutation970	101	101	9.667	0.0957129	0.0957129
mutation971	101	101	-8.461	-0.0837723	-0.0837723
mutation972	101	101	17.003	0.168347	0.168347
mutation973	101	101	11.866	0.117485	0.117485
mutation974	101	101	77.478	0.767109	0.767109
mutation975	101	101	6.253	0.0619109	0.0619109
mutation976	101	101	-5.498	-0.0544356	-0.0544356
mutation977	101	101	8.98	0.0889109	0.0889109
mutation978	101	101	9.605	0.095099	0.095099
mutation979	101	101	17.309	0.171376	0.171376
mutation980	101	101	-3.95	-0.0391089	-0.0391089
mutation981	101	101	27.382	0.271109	0.271109
mutation982	101	101	13.134	0.13004	0.13004
mutation983	101	101	-4.15	-0.0410891	-0.0410891
mutation984	101	101	17.131	0.169614	0.169614
mutation985	101	101	19.082	0.188931	0.188931
mutation986	101	101	5.696	0.056396	0.056396
mutation987	101	101	30.378	0.300772	0.300772
mutation988	101	101	6.893	0.0682475	0.0682475
mutation989	101	101	11.155	0.110446	0.110446
mutation990	101	101	-0.563	-0.00557425	-0.00557425
mutation991	101	101	16.206	0.160455	0.160455
mutation992	101	101	8.769	0.0868218	0.0868218
mutation993	101	101	-0.848	-0.00839604	-0.00839604
mutation994	101	101	13.983	0.138446	0.138446
mutation995	101	101	9.119	0.0902871	0.0902871
mutation996	101	101	-40.731	-0.403277	-0.403277
mutation997	101	101	-3.119	-0.0308812	-0.0308812
mutation998	101	101	10.791	0.106842	0.106842
mutation999	101	101	12.588	0.124634	0.124634
mutation1000	101	101	5.148	0.0509703	0.0509703
mutation1001	101	0	0	0	0
mutation1002	101	101	-27.357	-0.270861	-0.270861
mutation1003	101	101	36.436	0.360752	0.360752
mutation1004	101	101	-59.984	-0.593901	-0.593901
mutation1005	101	101	19.187	0.18997	0.18997
mutation1006	101	101	-8.75	-0.0866337	-0.0866337
mutation1007	101	101	11.407	0.112941	0.112941
mutation1008	101	101	11.319	0.112069	0.112069
mutation1009	101	101	8.786	0.0869901	0.0869901
mutation1010	101	101	1.526	0.0151089	0.0151089
mutation1011	101	101	3.918	0.0387921	0.0387921
mutation1012	101	101	61.897	0.612842	0.612842
mutation1013	101	101	13.742	0.136059	0.136059
mutation1014	101	101	29.932	0.296356	0.296356
mutation1015	101	101	-13.583	-0.134485	-0.134485
mutation1016	101	101	21.881	0.216644	0.216644
mutation1017	101	101	-6.037	-0.0597723	-0.0597723
mutation1018	101	101	20.085	0.198861	0.198861
mutation1019	101	101	21.417	0.21205	0.21205
mutation1020	101	101	20.457	0.202545	0.202545
mutation1021	101	101	12.553	0.124287	0.124287
mutation1022	101	101	14.37	0.142277	0.142277
mutation1023	101	101	36.073	0.357158	0.357158
mutation1024	101	101	-1.301	-0.0128812	-0.0128812
mutation1025	101	101	15.601	0.154465	0.154465
mutation1026	101	101	4.632	0.0458614	0.0458614
mutation1027	101	101	18.43	0.182475	0.182475
mutation1028	101	0	0	0	0
mutation1029	101	101	-8.771	-0.0868416	-0.0868416
mutation1030	101	101	11.914	0.11796	0.11796
mutation1031	101	101	13.009	0.128802	0.128802
mutation1032	101	101	1.01	0.01	0.01
mutation1033	101	101	3.617	0.0358119	0.0358119
mutation1034	101	101	-18.561	-0.183772	-0.183772
mutation1035	101	101	2.276	0.0225347	0.0225347
mutation1036	101	101	13.355	0.132228	0.132228
mutation1037	101	101	62.006	0.613921	0.613921
mutation1038	101	101	30.996	0.306891	0.306891
mutation1039	101	101	9.552	0.0945743	0.0945743
mutation1040	101	101	6.306	0.0624356	0.0624356
mutation1041	101	101	9.387	0.0929406	0.0929406
mutation1042	101	101	4.207	0.0416535	0.0416535
mutation1043	101	101	9.979	0.098802	0.098802
mutation1044	101	101	12.742	0.126158	0.126158
mutation1045	101	101	3.681	0.0364456	0.0364456
mutation1046	101	101	-24.573	-0.243297	-0.243297
mutation1047	101	101	-0.359	-0.00355445	-0.00355445
mutation1048	101	101	7.775	0.0769802	0.0769802
mutation1049	101	101	-34.539	-0.34197	-0.34197
mutation1050	101	101	5.88	0.0582178	0.0582178
mutation1051	101	101	14.173	0.140327	0.140327
mutation1052	101	101	7.951	0.0787228	0.0787228
mutation1053	101	101	48.261	0.477832	0.477832
mutation1054	101	0	0	0	0
mutation1055	101	101	-1.813	-0.0179505	-0.0179505
mutation1056	101	101	38.637	0.382545	0.382545
mutation1057	101	101	35.894	0.355386	0.355386
mutation1058	101	101	8.32	0.0823762	0.0823762
mutation1059	101	101	-5.249	-0.0519703	-0.0519703
mutation1060	101	101	4.925	0.0487624	0.0487624
mutation1061	101	101	11.954	0.118356	0.118356
mutation1062	101	101	-9.012	-0.0892277	-0.0892277
mutation1063	101	101	6.091	0.0603069	0.0603069
mutation1064	101	101	-7.257	-0.0718515	-0.0718515
mutation1065	101	101	-29.935	-0.296386	-0.296386
mutation1066	101	101	-8.811	-0.0872376	-0.0872376
mutation1067	101	101	-5.193	-0.0514158	-0.0514158
mutation1068	101	101	10.059	0.0995941	0.0995941
mutation1069	101	101	10.252	0.101505	0.101505
mutation1070	101	101	6.798	0.0673069	0.0673069
mutation1071	101	101	84.234	0.834	0.834
mutation1072	101	101	8.659	0.0857327	0.0857327
mutation1073	101	101	58.591	0.580109	0.580109
mutation1074	101	101	10.019	0.099198	0.099198
mutation1075	101	101	23.588	0.233545	0.233545
mutation1076	101	101	-7.926	-0.0784752	-0.0784752
mutation1077	101	101	37.73	0.373564	0.373564
mutation1078	101	101	20.712	0.205069	0.205069
mutation1079	101	101	19.678	0.194832	0.194832
mutation1080	101	101	3.379	0.0334554	0.0334554
mutation1081	101	101	31.925	0.316089	0.316089
mutation1082	101	101	10.451	0.103475	0.103475
mutation1083	101	101	9.088	0.0899802	0.0899802
mutation1084	101	101	12.594	0.124693	0.124693
mutation1085	101	101	-2.33	-0.0230693	-0.0230693
mutation1086	101	101	14.492	0.143485	0.143485
mutation1087	101	101	-23.19	-0.229604	-0.229604
mutation1088	101	101	10.593	0.104881	0.104881
mutation1089	101	101	-7.357	-0.0728416	-0.0728416
mutation1090	101	101	-15.553	-0.15399	-0.15399
mutation1091	101	101	32.814	0.324891	0.324891
mutation1092	101	101	-0.62	-0.00613861	-0.00613861
mutation1093	101	101	10.397	0.102941	0.102941
mutation1094	101	101	15.737	0.155812	0.155812
mutation1095	101	101	52.95	0.524257	0.524257
mutation1096	101	101	-38.045	-0.376683	-0.376683
mutation1097	101	101	8.553	0.0846832	0.0846832
mutation1098	101	101	26.01	0.257525	0.257525
mutation1099	101	101	0.296	0.00293069	0.00293069
mutation1100	101	101	1.617	0.0160099	0.0160099
mutation1101	101	101	4.878	0.048297	0.048297
mutation1102	101	101	-5.788	-0.0573069	-0.0573069
mutation1103	101	0	0	0	0
mutation1104	101	101	-4.09	-0.0404951	-0.0404951
mutation1105	101	101	28.516	0.282337	0.282337
mutation1106	101	101	6.26	0.0619802	0.0619802
mutation1107	101	101	26.708	0.264436	0.264436
mutation1108	101	0	0	0	0
mutation1109	101	101	-13.231	-0.131	-0.131
mutation1110	101	101	6.915	0.0684654	0.0684654
mutation1111	101	101	6.743	0.0667624	0.0667624
mutation1112	101	101	21.493	0.212802	0.212802
mutation1113	101	101	34.981	0.346347	0.346347
mutation1114	101	101	-1.836	-0.0181782	-0.0181782
mutation1115	101	101	18.861	0.186743	0.186743
mutation1116	101	101	2.869	0.0284059	0.0284059
mutation1117	101	101	-1.163	-0.0115149	-0.0115149
mutation1118	101	0	0	0	0
mutation1119	101	101	11.906	0.117881	0.117881
mutation1120	101	101	-2.979	-0.0294951	-0.0294951
mutation1121	101	101	13.259	0.131277	0.131277
mutation1122	101	101	-11.665	-0.115495	-0.115495
mutation1123	101	101	41.37	0.409604	0.409604
mutation1124	101	101	21.726	0.215109	0.215109
mutation1125	101	101	13.198	0.130673	0.130673
mutation1126	101	101	-25.949	-0.256921	-0.256921
mutation1127	101	101	-0.166	-0.00164356	-0.00164356
mutation1128	101	101	16.179	0.160188	0.160188
mutation1129	101	101	23.24	0.230099	0.230099
mutation1130	101	101	2.866	0.0283762	0.0283762
mutation1131	101	101	49.796	0.49303	0.49303
mutation1132	101	0	0	0	0
mutation1133	101	101	25.036	0.247881	0.247881
mutation1134	101	101	-3.542	-0.0350693	-0.0350693
mutation1135	101	101	64.937	0.642941	0.642941
mutation1136	101	101	24.948	0.24701	0.24701
mutation1137	101	101	-5.979	-0.059198	-0.059198
mutation1138	101	101	16.227	0.160663	0.160663
mutation1139	101	101	-8.522	-0.0843762	-0.0843762
mutation1140	101	101	2.311	0.0228812	0.0228812
mutation1141	101	101	15.356	0.15204	0.15204
mutation1142	101	101	36.603	0.362406	0.362406
mutation1143	101	101	15.673	0.155178	0.155178
mutation1144	101	101	-0.712	-0.0070495	-0.0070495
mutation1145	101	101	4.374	0.0433069	0.0433069
mutation1146	101	101	-2.385	-0.0236139	-0.0236139
mutation1147	101	0	0	0	0
mutation1148	101	101	0.848	0.00839604	0.00839604
mutation1149	101	101	-13.741	-0.13605	-0.13605
mutation1150	101	101	19.099	0.189099	0.189099
mutation1151	101	101	12.874	0.127465	0.127465
mutation1152	101	101	17.578	0.17404	0.17404
mutation1153	101	101	7.644	0.0756832	0.0756832
mutation1154	101	101	-14.925	-0.147772	-0.147772
mutation1155	101	101	4.608	0.0456238	0.0456238
mutation1156	101	101	48.051	0.475752	0.475752
mutation1157	101	101	6.891	0.0682277	0.0682277
mutation1158	101	101	19.171	0.189812	0.189812
mutation1159	101	101	12.426	0.12303	0.12303
mutation1160	101	101	19.39	0.19198	0.19198
mutation1161	101	101	5.53	0.0547525	0.0547525
mutation1162	101	101	4.114	0.0407327	0.0407327
mutation1163	101	101	20.12	0.199208	0.199208
mutation1164	101	101	26.394	0.261327	0.261327
mutation1165	101	101	29.855	0.295594	0.295594
mutation1166	101	101	0.844	0.00835644	0.00835644
mutation1167	101	101	8.896	0.0880792	0.0880792
mutation1168	101	101	24.601	0.243574	0.243574
mutation1169	101	101	4.702	0.0465545	0.0465545
mutation1170	101	101	-2.976	-0.0294653	-0.0294653
mutation1171	101	101	11.22	0.111089	0.111089
mutation1172	101	101	-12.395	-0.122723	-0.122723
mutation1173	101	101	29.111	0.288228	0.288228
mutation1174	101	101	14.659	0.145139	0.145139
mutation1175	101	101	12.822	0.12695	0.12695
mutation1176	101	101	-1.468	-0.0145347	-0.0145347
mutation1177	101	101	3.578	0.0354257	0.0354257
mutation1178	101	101	0.879	0.00870297	0.00870297
mutation1179	101	101	37.635	0.372624	0.372624
mutation1180	101	101	7.75	0.0767327	0.0767327
mutation1181	101	101	10.061	0.0996139	0.0996139
mutation1182	101	101	4.711	0.0466436	0.0466436
mutation1183	101	101	7.53	0.0745545	0.0745545
mutation1184	101	101	11.029	0.109198	0.109198
mutation1185	101	101	2.893	0.0286436	0.0286436
mutation1186	101	101	11.447	0.113337	0.113337
mutation1187	101	101	16.5	0.163366	0.163366
mutation1188	101	101	34.444	0.34103	0.34103
mutation1189	101	101	9.674	0.0957822	0.0957822
mutation1190	101	101	24.942	0.246951	0.246951
mutation1191	101	101	10.709	0.10603	0.10603
mutation1192	101	101	9.343	0.092505	0.092505
mutation1193	101	101	12.003	0.118842	0.118842
mutation1194	101	101	-1.716	-0.0169901	-0.0169901
mutation1195	101	101	20.292	0.200911	0.200911
mutation1196	101	101	10.882	0.107743	0.107743
mutation1197	101	101	36.57	0.362079	0.362079
mutation1198	101	101	-7.746	-0.0766931	-0.0766931
mutation1199	101	101	8.375	0.0829208	0.0829208
mutation1200	101	101	3.708	0.0367129	0.0367129
mutation1201	101	101	10.529	0.104248	0.104248
mutation1202	101	101	14.922	0.147743	0.147743
mutation1203	101	101	3.328	0.0329505	0.0329505
mutation1204	101	101	0.926	0.00916832	0.00916832
mutation1205	101	101	29.89	0.295941	0.295941
mutation1206	101	101	32.446	0.321248	0.321248
mutation1207	101	101	5.067	0.0501683	0.0501683
mutation1208	101	101	4.651	0.0460495	0.0460495
mutation1209	101	101	24.334	0.240931	0.240931
mutation1210	101	101	26.127	0.258683	0.258683
mutation1211	101	101	11.296	0.111842	0.111842
mutation1212	101	101	81.298	0.804931	0.804931
mutation1213	101	101	19.261	0.190703	0.190703
mutation1214	101	101	-7.799	-0.0772178	-0.0772178
mutation1215	101	101	24.523	0.242802	0.242802
mutation1216	101	101	0.382001	0.00378218	0.00378218
mutation1217	101	101	13.511	0.133772	0.133772
mutation1218	101	101	-8.603	-0.0851782	-0.0851782
mutation1219	101	101	13.701	0.135653	0.135653
mutation1220	101	101	-3.055	-0.0302475	-0.0302475
mutation1221	101	101	15.034	0.148851	0.148851
mutation1222	101	101	7.317	0.0724455	0.0724455
mutation1223	101	101	16.889	0.167218	0.167218
mutation1224	101	101	-6.774	-0.0670693	-0.0670693
mutation1225	101	101	32.894	0.325683	0.325683
mutation1226	101	101	18.563	0.183792	0.183792
mutation1227	101	101	0.828999	0.00820791	0.00820791
mutation1228	101	101	36.587	0.362248	0.362248
mutation1229	101	101	14.254	0.141129	0.141129
mutation1230	101	101	4.092	0.0405149	0.0405149
mutation1231	101	101	23.124	0.22895	0.22895
mutation1232	101	101	15.97	0.158119	0.158119
mutation1233	101	101	4.22	0.0417822	0.0417822
mutation1234	101	101	2.376	0.0235248	0.0235248
mutation1235	101	101	-4.378	-0.0433465	-0.0433465
mutation1236	101	101	17.733	0.175574	0.175574
mutation1237	101	101	12.275	0.121535	0.121535
mutation1238	101	101	8.2	0.0811881	0.0811881
mutation1239	101	101	12.079	0.119594	0.119594
mutation1240	101	101	0.455	0.00450495	0.00450495
mutation1241	101	101	16.092	0.159327	0.159327
mutation1242	101	101	15.915	0.157574	0.157574
mutation1243	101	101	9.33	0.0923762	0.0923762
mutation1244	101	101	14.786	0.146396	0.146396
mutation1245	101	101	-3.184	-0.0315248	-0.0315248
mutation1246	101	101	-1.202	-0.011901	-0.011901
mutation1247	101	101	-10.282	-0.101802	-0.101802
mutation1248	101	101	9.147	0.0905644	0.0905644
mutation1249	101	101	16.665	0.165	0.165
mutation1250	101	101	16.414	0.162515	0.162515
mutation1251	101	101	8.644	0.0855842	0.0855842
mutation1252	101	101	20.126	0.199267	0.199267
mutation1253	101	101	-5.287	-0.0523465	-0.0523465
mutation1254	101	101	28.999	0.287119	0.287119
mutation1255	101	0	0	0	0
mutation1256	101	101	-1.021	-0.0101089	-0.0101089
mutation1257	101	101	37.624	0.372515	0.372515
mutation1258	101	101	10.7	0.105941	0.105941
mutation1259	101	101	6.942	0.0687327	0.0687327
mutation1260	101	101	18.125	0.179455	0.179455
mutation1261	101	101	4.24	0.0419802	0.0419802
mutation1262	101	101	27.556	0.272832	0.272832
mutation1263	101	101	-26.996	-0.267287	-0.267287
mutation1264	101	101	-4.194	-0.0415248	-0.0415248
mutation1265	101	101	9.463	0.0936931	0.0936931
mutation1266	101	101	18.862	0.186752	0.186752
mutation1267	101	101	6.082	0.0602178	0.0602178
mutation1268	101	101	9.457	0.0936337	0.0936337
mutation1269	101	101	-1.474	-0.0145941	-0.0145941
mutation1270	101	101	9.696	0.096	0.096
mutation1271	101	101	-16.13	-0.159703	-0.159703
mutation1272	101	101	25.168	0.249188	0.249188
mutation1273	101	101	22.623	0.22399	0.22399
mutation1274	101	101	-2.9	-0.0287129	-0.0287129
mutation1275	101	101	-2.005	-0.0198515	-0.0198515
mutation1276	101	101	13.695	0.135594	0.135594
mutation1277	101	101	17.627	0.174525	0.174525
mutation1278	101	101	35.682	0.353287	0.353287
mutation1279	101	101	23.189	0.229594	0.229594
mutation1280	101	101	-6.067	-0.0600693	-0.0600693
mutation1281	101	101	27.92	0.276436	0.276436
mutation1282	101	101	11.118	0.110079	0.110079
mutation1283	101	101	8.581	0.0849604	0.0849604
mutation1284	101	101	3.023	0.0299307	0.0299307
mutation1285	101	101	-0.553	-0.00547524	-0.00547524
mutation1286	101	101	33.552	0.332198	0.332198
mutation1287	101	101	2.694	0.0266733	0.0266733
mutation1288	101	101	13.743	0.136069	0.136069
mutation1289	101	101	16.663	0.16498	0.16498
mutation1290	101	101	15.101	0.149515	0.149515
mutation1291	101	101	31.5	0.311881	0.311881
mutation1292	101	101	14.8	0.146535	0.146535
mutation1293	101	101	12.671	0.125455	0.125455
mutation1294	101	101	8.634	0.0854852	0.0854852
mutation1295	101	101	-0.426001	-0.00421783	-0.00421783
mutation1296	101	101	32.375	0.320545	0.320545
mutation1297	101	101	20.786	0.205802	0.205802
mutation1298	101	101	-0.142	-0.00140594	-0.00140594
mutation1299	101	101	17.813	0.176366	0.176366
mutation1300	101	101	-13.87	-0.137327	-0.137327
mutation1301	101	101	8.364	0.0828119	0.0828119
mutation1302	101	101	-21.954	-0.217366	-0.217366
mutation1303	101	101	8.487	0.0840297	0.0840297
mutation1304	101	101	8.677	0.0859109	0.0859109
mutation1305	101	101	12.177	0.120564	0.120564
mutation1306	101	101	41.655	0.412426	0.412426
mutation1307	101	101	-0.238	-0.00235643	-0.00235643
mutation1308	101	101	18.257	0.180762	0.180762
mutation1309	101	101	-15.795	-0.156386	-0.156386
mutation1310	101	101	26.5	0.262376	0.262376
mutation1311	101	101	28.04	0.277624	0.277624
mutation1312	101	101	6.229	0.0616733	0.0616733
mutation1313	101	101	8.572	0.0848713	0.0848713
mutation1314	101	101	10.125	0.100248	0.100248
mutation1315	101	101	-15.04	-0.148911	-0.148911
mutation1316	101	101	59.593	0.59003	0.59003
mutation1317	101	101	-7.12	-0.0704951	-0.0704951
mutation1318	101	101	6.205	0.0614356	0.0614356
mutation1319	101	101	-54.743	-0.54201	-0.54201
mutation1320	101	101	30.305	0.30005	0.30005
mutation1321	101	101	22.703	0.224782	0.224782
mutation1322	101	101	-2.914	-0.0288515	-0.0288515
mutation1323	101	101	17.393	0.172208	0.172208
mutation1324	101	101	-7.536	-0.0746139	-0.0746139
mutation1325	101	101	40.4	0.4	0.4
mutation1326	101	101	-5.16	-0.0510891	-0.0510891
mutation1327	101	101	17.748	0.175723	0.175723
mutation1328	101	101	-14.233	-0.140921	-0.140921
mutation1329	101	101	-0.288999	-0.00286138	-0.00286138
mutation1330	101	101	-0.196	-0.00194059	-0.00194059
mutation1331	101	101	11.796	0.116792	0.116792
mutation1332	101	101	-4.54	-0.0449505	-0.0449505
mutation1333	101	101	-1.72	-0.0170297	-0.0170297
mutation1334	101	0	0	0	0
mutation1335	101	101	19.208	0.190178	0.190178
mutation1336	101	0	0	0	0
mutation1337	101	101	16.193	0.160327	0.160327
mutation1338	101	101	-3.573	-0.0353762	-0.0353762
mutation1339	101	101	3.946	0.0390693	0.0390693
mutation1340	101	101	13.562	0.134277	0.134277
mutation1341	101	101	15.093	0.149436	0.149436
mutation1342	101	101	30.722	0.304178	0.304178
mutation1343	101	101	12.86	0.127327	0.127327
mutation1344	101	101	-0.0539997	-0.00053465	-0.00053465
mutation1345	101	101	47.508	0.470376	0.470376
mutation1346	101	101	14.716	0.145703	0.145703
mutation1347	101	101	11.766	0.116495	0.116495
mutation1348	101	101	-7.668	-0.0759208	-0.0759208
mutation1349	101	101	14.909	0.147614	0.147614
mutation1350	101	101	21.202	0.209921	0.209921
mutation1351	101	101	5.309	0.0525644	0.0525644
mutation1352	101	101	-14.562	-0.144178	-0.144178
mutation1353	101	101	-1.107	-0.0109604	-0.0109604
mutation1354	101	101	34.778	0.344337	0.344337
mutation1355	101	101	10.529	0.104248	0.104248
mutation1356	101	101	5.475	0.0542079	0.0542079
mutation1357	101	101	17.735	0.175594	0.175594
mutation1358	101	101	-41.478	-0.410673	-0.410673
mutation1359	101	101	8.115	0.0803465	0.0803465
mutation1360	101	101	34.448	0.341069	0.341069
mutation1361	101	101	-18.761	-0.185752	-0.185752
mutation1362	101	101	-6.274	-0.0621188	-0.0621188
mutation1363	101	101	10.357	0.102545	0.102545
mutation1364	101	101	23.586	0.233525	0.233525
mutation1365	101	101	19.072	0.188832	0.188832
mutation1366	101	101	7.797	0.077198	0.077198
mutation1367	101	101	14.575	0.144307	0.144307
mutation1368	101	101	-8.57	-0.0848515	-0.0848515
mutation1369	101	101	23.841	0.23605	0.23605
mutation1370	101	101	-10.303	-0.10201	-0.10201
mutation1371	101	101	0.371	0.00367327	0.00367327
mutation1372	101	101	5.981	0.0592178	0.0592178
mutation1373	101	101	15.288	0.151366	0.151366
mutation1374	101	101	2.884	0.0285545	0.0285545
mutation1375	101	101	14.295	0.141535	0.141535
mutation1376	101	101	16.516	0.163525	0.163525
mutation1377	101	101	19.438	0.192455	0.192455
mutation1378	101	101	6.879	0.0681089	0.0681089
mutation1379	101	101	19.894	0.19697	0.19697
mutation1380	101	101	66.893	0.662307	0.662307
mutation1381	101	101	-40.215	-0.398168	-0.398168
mutation1382	101	101	9.068	0.0897822	0.0897822
mutation1383	101	101	10.134	0.100337	0.100337
mutation1384	101	101	20.978	0.207703	0.207703
mutation1385	101	101	11.791	0.116743	0.116743
mutation1386	101	101	7.251	0.0717921	0.0717921
mutation1387	101	101	21.311	0.211	0.211
mutation1388	101	101	36.619	0.362564	0.362564
mutation1389	101	101	-8.997	-0.0890792	-0.0890792
mutation1390	101	101	33.61	0.332772	0.332772
mutation1391	101	101	12.522	0.12398	0.12398
mutation1392	101	101	54.572	0.540317	0.540317
mutation1393	101	101	11.432	0.113188	0.113188
mutation1394	101	101	-0.286	-0.00283169	-0.00283169
mutation1395	101	101	3.641	0.0360495	0.0360495
mutation1396	101	101	26.234	0.259743	0.259743
mutation1397	101	101	-8.746	-0.0865941	-0.0865941
mutation1398	101	101	-10.815	-0.107079	-0.107079
mutation1399	101	101	-1.741	-0.0172376	-0.0172376
mutation1400	101	101	18.989	0.18801	0.18801
mutation1401	101	101	14.919	0.147713	0.147713
mutation1402	101	101	5.969	0.059099	0.059099
mutation1403	101	101	-22.51	-0.222871	-0.222871
mutation1404	101	101	-27.653	-0.273792	-0.273792
mutation1405	101	101	-7.466	-0.0739208	-0.0739208
mutation1406	101	101	2.399	0.0237525	0.0237525
mutation1407	101	101	7.01	0.0694059	0.0694059
mutation1408	101	101	17.022	0.168535	0.168535
mutation1409	101	101	-5.267	-0.0521485	-0.0521485
mutation1410	101	101	7.449	0.0737525	0.0737525
mutation1411	101	101	14.819	0.146723	0.146723
mutation1412	101	101	28.832	0.285465	0.285465
mutation1413	101	101	17.481	0.173079	0.173079
mutation1414	101	101	5.563	0.0550792	0.0550792
mutation1415	101	101	4.671	0.0462475	0.0462475
mutation1416	101	101	42.373	0.419535	0.419535
mutation1417	101	101	26.809	0.265436	0.265436
mutation1418	101	101	-5.001	-0.0495149	-0.0495149
mutation1419	101	101	17.39	0.172178	0.172178
mutation1420	101	101	7.675	0.0759901	0.0759901
mutation1421	101	101	8.893	0.0880495	0.0880495
mutation1422	101	101	-4.639	-0.0459307	-0.0459307
mutation1423	101	101	47.126	0.466594	0.466594
mutation1424	101	101	10.836	0.107287	0.107287
mutation1425	101	101	-14.688	-0.145426	-0.145426
mutation1426	101	101	-0.896	-0.00887129	-0.00887129
mutation1427	101	101	9.379	0.0928614	0.0928614
mutation1428	101	101	7.326	0.0725347	0.0725347
mutation1429	101	101	7.337	0.0726436	0.0726436
mutation1430	101	101	-5.829	-0.0577129	-0.0577129
mutation1431	101	101	10.469	0.103653	0.103653
mutation1432	101	101	6.522	0.0645743	0.0645743
mutation1433	101	101	7.579	0.0750396	0.0750396
mutation1434	101	101	34.995	0.346485	0.346485
mutation1435	101	101	10.815	0.107079	0.107079
mutation1436	101	101	56.287	0.557297	0.557297
mutation1437	101	101	8.178	0.0809703	0.0809703
mutation1438	101	101	10.901	0.107931	0.107931
mutation1439	101	101	22.575	0.223515	0.223515
mutation1440	101	101	12.117	0.11997	0.11997
mutation1441	101	101	14.759	0.146129	0.146129
mutation1442	101	101	-3.251	-0.0321881	-0.0321881
mutation1443	101	101	0.854	0.00845544	0.00845544
mutation1444	101	101	-6.273	-0.0621089	-0.0621089
mutation1445	101	101	26.019	0.257614	0.257614
mutation1446	101	101	9.181	0.090901	0.090901
mutation1447	101	101	13.774	0.136376	0.136376
mutation1448	101	101	15.618	0.154634	0.154634
mutation1449	101	101	17.786	0.176099	0.176099
mutation1450	101	101	11.273	0.111614	0.111614
mutation1451	101	101	8.309	0.0822673	0.0822673
mutation1452	101	101	14.813	0.146663	0.146663
mutation1453	101	101	11.824	0.117069	0.117069
mutation1454	101	0	0	0	0
mutation1455	101	94	5.403	0.0534951	0.0574787
mutation1456	101	101	3.775	0.0373762	0.0373762
mutation1457	101	101	-1.962	-0.0194257	-0.0194257
mutation1458	101	101	24.03	0.237921	0.237921
mutation1459	101	101	-7.488	-0.0741386	-0.0741386
mutation1460	101	0	0	0	0
mutation1461	101	0	0	0	0
mutation1462	101	101	17.556	0.173822	0.173822
mutation1463	101	101	40.509	0.401079	0.401079
mutation1464	101	101	-8.843	-0.0875545	-0.0875545
mutation1465	101	101	14.364	0.142218	0.142218
mutation1466	101	101	16.767	0.16601	0.16601
mutation1467	101	101	-1.053	-0.0104257	-0.0104257
mutation1468	101	101	8.553	0.0846832	0.0846832
mutation1469	101	101	-8.147	-0.0806634	-0.0806634
mutation1470	101	101	12.614	0.124891	0.124891
mutation1471	101	101	-7.451	-0.0737723	-0.0737723
mutation1472	101	101	2.193	0.0217129	0.0217129
mutation1473	101	101	-5	-0.0495049	-0.0495049
mutation1474	101	101	23.715	0.234802	0.234802
mutation1475	101	101	7.558	0.0748317	0.0748317
mutation1476	101	101	-12.049	-0.119297	-0.119297
mutation1477	101	101	10.587	0.104822	0.104822
mutation1478	101	101	37.989	0.376129	0.376129
mutation1479	101	101	20.535	0.203317	0.203317
mutation1480	101	101	19.469	0.192762	0.192762
mutation1481	101	101	72.635	0.719158	0.719158
mutation1482	101	101	15.72	0.155644	0.155644
mutation1483	101	101	14.739	0.145931	0.145931
mutation1484	101	101	5.697	0.0564059	0.0564059
mutation1485	101	101	21.833	0.216168	0.216168
mutation1486	101	101	77.03	0.762673	0.762673
mutation1487	101	101	-6.06	-0.06	-0.06
mutation1488	101	101	5.916	0.0585743	0.0585743
mutation1489	101	101	3.065	0.0303465	0.0303465
mutation1490	101	101	8.84	0.0875248	0.0875248
mutation1491	101	101	0.387	0.00383168	0.00383168
mutation1492	101	101	10.912	0.10804	0.10804
mutation1493	101	101	11.247	0.111356	0.111356
mutation1494	101	101	-105.006	-1.03966	-1.03966
mutation1495	101	101	-1.174	-0.0116238	-0.0116238
mutation1496	101	101	1.765	0.0174752	0.0174752
mutation1497	101	101	-16.708	-0.165426	-0.165426
mutation1498	101	101	6.223	0.0616139	0.0616139
mutation1499	101	101	23.563	0.233297	0.233297
mutation1500	101	101	2.197	0.0217525	0.0217525
mutation1501	101	101	9.316	0.0922376	0.0922376
mutation1502	101	101	3.444	0.034099	0.034099
mutation1503	101	101	7.533	0.0745842	0.0745842
mutation1504	101	101	11.555	0.114406	0.114406
mutation1505	101	101	6.848	0.067802	0.067802
mutation1506	101	101	18.181	0.18001	0.18001
mutation1507	101	101	0.207999	0.0020594	0.0020594
mutation1508	101	101	16.008	0.158495	0.158495
mutation1509	101	101	15.907	0.157495	0.157495
mutation1510	101	101	19.082	0.188931	0.188931
mutation1511	101	101	52.406	0.518871	0.518871
mutation1512	101	101	-27.003	-0.267356	-0.267356
mutation1513	101	101	8.066	0.0798614	0.0798614
mutation1514	101	101	5.004	0.0495446	0.0495446
mutation1515	101	101	47.789	0.473158	0.473158
mutation1516	101	101	14.267	0.141257	0.141257
mutation1517	101	101	-15.145	-0.14995	-0.14995
mutation1518	101	101	30.537	0.302347	0.302347
mutation1519	101	101	16.498	0.163347	0.163347
mutation1520	101	101	40.844	0.404396	0.404396
mutation1521	101	101	85.471	0.846248	0.846248
mutation1522	101	101	24.823	0.245772	0.245772
mutation1523	101	101	14.475	0.143317	0.143317
mutation1524	101	101	45.014	0.445683	0.445683
mutation1525	101	101	5.905	0.0584654	0.0584654
mutation1526	101	101	23.234	0.23004	0.23004
mutation1527	101	101	-6.71	-0.0664356	-0.0664356
mutation1528	101	101	23.405	0.231733	0.231733
mutation1529	101	101	19.658	0.194634	0.194634
mutation1530	101	101	41.535	0.411238	0.411238
mutation1531	101	101	-10.063	-0.0996337	-0.0996337
mutation1532	101	101	5.417	0.0536337	0.0536337
mutation1533	101	101	12.775	0.126485	0.126485
mutation1534	101	101	44.182	0.437446	0.437446
mutation1535	101	101	-3.86	-0.0382178	-0.0382178
mutation1536	101	101	-3.357	-0.0332376	-0.0332376
mutation1537	101	101	10.208	0.101069	0.101069
mutation1538	101	101	15.068	0.149188	0.149188
mutation1539	101	101	13.017	0.128881	0.128881
mutation1540	101	101	1.879	0.018604	0.018604
mutation1541	101	101	-1.143	-0.0113168	-0.0113168
mutation1542	101	101	57.835	0.572624	0.572624
mutation1543	101	101	-6.189	-0.0612772	-0.0612772
mutation1544	101	101	5.192	0.0514059	0.0514059
mutation1545	101	101	25.536	0.252832	0.252832
mutation1546	101	101	56.518	0.559584	0.559584
mutation1547	101	101	13.43	0.13297	0.13297
mutation1548	101	101	21.023	0.208149	0.208149
mutation1549	101	101	5.624	0.0556832	0.0556832
mutation1550	101	101	24.482	0.242396	0.242396
mutation1551	101	101	40.188	0.397901	0.397901
mutation1552	101	101	4.963	0.0491386	0.0491386
mutation1553	101	101	-0.58	-0.00574257	-0.00574257
mutation1554	101	101	-15.991	-0.158327	-0.158327
mutation1555	101	101	0.192	0.00190099	0.00190099
mutation1556	101	101	-3.646	-0.036099	-0.036099
mutation1557	101	101	-4.89	-0.0484158	-0.0484158
mutation1558	101	101	24.094	0.238554	0.238554
mutation1559	101	0	0	0	0
mutation1560	101	101	1.828	0.018099	0.018099
mutation1561	101	101	18.034	0.178554	0.178554
mutation1562	101	101	3.689	0.0365248	0.0365248
mutation1563	101	101	-1.703	-0.0168614	-0.0168614
mutation1564	101	101	-10.729	-0.106228	-0.106228
mutation1565	101	101	17.774	0.17598	0.17598
mutation1566	101	101	-5.108	-0.0505743	-0.0505743
mutation1567	101	101	13.482	0.133485	0.133485
mutation1568	101	101	26.081	0.258228	0.258228
mutation1569	101	0	0	0	0
mutation1570	101	101	21.227	0.210168	0.210168
mutation1571	101	101	15.559	0.15405	0.15405
mutation1572	101	101	5.566	0.0551089	0.0551089
mutation1573	101	101	4.58	0.0453465	0.0453465
mutation1574	101	101	8.253	0.0817129	0.0817129
mutation1575	101	101	-17.059	-0.168901	-0.168901
mutation1576	101	101	-0.276	-0.00273268	-0.00273268
mutation1577	101	101	25.671	0.254168	0.254168
mutation1578	101	101	27.749	0.274743	0.274743
mutation1579	101	101	19.396	0.19204	0.19204
mutation1580	101	0	0	0	0
mutation1581	101	101	0.321001	0.00317822	0.00317822
mutation1582	101	101	53.357	0.528287	0.528287
mutation1583	101	101	9.307	0.0921485	0.0921485
mutation1584	101	101	55.356	0.548079	0.548079
mutation1585	101	101	8.031	0.0795148	0.0795148
mutation1586	101	101	73.603	0.728743	0.728743
mutation1587	101	101	22.555	0.223317	0.223317
mutation1588	101	101	85.105	0.842624	0.842624
mutation1589	101	101	3.991	0.0395149	0.0395149
mutation1590	101	101	49.25	0.487624	0.487624
mutation1591	101	101	4.78	0.0473267	0.0473267
mutation1592	101	101	18.502	0.183188	0.183188
mutation1593	101	101	17.759	0.175832	0.175832
mutation1594	101	101	-1.443	-0.0142871	-0.0142871
mutation1595	101	101	11.346	0.112337	0.112337
mutation1596	101	101	46.535	0.460743	0.460743
mutation1597	101	101	1.77	0.0175248	0.0175248
mutation1598	101	101	34.81	0.344653	0.344653
mutation1599	101	101	-8.634	-0.0854852	-0.0854852
mutation1600	101	101	19.312	0.191208	0.191208
mutation1601	101	101	7.737	0.076604	0.076604
mutation1602	101	101	-6.888	-0.068198	-0.068198
mutation1603	101	101	-5.112	-0.0506139	-0.0506139
mutation1604	101	101	11.645	0.115297	0.115297
mutation1605	101	101	4.33	0.0428713	0.0428713
mutation1606	101	0	0	0	0
mutation1607	101	101	3.361	0.0332772	0.0332772
mutation1608	101	101	-0.0719997	-0.000712869	-0.000712869
mutation1609	101	101	2.104	0.0208317	0.0208317
mutation1610	101	101	12.9	0.127723	0.127723
mutation1611	101	101	17.949	0.177713	0.177713
mutation1612	101	101	15.07	0.149208	0.149208
mutation1613	101	101	10.911	0.10803	0.10803
mutation1614	101	101	78.051	0.772782	0.772782
mutation1615	101	101	10.546	0.104416	0.104416
mutation1616	101	101	15.756	0.156	0.156
mutation1617	101	101	25.595	0.253416	0.253416
mutation1618	101	101	11.527	0.114129	0.114129
mutation1619	101	101	2.361	0.0233762	0.0233762
mutation1620	101	101	59.852	0.592594	0.592594
mutation1621	101	101	22.951	0.227238	0.227238
mutation1622	101	101	-7.61	-0.0753465	-0.0753465
mutation1623	101	101	12.662	0.125366	0.125366
mutation1624	101	101	23.444	0.232119	0.232119
mutation1625	101	101	48.557	0.480762	0.480762
mutation1626	101	101	-12.989	-0.128604	-0.128604
mutation1627	101	101	17.923	0.177455	0.177455
mutation1628	101	101	-34.267	-0.339277	-0.339277
mutation1629	101	0	0	0	0
mutation1630	101	101	16.154	0.159941	0.159941
mutation1631	101	101	-12.811	-0.126842	-0.126842
mutation1632	101	101	10.971	0.108624	0.108624
mutation1633	101	101	-17.821	-0.176446	-0.176446
mutation1634	101	101	31.856	0.315406	0.315406
mutation1635	101	0	0	0	0
mutation1636	101	101	10.146	0.100455	0.100455
mutation1637	101	101	6.088	0.0602772	0.0602772
mutation1638	101	101	12.542	0.124178	0.124178
mutation1639	101	101	4.565	0.045198	0.045198
mutation1640	101	101	22.804	0.225782	0.225782
mutation1641	101	101	2.84	0.0281188	0.0281188
mutation1642	101	101	6.185	0.0612376	0.0612376
mutation1643	101	101	19.334	0.191426	0.191426
mutation1644	101	0	0	0	0
mutation1645	101	101	30.206	0.299069	0.299069
mutation1646	101	101	4.858	0.048099	0.048099
mutation1647	101	101	-2.779	-0.0275148	-0.0275148
mutation1648	101	101	42.257	0.418386	0.418386
mutation1649	101	101	26.656	0.263921	0.263921
mutation1650	101	101	48.108	0.476317	0.476317
mutation1651	101	101	5.204	0.0515248	0.0515248
mutation1652	101	101	23.849	0.236129	0.236129
mutation1653	101	101	15.468	0.153149	0.153149
mutation1654	101	101	43.769	0.433356	0.433356
mutation1655	101	101	-18.916	-0.187287	-0.187287
mutation1656	101	101	16.704	0.165386	0.165386
mutation1657	101	101	-3.713	-0.0367624	-0.0367624
mutation1658	101	101	21.118	0.209089	0.209089
mutation1659	101	101	-9.651	-0.0955545	-0.0955545
mutation1660	101	101	58.66	0.580792	0.580792
mutation1661	101	101	22.44	0.222178	0.222178
mutation1662	101	101	36.856	0.364911	0.364911
mutation1663	101	101	7.854	0.0777624	0.0777624
mutation1664	101	101	18.908	0.187208	0.187208
mutation1665	101	101	-3.578	-0.0354257	-0.0354257
mutation1666	101	101	19.995	0.19797	0.19797
mutation1667	101	101	-11.014	-0.10905	-0.10905
mutation1668	101	101	14.57	0.144257	0.144257
mutation1669	101	101	5.204	0.0515248	0.0515248
mutation1670	101	101	2.694	0.0266733	0.0266733
mutation1671	101	101	29.745	0.294505	0.294505
mutation1672	101	101	-5.166	-0.0511485	-0.0511485
mutation1673	101	101	21.314	0.21103	0.21103
mutation1674	101	101	14.175	0.140347	0.140347
mutation1675	101	101	25.321	0.250703	0.250703
mutation1676	101	101	2.061	0.0204059	0.0204059
mutation1677	101	101	15.758	0.15602	0.15602
mutation1678	101	101	-3.388	-0.0335446	-0.0335446
mutation1679	101	101	34.238	0.33899	0.33899
mutation1680	101	101	0.708	0.0070099	0.0070099
mutation1681	101	101	-20.5	-0.20297	-0.20297
mutation1682	101	101	-11.759	-0.116426	-0.116426
mutation1683	101	101	14.165	0.140248	0.140248
mutation1684	101	101	9.032	0.0894257	0.0894257
mutation1685	101	101	8.209	0.0812772	0.0812772
mutation1686	101	101	21.484	0.212713	0.212713
mutation1687	101	101	96.459	0.95504	0.95504
mutation1688	101	101	11.04	0.109307	0.109307
mutation1689	101	101	32.392	0.320713	0.320713
mutation1690	101	101	13.704	0.135683	0.135683
mutation1691	101	101	-13.506	-0.133723	-0.133723
mutation1692	101	101	20.253	0.200525	0.200525
mutation1693	101	101	5.341	0.0528812	0.0528812
mutation1694	101	101	5.264	0.0521188	0.0521188
mutation1695	101	101	5.037	0.0498713	0.0498713
mutation1696	101	101	7.565	0.074901	0.074901
mutation1697	101	101	-30.158	-0.298594	-0.298594
mutation1698	101	101	26.804	0.265386	0.265386
mutation1699	101	101	50.309	0.498109	0.498109
mutation1700	101	101	-1.974	-0.0195446	-0.0195446
mutation1701	101	101	24.317	0.240762	0.240762
mutation1702	101	101	-1.681	-0.0166436	-0.0166436
mutation1703	101	101	7.38	0.0730693	0.0730693
mutation1704	101	101	7.524	0.074495	0.074495
mutation1705	101	101	31.918	0.31602	0.31602
mutation1706	101	101	2.964	0.0293465	0.0293465
mutation1707	101	101	9.105	0.0901485	0.0901485
mutation1708	101	101	-9.407	-0.0931386	-0.0931386
mutation1709	101	101	22.471	0.222485	0.222485
mutation1710	101	101	10.26	0.101584	0.101584
mutation1711	101	101	20.351	0.201495	0.201495
mutation1712	101	101	8.981	0.0889208	0.0889208
mutation1713	101	101	4.179	0.0413762	0.0413762
mutation1714	101	101	4.762	0.0471485	0.0471485
mutation1715	101	101	12.154	0.120337	0.120337
mutation1716	101	101	-19.082	-0.188931	-0.188931
mutation1717	101	101	1.148	0.0113663	0.0113663
mutation1718	101	101	5.069	0.0501881	0.0501881
mutation1719	101	101	-3.887	-0.0384851	-0.0384851
mutation1720	101	101	14.041	0.13902	0.13902
mutation1721	101	101	29.871	0.295752	0.295752
mutation1722	101	101	-1.475	-0.014604	-0.014604
mutation1723	101	101	8.742	0.0865545	0.0865545
mutation1724	101	101	26.875	0.266089	0.266089
mutation1725	101	101	24.554	0.243109	0.243109
mutation1726	101	101	-2.44	-0.0241584	-0.0241584
mutation1727	101	101	18.008	0.178297	0.178297
mutation1728	101	101	8.18	0.0809901	0.0809901
mutation1729	101	101	-11.073	-0.109634	-0.109634
mutation1730	101	101	-2.817	-0.0278911	-0.0278911
mutation1731	101	101	4.761	0.0471386	0.0471386
mutation1732	101	101	10.102	0.10002	0.10002
mutation1733	101	101	6.266	0.0620396	0.0620396
mutation1734	101	101	1.555	0.015396	0.015396
mutation1735	101	101	10.204	0.10103	0.10103
mutation1736	101	101	14.017	0.138782	0.138782
mutation1737	101	101	12.542	0.124178	0.124178
mutation1738	101	101	10.357	0.102545	0.102545
mutation1739	101	0	0	0	0
mutation1740	101	101	64.438	0.638	0.638
mutation1741	101	101	11.217	0.111059	0.111059
mutation1742	101	101	14.245	0.14104	0.14104
mutation1743	101	101	-3.181	-0.0314951	-0.0314951
mutation1744	101	101	-91.652	-0.907446	-0.907446
mutation1745	101	101	103.518	1.02493	1.02493
mutation1746	101	101	-1.859	-0.0184059	-0.0184059
mutation1747	101	101	66.004	0.653505	0.653505
mutation1748	101	101	9.443	0.0934951	0.0934951
mutation1749	101	101	11.077	0.109673	0.109673
mutation1750	101	101	16.605	0.164406	0.164406
mutation1751	101	101	-10.598	-0.104931	-0.104931
mutation1752	101	101	4.406	0.0436238	0.0436238
mutation1753	101	101	6.528	0.0646337	0.0646337
mutation1754	101	101	83.12	0.82297	0.82297
mutation1755	101	101	5.025	0.0497525	0.0497525
mutation1756	101	101	10.665	0.105594	0.105594
mutation1757	101	101	23.115	0.228861	0.228861
mutation1758	101	101	25.502	0.252495	0.252495
mutation1759	101	101	2.28	0.0225743	0.0225743
mutation1760	101	101	17.093	0.169238	0.169238
mutation1761	101	101	-4.773	-0.0472574	-0.0472574
mutation1762	101	101	3.532	0.0349703	0.0349703
mutation1763	101	101	3.291	0.0325842	0.0325842
mutation1764	101	101	32.849	0.325238	0.325238
mutation1765	101	101	20.376	0.201743	0.201743
mutation1766	101	101	10.237	0.101356	0.101356
mutation1767	101	101	-8.104	-0.0802376	-0.0802376
mutation1768	101	101	10.65	0.105446	0.105446
mutation1769	101	101	24.823	0.245772	0.245772
mutation1770	101	101	-11.462	-0.113485	-0.113485
mutation1771	101	101	-1.291	-0.0127822	-0.0127822
mutation1772	101	101	65.797	0.651455	0.651455
mutation1773	101	101	4.899	0.048505	0.048505
mutation1774	101	101	7.023	0.0695347	0.0695347
mutation1775	101	101	22.038	0.218198	0.218198
mutation1776	101	101	11.902	0.117842	0.117842
mutation1777	101	101	25.619	0.253653	0.253653
mutation1778	101	101	-3.655	-0.0361881	-0.0361881
mutation1779	101	101	-28.881	-0.28595	-0.28595
mutation1780	101	101	30.055	0.297574	0.297574
mutation1781	101	101	40.005	0.396089	0.396089
mutation1782	101	101	33.335	0.33005	0.33005
mutation1783	101	101	-10.906	-0.10798	-0.10798
mutation1784	101	101	43.437	0.430069	0.430069
mutation1785	101	101	19.684	0.194891	0.194891
mutation1786	101	101	-5.412	-0.0535842	-0.0535842
mutation1787	101	101	23.043	0.228149	0.228149
mutation1788	101	101	-58.137	-0.575614	-0.575614
mutation1789	101	101	46.208	0.457505	0.457505
mutation1790	101	101	-1.885	-0.0186634	-0.0186634
mutation1791	101	101	-3.515	-0.034802	-0.034802
mutation1792	101	101	0.346001	0.00342575	0.00342575
mutation1793	101	101	3.826	0.0378812	0.0378812
mutation1794	101	101	19.146	0.189564	0.189564
mutation1795	101	101	9.589	0.0949406	0.0949406
mutation1796	101	101	2.538	0.0251287	0.0251287
mutation1797	101	101	9.854	0.0975644	0.0975644
mutation1798	101	101	-5.179	-0.0512772	-0.0512772
mutation1799	101	101	14.44	0.14297	0.14297
mutation1800	101	101	7.375	0.0730198	0.0730198
mutation1801	101	101	5.65	0.0559406	0.0559406
mutation1802	101	101	0.359	0.00355446	0.00355446
mutation1803	101	101	11.317	0.11205	0.11205
mutation1804	101	101	-6.223	-0.0616139	-0.0616139
mutation1805	101	101	9.524	0.094297	0.094297
mutation1806	101	101	4.346	0.0430297	0.0430297
mutation1807	101	101	4.22	0.0417822	0.0417822
mutation1808	101	101	-24.578	-0.243347	-0.243347
mutation1809	101	101	24.456	0.242139	0.242139
mutation1810	101	101	66.438	0.657802	0.657802
mutation1811	101	101	2.698	0.0267129	0.0267129
mutation1812	101	101	3.877	0.0383861	0.0383861
mutation1813	101	101	17.856	0.176792	0.176792
mutation1814	101	101	6.893	0.0682475	0.0682475
mutation1815	101	101	23.211	0.229812	0.229812
mutation1816	101	101	29.329	0.290386	0.290386
mutation1817	101	101	11.864	0.117465	0.117465
mutation1818	101	101	18.039	0.178604	0.178604
mutation1819	101	101	24.669	0.244248	0.244248
mutation1820	101	101	29.869	0.295733	0.295733
mutation1821	101	101	12.775	0.126485	0.126485
mutation1822	101	101	10.86	0.107525	0.107525
mutation1823	101	101	29.694	0.294	0.294
mutation1824	101	101	36.265	0.359059	0.359059
mutation1825	101	101	15.153	0.15003	0.15003
mutation1826	101	101	6.738	0.0667129	0.0667129
mutation1827	101	101	19.725	0.195297	0.195297
mutation1828	101	101	17.834	0.176574	0.176574
mutation1829	101	101	28.492	0.282099	0.282099
mutation1830	101	101	15.241	0.150901	0.150901
mutation1831	101	101	10.569	0.104644	0.104644
mutation1832	101	101	2.496	0.0247129	0.0247129
mutation1833	101	101	18.656	0.184713	0.184713
mutation1834	101	101	27.708	0.274337	0.274337
mutation1835	101	101	3.785	0.0374752	0.0374752
mutation1836	101	101	19.369	0.191772	0.191772
mutation1837	101	101	74.145	0.734109	0.734109
mutation1838	101	0	0	0	0
mutation1839	101	101	19.024	0.188356	0.188356
mutation1840	101	101	26.874	0.266079	0.266079
mutation1841	101	101	-0.53	-0.00524752	-0.00524752
mutation1842	101	101	57.881	0.573079	0.573079
mutation1843	101	101	42.207	0.417891	0.417891
mutation1844	101	101	9.641	0.0954554	0.0954554
mutation1845	101	101	4.926	0.0487723	0.0487723
mutation1846	101	101	42.666	0.422436	0.422436
mutation1847	101	101	17.064	0.16895	0.16895
mutation1848	101	101	10.284	0.101822	0.101822
mutation1849	101	101	-49.163	-0.486762	-0.486762
mutation1850	101	101	22.106	0.218871	0.218871
mutation1851	101	101	-4.193	-0.0415148	-0.0415148
mutation1852	101	101	13.904	0.137663	0.137663
mutation1853	101	101	15.494	0.153406	0.153406
mutation1854	101	101	21.941	0.217238	0.217238
mutation1855	101	101	24.154	0.239149	0.239149
mutation1856	101	101	0.625	0.00618812	0.00618812
mutation1857	101	101	46.676	0.462139	0.462139
mutation1858	101	101	1.002	0.00992079	0.00992079
mutation1859	101	101	20.828	0.206218	0.206218
mutation1860	101	101	-40.82	-0.404158	-0.404158
mutation1861	101	101	18.479	0.18296	0.18296
mutation1862	101	101	46.205	0.457475	0.457475
mutation1863	101	101	42.68	0.422574	0.422574
mutation1864	101	101	18.35	0.181683	0.181683
mutation1865	101	101	15.735	0.155792	0.155792
mutation1866	101	101	-7.663	-0.0758713	-0.0758713
mutation1867	101	101	5.433	0.0537921	0.0537921
mutation1868	101	101	24.201	0.239614	0.239614
mutation1869	101	101	17.025	0.168564	0.168564
mutation1870	101	101	9.489	0.0939505	0.0939505
mutation1871	101	101	51.865	0.513515	0.513515
mutation1872	101	101	23.516	0.232832	0.232832
mutation1873	101	0	0	0	0
mutation1874	101	101	27.405	0.271337	0.271337
mutation1875	101	101	2.306	0.0228317	0.0228317
mutation1876	101	101	21.45	0.212376	0.212376
mutation1877	101	101	24.669	0.244248	0.244248
mutation1878	101	101	-4.622	-0.0457624	-0.0457624
mutation1879	101	101	-10.282	-0.101802	-0.101802
mutation1880	101	101	-9.647	-0.0955149	-0.0955149
mutation1881	101	101	15.756	0.156	0.156
mutation1882	101	101	-3.591	-0.0355545	-0.0355545
mutation1883	101	101	8.855	0.0876733	0.0876733
mutation1884	101	101	5.567	0.0551188	0.0551188
mutation1885	101	101	-4.012	-0.0397228	-0.0397228
mutation1886	101	101	15.287	0.151356	0.151356
mutation1887	101	0	0	0	0
mutation1888	101	101	0.964999	0.00955445	0.00955445
mutation1889	101	101	14.147	0.140069	0.140069
mutation1890	101	101	9.053	0.0896337	0.0896337
mutation1891	101	101	11.395	0.112822	0.112822
mutation1892	101	101	1.408	0.0139406	0.0139406
mutation1893	101	101	3.831	0.0379307	0.0379307
mutation1894	101	101	-2.73	-0.0270297	-0.0270297
mutation1895	101	0	0	0	0
mutation1896	101	101	7.084	0.0701386	0.0701386
mutation1897	101	101	21.596	0.213822	0.213822
mutation1898	101	101	-1.285	-0.0127228	-0.0127228
mutation1899	101	101	-7.129	-0.0705842	-0.0705842
mutation1900	101	101	29.31	0.290198	0.290198
mutation1901	101	101	-5.305	-0.0525248	-0.0525248
mutation1902	101	101	5.007	0.0495743	0.0495743
mutation1903	101	101	6.668	0.0660198	0.0660198
mutation1904	101	101	19.622	0.194277	0.194277
mutation1905	101	101	15.429	0.152762	0.152762
mutation1906	101	101	17.978	0.178	0.178
mutation1907	101	101	4.758	0.0471089	0.0471089
mutation1908	101	101	77.694	0.769248	0.769248
mutation1909	101	101	13.504	0.133703	0.133703
mutation1910	101	101	9.872	0.0977426	0.0977426
mutation1911	101	101	6.082	0.0602178	0.0602178
mutation1912	101	101	8.04	0.079604	0.079604
mutation1913	101	101	14.501	0.143574	0.143574
mutation1914	101	101	-5.344	-0.0529109	-0.0529109
mutation1915	101	101	27.871	0.27595	0.27595
mutation1916	101	101	8.332	0.0824951	0.0824951
mutation1917	101	101	14.025	0.138861	0.138861
mutation1918	101	101	55.629	0.550782	0.550782
mutation1919	101	101	26.846	0.265802	0.265802
mutation1920	101	0	0	0	0
mutation1921	101	101	19.985	0.197871	0.197871
mutation1922	101	101	-10.022	-0.0992277	-0.0992277
mutation1923	101	101	2.533	0.0250792	0.0250792
mutation1924	101	101	22.673	0.224485	0.224485
mutation1925	101	101	2.088	0.0206733	0.0206733
mutation1926	101	101	6.331	0.0626832	0.0626832
mutation1927	101	101	28.266	0.279861	0.279861
mutation1928	101	101	6.893	0.0682475	0.0682475
mutation1929	101	101	18.126	0.179465	0.179465
mutation1930	101	0	0	0	0
mutation1931	101	101	22.402	0.221802	0.221802
mutation1932	101	101	5.872	0.0581386	0.0581386
mutation1933	101	101	-4.761	-0.0471386	-0.0471386
mutation1934	101	101	5.161	0.051099	0.051099
mutation1935	101	101	7.09	0.070198	0.070198
mutation1936	101	101	-4.392	-0.0434851	-0.0434851
mutation1937	101	101	14.773	0.146267	0.146267
mutation1938	101	101	13.811	0.136743	0.136743
mutation1939	101	101	4.312	0.0426931	0.0426931
mutation1940	101	101	19.201	0.190109	0.190109
mutation1941	101	101	11.354	0.112416	0.112416
mutation1942	101	0	0	0	0
mutation1943	101	101	20.601	0.20397	0.20397
mutation1944	101	101	-9.828	-0.0973069	-0.0973069
mutation1945	101	101	8.553	0.0846832	0.0846832
mutation1946	101	101	-0.399	-0.00395049	-0.00395049
mutation1947	101	101	17.35	0.171782	0.171782
mutation1948	101	101	9.861	0.0976337	0.0976337
mutation1949	101	101	-16.364	-0.16202	-0.16202
mutation1950	101	101	16.311	0.161495	0.161495
mutation1951	101	101	5.69	0.0563366	0.0563366
mutation1952	101	101	2.665	0.0263861	0.0263861
mutation1953	101	101	0.247	0.00244554	0.00244554
mutation1954	101	101	4.425	0.0438119	0.0438119
mutation1955	101	101	-26.558	-0.26295	-0.26295
mutation1956	101	101	52.781	0.522584	0.522584
mutation1957	101	101	5.711	0.0565446	0.0565446
mutation1958	101	101	24.104	0.238653	0.238653
mutation1959	101	101	16.97	0.16802	0.16802
mutation1960	101	101	-0.325	-0.00321782	-0.00321782
mutation1961	101	101	8.236	0.0815446	0.0815446
mutation1962	101	101	9.093	0.0900297	0.0900297
mutation1963	101	101	0.954	0.00944555	0.00944555
mutation1964	101	101	-8.228	-0.0814653	-0.0814653
mutation1965	101	101	-20.444	-0.202416	-0.202416
mutation1966	101	101	-5.775	-0.0571782	-0.0571782
mutation1967	101	101	15.265	0.151139	0.151139
mutation1968	101	101	13.026	0.12897	0.12897
mutation1969	101	101	21.674	0.214594	0.214594
mutation1970	101	101	-0.537	-0.00531683	-0.00531683
mutation1971	101	101	23.285	0.230545	0.230545
mutation1972	101	0	0	0	0
mutation1973	101	101	-22.575	-0.223515	-0.223515
mutation1974	101	101	-15.822	-0.156653	-0.156653
mutation1975	101	101	12.937	0.128089	0.128089
mutation1976	101	101	2.042	0.0202178	0.0202178
mutation1977	101	101	5.404	0.0535049	0.0535049
mutation1978	101	101	11.429	0.113158	0.113158
mutation1979	101	101	5.425	0.0537129	0.0537129
mutation1980	101	101	-17.44	-0.172673	-0.172673
mutation1981	101	101	17.399	0.172267	0.172267
mutation1982	101	101	9.608	0.0951287	0.0951287
mutation1983	101	101	-8.44	-0.0835644	-0.0835644
mutation1984	101	101	17.212	0.170416	0.170416
mutation1985	101	101	-1.488	-0.0147327	-0.0147327
mutation1986	101	101	4.035	0.0399505	0.0399505
mutation1987	101	101	9.787	0.096901	0.096901
mutation1988	101	101	21.859	0.216426	0.216426
mutation1989	101	100	1.238	0.0122574	0.01238
mutation1990	101	101	15.341	0.151891	0.151891
mutation1991	101	101	-3.834	-0.0379604	-0.0379604
mutation1992	101	101	19.836	0.196396	0.196396
mutation1993	101	101	22.836	0.226099	0.226099
mutation1994	101	101	3.929	0.038901	0.038901
mutation1995	101	101	-1.365	-0.0135148	-0.0135148
mutation1996	101	101	12.443	0.123198	0.123198
mutation1997	101	101	27.145	0.268762	0.268762
mutation1998	101	101	-3.895	-0.0385644	-0.0385644
mutation1999	101	101	-109.885	-1.08797	-1.08797
mutation2000	101	101	20.906	0.20699	0.20699
mutation2001	101	101	35.601	0.352485	0.352485
mutation2002	101	101	-0.387	-0.00383169	-0.00383169
mutation2003	101	101	13.377	0.132446	0.132446
mutation2004	101	101	34.545	0.34203	0.34203
mutation2005	101	101	16.429	0.162663	0.162663
mutation2006	101	101	-3.693	-0.0365644	-0.0365644
mutation2007	101	101	7.426	0.0735248	0.0735248
mutation2008	101	101	15.323	0.151713	0.151713
mutation2009	101	101	11.236	0.111248	0.111248
mutation2010	101	101	-11.901	-0.117832	-0.117832
mutation2011	101	101	32.23	0.319109	0.319109
mutation2012	101	101	-6.689	-0.0662277	-0.0662277
mutation2013	101	101	9.435	0.0934158	0.0934158
mutation2014	101	101	-14.426	-0.142832	-0.142832
mutation2015	101	101	24.753	0.245079	0.245079
mutation2016	101	101	-19.394	-0.19202	-0.19202
mutation2017	101	101	25.514	0.252614	0.252614
mutation2018	101	101	17.303	0.171317	0.171317
mutation2019	101	101	13.083	0.129535	0.129535
mutation2020	101	101	10.249	0.101475	0.101475
mutation2021	101	101	73.085	0.723614	0.723614
mutation2022	101	101	6.701	0.0663465	0.0663465
mutation2023	101	101	35.937	0.355812	0.355812
mutation2024	101	101	-0.637	-0.00630693	-0.00630693
mutation2025	101	101	-0.888	-0.00879208	-0.00879208
mutation2026	101	101	2.722	0.0269505	0.0269505
mutation2027	101	101	7.188	0.0711683	0.0711683
mutation2028	101	101	12.308	0.121861	0.121861
mutation2029	101	101	-19.391	-0.19199	-0.19199
mutation2030	101	101	20.54	0.203366	0.203366
mutation2031	101	101	1.122	0.0111089	0.0111089
mutation2032	101	101	27.84	0.275644	0.275644
mutation2033	101	101	6.416	0.0635248	0.0635248
mutation2034	101	101	13.531	0.13397	0.13397
mutation2035	101	101	13.641	0.135059	0.135059
mutation2036	101	101	-55.386	-0.548376	-0.548376
mutation2037	101	101	9.051	0.0896139	0.0896139
mutation2038	101	101	26.498	0.262356	0.262356
mutation2039	101	101	11.221	0.111099	0.111099
mutation2040	101	101	3.611	0.0357525	0.0357525
mutation2041	101	101	9.589	0.0949406	0.0949406
mutation2042	101	101	-7.107	-0.0703663	-0.0703663
mutation2043	101	101	-6.138	-0.0607723	-0.0607723
mutation2044	101	101	5.457	0.0540297	0.0540297
mutation2045	101	101	3.339	0.0330594	0.0330594
mutation2046	101	101	12.839	0.127119	0.127119
mutation2047	101	101	41.343	0.409337	0.409337
mutation2048	101	101	0.401999	0.00398019	0.00398019
mutation2049	101	101	-5.803	-0.0574554	-0.0574554
mutation2050	101	101	3.408	0.0337426	0.0337426
mutation2051	101	101	3.303	0.032703	0.032703
mutation2052	101	101	12.444	0.123208	0.123208
mutation2053	101	101	1.216	0.0120396	0.0120396
mutation2054	101	101	6.731	0.0666436	0.0666436
mutation2055	101	101	0.930999	0.00921781	0.00921781
mutation2056	101	101	35.423	0.350723	0.350723
mutation2057	101	101	10.178	0.100772	0.100772
mutation2058	101	101	35.672	0.353188	0.353188
mutation2059	101	101	0.259	0.00256436	0.00256436
mutation2060	101	101	-0.0349996	-0.000346531	-0.000346531
mutation2061	101	101	-4.114	-0.0407327	-0.0407327
mutation2062	101	101	26.829	0.265634	0.265634
mutation2063	101	101	7.814	0.0773663	0.0773663
mutation2064	101	101	62.915	0.622921	0.622921
mutation2065	101	101	22.333	0.221119	0.221119
mutation2066	101	101	8.656	0.085703	0.085703
mutation2067	101	101	-5.77	-0.0571287	-0.0571287
mutation2068	101	101	9.153	0.0906238	0.0906238
mutation2069	101	101	9.194	0.0910297	0.0910297
mutation2070	101	101	-0.5	-0.0049505	-0.0049505
mutation2071	101	101	17.504	0.173307	0.173307
mutation2072	101	101	22.919	0.226921	0.226921
mutation2073	101	101	6.859	0.0679109	0.0679109
mutation2074	101	101	-2.898	-0.0286931	-0.0286931
mutation2075	101	101	-12.501	-0.123772	-0.123772
mutation2076	101	101	11.113	0.11003	0.11003
mutation2077	101	101	-6.274	-0.0621188	-0.0621188
mutation2078	101	101	14.091	0.139515	0.139515
mutation2079	101	101	15.251	0.151	0.151
mutation2080	101	101	-10.538	-0.104337	-0.104337
mutation2081	101	101	-1.265	-0.0125247	-0.0125247
mutation2082	101	101	12.092	0.119723	0.119723
mutation2083	101	101	-2.316	-0.0229307	-0.0229307
mutation2084	101	101	6.07	0.060099	0.060099
mutation2085	101	101	24.315	0.240743	0.240743
mutation2086	101	101	6.691	0.0662475	0.0662475
mutation2087	101	101	-10.862	-0.107545	-0.107545
mutation2088	101	101	18.927	0.187396	0.187396
mutation2089	101	101	7.301	0.0722871	0.0722871
mutation2090	101	101	11.684	0.115683	0.115683
mutation2091	101	101	8.037	0.0795743	0.0795743
mutation2092	101	101	1.539	0.0152376	0.0152376
mutation2093	101	101	10.933	0.108248	0.108248
mutation2094	101	101	12.312	0.121901	0.121901
mutation2095	101	101	23.265	0.230347	0.230347
mutation2096	101	101	-6.829	-0.0676139	-0.0676139
mutation2097	101	101	15.069	0.149198	0.149198
mutation2098	101	101	26.136	0.258772	0.258772
mutation2099	101	101	-7.289	-0.0721683	-0.0721683
mutation2100	101	101	18.08	0.17901	0.17901
mutation2101	101	101	15.899	0.157416	0.157416
mutation2102	101	101	11.941	0.118228	0.118228
mutation2103	101	101	19.033	0.188446	0.188446
mutation2104	101	101	10.379	0.102762	0.102762
mutation2105	101	101	17.723	0.175475	0.175475
mutation2106	101	101	15.284	0.151327	0.151327
mutation2107	101	101	7.554	0.0747921	0.0747921
mutation2108	101	101	17.245	0.170743	0.170743
mutation2109	101	101	-6.758	-0.0669109	-0.0669109
mutation2110	101	101	-18.208	-0.180277	-0.180277
mutation2111	101	101	31.925	0.316089	0.316089
mutation2112	101	101	6.867	0.0679901	0.0679901
mutation2113	101	101	27.147	0.268782	0.268782
mutation2114	101	101	-6.503	-0.0643861	-0.0643861
mutation2115	101	101	9	0.0891089	0.0891089
mutation2116	101	101	3.642	0.0360594	0.0360594
mutation2117	101	101	14.426	0.142832	0.142832
mutation2118	101	101	12.416	0.122931	0.122931
mutation2119	101	101	24.257	0.240168	0.240168
mutation2120	101	101	17.185	0.170149	0.170149
mutation2121	101	101	23.98	0.237426	0.237426
mutation2122	101	101	26.622	0.263584	0.263584
mutation2123	101	101	21.358	0.211465	0.211465
mutation2124	101	101	10.477	0.103733	0.103733
mutation2125	101	101	-7.739	-0.0766238	-0.0766238
mutation2126	101	101	2.75	0.0272277	0.0272277
mutation2127	101	101	-1.086	-0.0107525	-0.0107525
mutation2128	101	101	13.658	0.135228	0.135228
mutation2129	101	101	-3.066	-0.0303564	-0.0303564
mutation2130	101	101	13.699	0.135634	0.135634
mutation2131	101	101	28.066	0.277881	0.277881
mutation2132	101	101	13.644	0.135089	0.135089
mutation2133	101	101	20.859	0.206525	0.206525
mutation2134	101	101	32.839	0.325139	0.325139
mutation2135	101	101	8.337	0.0825446	0.0825446
mutation2136	101	101	10.113	0.100129	0.100129
mutation2137	101	101	-0.871	-0.00862376	-0.00862376
mutation2138	101	101	24.115	0.238762	0.238762
mutation2139	101	101	10.714	0.106079	0.106079
mutation2140	101	101	-76.767	-0.760069	-0.760069
mutation2141	101	101	1.524	0.0150891	0.0150891
mutation2142	101	101	31.153	0.308446	0.308446
mutation2143	101	101	16.795	0.166287	0.166287
mutation2144	101	101	28.541	0.282584	0.282584
mutation2145	101	101	2.732	0.0270495	0.0270495
mutation2146	101	101	-2.979	-0.029495	-0.029495
mutation2147	101	101	0.878	0.00869307	0.00869307
mutation2148	101	101	13.485	0.133515	0.133515
mutation2149	101	101	24.276	0.240356	0.240356
mutation2150	101	101	7.541	0.0746634	0.0746634
mutation2151	101	101	20.429	0.202267	0.202267
mutation2152	101	101	3.732	0.0369505	0.0369505
mutation2153	101	101	18.878	0.186911	0.186911
mutation2154	101	101	1.718	0.0170099	0.0170099
mutation2155	101	101	4.149	0.0410792	0.0410792
mutation2156	101	101	18.225	0.180446	0.180446
mutation2157	101	101	44.617	0.441752	0.441752
mutation2158	101	101	33.919	0.335832	0.335832
mutation2159	101	101	-2.061	-0.0204059	-0.0204059
mutation2160	101	101	46.457	0.45997	0.45997
mutation2161	101	101	13.696	0.135604	0.135604
mutation2162	101	101	-7.515	-0.0744059	-0.0744059
mutation2163	101	101	14.534	0.143901	0.143901
mutation2164	101	101	78.871	0.780901	0.780901
mutation2165	101	101	10.268	0.101663	0.101663
mutation2166	101	101	13.761	0.136248	0.136248
mutation2167	101	101	23.592	0.233584	0.233584
mutation2168	101	101	8.271	0.0818911	0.0818911
mutation2169	101	101	23.283	0.230525	0.230525
mutation2170	101	101	19.544	0.193505	0.193505
mutation2171	101	101	33.878	0.335426	0.335426
mutation2172	101	101	-13.719	-0.135832	-0.135832
mutation2173	101	101	65.524	0.648752	0.648752
mutation2174	101	101	7.711	0.0763465	0.0763465
mutation2175	101	101	30.137	0.298386	0.298386
mutation2176	101	101	21.018	0.208099	0.208099
mutation2177	101	101	12.022	0.11903	0.11903
mutation2178	101	0	0	0	0
mutation2179	101	101	-7.874	-0.0779604	-0.0779604
mutation2180	101	101	27.386	0.271149	0.271149
mutation2181	101	101	22.725	0.225	0.225
mutation2182	101	101	20.874	0.206673	0.206673
mutation2183	101	101	19.065	0.188762	0.188762
mutation2184	101	101	-16.126	-0.159663	-0.159663
mutation2185	101	101	-13.966	-0.138277	-0.138277
mutation2186	101	101	11.605	0.114901	0.114901
mutation2187	101	0	0	0	0
mutation2188	101	101	-2.755	-0.0272772	-0.0272772
mutation2189	101	101	11.322	0.112099	0.112099
mutation2190	101	101	43.826	0.433921	0.433921
mutation2191	101	101	-0.0149998	-0.000148513	-0.000148513
mutation2192	101	101	-86.402	-0.855465	-0.855465
mutation2193	101	101	23.319	0.230881	0.230881
mutation2194	101	101	3.434	0.034	0.034
mutation2195	101	101	15.378	0.152257	0.152257
mutation2196	101	101	18.779	0.185931	0.185931
mutation2197	101	101	24.5	0.242574	0.242574
mutation2198	101	0	0	0	0
mutation2199	101	101	-3.457	-0.0342277	-0.0342277
mutation2200	101	101	6.125	0.0606436	0.0606436
mutation2201	101	101	85.455	0.846089	0.846089
mutation2202	101	101	13.634	0.13499	0.13499
mutation2203	101	101	28.689	0.28405	0.28405
mutation2204	101	101	-11.288	-0.111762	-0.111762
mutation2205	101	101	3.359	0.0332574	0.0332574
mutation2206	101	101	13.036	0.129069	0.129069
mutation2207	101	101	21.762	0.215465	0.215465
mutation2208	101	101	10.311	0.102089	0.102089
mutation2209	101	101	-6.587	-0.0652178	-0.0652178
mutation2210	101	101	-18.882	-0.18695	-0.18695
mutation2211	101	101	13.945	0.138069	0.138069
mutation2212	101	101	38.956	0.385703	0.385703
mutation2213	101	101	18.06	0.178812	0.178812
mutation2214	101	101	21.035	0.208267	0.208267
mutation2215	101	101	12.256	0.121347	0.121347
mutation2216	101	101	7.329	0.0725644	0.0725644
mutation2217	101	101	22.131	0.219119	0.219119
mutation2218	101	101	31.918	0.31602	0.31602
mutation2219	101	101	15.192	0.150416	0.150416
mutation2220	101	101	14.922	0.147743	0.147743
mutation2221	101	101	15.919	0.157614	0.157614
mutation2222	101	101	-6.747	-0.066802	-0.066802
mutation2223	101	101	73.901	0.731693	0.731693
mutation2224	101	101	3.252	0.032198	0.032198
mutation2225	101	101	4.201	0.0415941	0.0415941
mutation2226	101	101	12.212	0.120911	0.120911
mutation2227	101	101	17.213	0.170426	0.170426
mutation2228	101	101	21.356	0.211446	0.211446
mutation2229	101	0	0	0	0
mutation2230	101	0	0	0	0
mutation2231	101	101	8.135	0.0805446	0.0805446
mutation2232	101	101	-3.858	-0.038198	-0.038198
mutation2233	101	101	6.3	0.0623762	0.0623762
mutation2234	101	101	15.074	0.149248	0.149248
mutation2235	101	101	11.908	0.117901	0.117901
mutation2236	101	101	20.605	0.20401	0.20401
mutation2237	101	101	-0.799	-0.00791089	-0.00791089
mutation2238	101	101	21.407	0.21195	0.21195
mutation2239	101	101	14.988	0.148396	0.148396
mutation2240	101	101	64.32	0.636832	0.636832
mutation2241	101	101	4.076	0.0403564	0.0403564
mutation2242	101	101	11.116	0.110059	0.110059
mutation2243	101	101	19.666	0.194713	0.194713
mutation2244	101	0	0	0	0
mutation2245	101	101	16.442	0.162792	0.162792
mutation2246	101	101	54.23	0.536931	0.536931
mutation2247	101	101	-4.426	-0.0438218	-0.0438218
mutation2248	101	101	10.848	0.107406	0.107406
mutation2249	101	101	-13.058	-0.129287	-0.129287
mutation2250	101	101	27.053	0.267851	0.267851
mutation2251	101	101	3.718	0.0368119	0.0368119
mutation2252	101	101	16.154	0.159941	0.159941
mutation2253	101	101	-20.09	-0.198911	-0.198911
mutation2254	101	101	3.517	0.0348218	0.0348218
mutation2255	101	0	0	0	0
mutation2256	101	101	10.348	0.102455	0.102455
mutation2257	101	101	-0.848	-0.00839604	-0.00839604
mutation2258	101	101	-12.449	-0.123257	-0.123257
mutation2259	101	101	34.364	0.340238	0.340238
mutation2260	101	101	-28.369	-0.280881	-0.280881
mutation2261	101	101	-7.778	-0.0770099	-0.0770099
mutation2262	101	101	-9.647	-0.0955149	-0.0955149
mutation2263	101	101	-17.624	-0.174495	-0.174495
mutation2264	101	101	-0.319	-0.00315842	-0.00315842
mutation2265	101	101	-1.23	-0.0121782	-0.0121782
mutation2266	101	101	12.893	0.127653	0.127653
mutation2267	101	101	6.306	0.0624356	0.0624356
mutation2268	101	101	-15.746	-0.155901	-0.155901
mutation2269	101	101	-2.667	-0.0264059	-0.0264059
mutation2270	101	0	0	0	0
mutation2271	101	101	35.028	0.346812	0.346812
mutation2272	101	101	19.042	0.188535	0.188535
mutation2273	101	101	-31.8	-0.314851	-0.314851
mutation2274	101	101	46.187	0.457297	0.457297
mutation2275	101	101	10.723	0.106168	0.106168
mutation2276	101	101	8.487	0.0840297	0.0840297
mutation2277	101	101	5.724	0.0566733	0.0566733
mutation2278	101	101	1.951	0.0193168	0.0193168
mutation2279	101	101	12.818	0.126911	0.126911
mutation2280	101	101	17.753	0.175772	0.175772
mutation2281	101	101	24.92	0.246733	0.246733
mutation2282	101	101	-19.813	-0.196168	-0.196168
mutation2283	101	101	-0.905	-0.00896039	-0.00896039
mutation2284	101	101	13.112	0.129822	0.129822
mutation2285	101	101	21.453	0.212406	0.212406
mutation2286	101	101	11.906	0.117881	0.117881
mutation2287	101	101	-7.148	-0.0707723	-0.0707723
mutation2288	101	101	26.587	0.263238	0.263238
mutation2289	101	101	9.496	0.0940198	0.0940198
mutation2290	101	101	19.428	0.192356	0.192356
mutation2291	101	101	10.839	0.107317	0.107317
mutation2292	101	101	6.107	0.0604654	0.0604654
mutation2293	101	101	34.735	0.343911	0.343911
mutation2294	101	101	16.166	0.160059	0.160059
mutation2295	101	101	10.072	0.0997228	0.0997228
mutation2296	101	101	4.139	0.0409802	0.0409802
mutation2297	101	101	20.652	0.204475	0.204475
mutation2298	101	101	-0.855999	-0.00847524	-0.00847524
mutation2299	101	101	15.844	0.156871	0.156871
mutation2300	101	101	3.776	0.0373861	0.0373861
mutation2301	101	101	13.289	0.131574	0.131574
mutation2302	101	101	-4.625	-0.0457921	-0.0457921
mutation2303	101	101	22.8	0.225743	0.225743
mutation2304	101	101	-8.866	-0.0877822	-0.0877822
mutation2305	101	101	-15.004	-0.148554	-0.148554
mutation2306	101	101	-22.374	-0.221525	-0.221525
mutation2307	101	101	5.382	0.0532871	0.0532871
mutation2308	101	101	5.515	0.054604	0.054604
mutation2309	101	101	25.217	0.249673	0.249673
mutation2310	101	101	11.489	0.113752	0.113752
mutation2311	101	101	4.145	0.0410396	0.0410396
mutation2312	101	101	11.22	0.111089	0.111089
mutation2313	101	101	16.018	0.158594	0.158594
mutation2314	101	101	0.67	0.00663367	0.00663367
mutation2315	101	101	11.597	0.114822	0.114822
mutation2316	101	101	17.993	0.178149	0.178149
mutation2317	101	101	12.487	0.123634	0.123634
mutation2318	101	101	12.644	0.125188	0.125188
mutation2319	101	101	-1.896	-0.0187723	-0.0187723
mutation2320	101	101	-11.662	-0.115465	-0.115465
mutation2321	101	101	9.419	0.0932574	0.0932574
mutation2322	101	101	2.59	0.0256436	0.0256436
mutation2323	101	101	-8.179	-0.0809802	-0.0809802
mutation2324	101	101	17.949	0.177713	0.177713
mutation2325	101	101	22.776	0.225505	0.225505
mutation2326	101	101	-7.9	-0.0782178	-0.0782178
mutation2327	101	101	18.686	0.18501	0.18501
mutation2328	101	101	27.142	0.268733	0.268733
mutation2329	101	101	13.734	0.13598	0.13598
mutation2330	101	101	8.712	0.0862574	0.0862574
mutation2331	101	101	14.54	0.14396	0.14396
mutation2332	101	101	2.572	0.0254653	0.0254653
mutation2333	101	101	12.914	0.127861	0.127861
mutation2334	101	101	8.486	0.0840198	0.0840198
mutation2335	101	101	14.373	0.142307	0.142307
mutation2336	101	101	5.33	0.0527723	0.0527723
mutation2337	101	101	11.419	0.113059	0.113059
mutation2338	101	101	-5.273	-0.0522079	-0.0522079
mutation2339	101	101	3.82	0.0378218	0.0378218
mutation2340	101	101	5.295	0.0524257	0.0524257
mutation2341	101	101	-6.63	-0.0656436	-0.0656436
mutation2342	101	101	14.871	0.147238	0.147238
mutation2343	101	101	23.502	0.232693	0.232693
mutation2344	101	101	5.588	0.0553267	0.0553267
mutation2345	101	101	-10.271	-0.101693	-0.101693
mutation2346	101	0	0	0	0
mutation2347	101	101	23.384	0.231525	0.231525
mutation2348	101	101	-19.712	-0.195168	-0.195168
mutation2349	101	101	4.412	0.0436832	0.0436832
mutation2350	101	101	2.662	0.0263564	0.0263564
mutation2351	101	101	2.823	0.0279505	0.0279505
mutation2352	101	101	2.768	0.0274059	0.0274059
mutation2353	101	101	20.256	0.200554	0.200554
mutation2354	101	101	7.349	0.0727624	0.0727624
mutation2355	101	101	-11.474	-0.113604	-0.113604
mutation2356	101	101	0.137	0.00135644	0.00135644
mutation2357	101	101	11.207	0.11096	0.11096
mutation2358	101	101	8.56	0.0847525	0.0847525
mutation2359	101	101	-17.848	-0.176713	-0.176713
mutation2360	101	101	17.954	0.177762	0.177762
mutation2361	101	101	-5.851	-0.0579307	-0.0579307
mutation2362	101	101	0.304	0.0030099	0.0030099
mutation2363	101	101	13.948	0.138099	0.138099
mutation2364	101	101	-2.413	-0.0238911	-0.0238911
mutation2365	101	101	-9.884	-0.0978614	-0.0978614
mutation2366	101	101	-1.223	-0.0121089	-0.0121089
mutation2367	101	101	57.999	0.574248	0.574248
mutation2368	101	101	33.277	0.329475	0.329475
mutation2369	101	101	20.849	0.206426	0.206426
mutation2370	101	101	21.448	0.212356	0.212356
mutation2371	101	101	12.751	0.126248	0.126248
mutation2372	101	101	-2.492	-0.0246733	-0.0246733
mutation2373	101	101	9.646	0.0955049	0.0955049
mutation2374	101	101	-8.141	-0.080604	-0.080604
mutation2375	101	101	-4.24	-0.0419802	-0.0419802
mutation2376	101	101	14.187	0.140465	0.140465
mutation2377	101	101	25.576	0.253228	0.253228
mutation2378	101	0	0	0	0
mutation2379	101	101	4.761	0.0471386	0.0471386
mutation2380	101	101	5.102	0.0505149	0.0505149
mutation2381	101	101	-1.28	-0.0126733	-0.0126733
mutation2382	101	101	-44.95	-0.44505	-0.44505
mutation2383	101	101	2.809	0.0278119	0.0278119
mutation2384	101	101	19.182	0.189921	0.189921
mutation2385	101	101	8.179	0.0809802	0.0809802
mutation2386	101	101	0.161001	0.00159407	0.00159407
mutation2387	101	0	0	0	0
mutation2388	101	101	54.315	0.537772	0.537772
mutation2389	101	0	0	0	0
mutation2390	101	101	8.897	0.0880891	0.0880891
mutation2391	101	101	28.246	0.279663	0.279663
mutation2392	101	101	1.284	0.0127129	0.0127129
mutation2393	101	101	-15.194	-0.150436	-0.150436
mutation2394	101	101	20.202	0.20002	0.20002
mutation2395	101	101	52.893	0.523693	0.523693
mutation2396	101	101	11.78	0.116634	0.116634
mutation2397	101	101	18.982	0.187941	0.187941
mutation2398	101	101	35.711	0.353574	0.353574
mutation2399	101	101	18.303	0.181218	0.181218
mutation2400	101	101	-9.054	-0.0896436	-0.0896436
mutation2401	101	101	18.438	0.182554	0.182554
mutation2402	101	101	16.477	0.163139	0.163139
mutation2403	101	101	-7.347	-0.0727426	-0.0727426
mutation2404	101	101	5.52	0.0546535	0.0546535
mutation2405	101	101	13.185	0.130545	0.130545
mutation2406	101	101	10.233	0.101317	0.101317
mutation2407	101	101	-10.022	-0.0992277	-0.0992277
mutation2408	101	101	28.103	0.278248	0.278248
mutation2409	101	101	29.629	0.293356	0.293356
mutation2410	101	101	23.172	0.229426	0.229426
mutation2411	101	101	-2.617	-0.0259109	-0.0259109
mutation2412	101	101	17.454	0.172812	0.172812
mutation2413	101	101	19.842	0.196455	0.196455
mutation2414	101	101	4.868	0.048198	0.048198
mutation2415	101	101	-10.487	-0.103832	-0.103832
mutation2416	101	101	28.279	0.27999	0.27999
mutation2417	101	101	22.531	0.223079	0.223079
mutation2418	101	101	13.519	0.133851	0.133851
mutation2419	101	101	18.407	0.182248	0.182248
mutation2420	101	101	5.88	0.0582178	0.0582178
mutation2421	101	101	33.993	0.336564	0.336564
mutation2422	101	101	9.441	0.0934752	0.0934752
mutation2423	101	101	-23.548	-0.233149	-0.233149
mutation2424	101	101	1.464	0.014495	0.014495
mutation2425	101	101	7.237	0.0716535	0.0716535
mutation2426	101	101	18.47	0.182871	0.182871
mutation2427	101	101	21.302	0.210911	0.210911
mutation2428	101	101	20.296	0.20095	0.20095
mutation2429	101	101	-21.418	-0.212059	-0.212059
mutation2430	101	101	16.567	0.16403	0.16403
mutation2431	101	101	6.504	0.064396	0.064396
mutation2432	101	101	13.371	0.132386	0.132386
mutation2433	101	101	1.9	0.0188119	0.0188119
mutation2434	101	101	-5.274	-0.0522178	-0.0522178
mutation2435	101	101	2.046	0.0202574	0.0202574
mutation2436	101	101	12.643	0.125178	0.125178
mutation2437	101	101	10.146	0.100455	0.100455
mutation2438	101	101	16.323	0.161614	0.161614
mutation2439	101	0	0	0	0
mutation2440	101	101	-9.878	-0.097802	-0.097802
mutation2441	101	101	1.376	0.0136238	0.0136238
mutation2442	101	101	-24.522	-0.242792	-0.242792
mutation2443	101	101	19.045	0.188564	0.188564
mutation2444	101	101	4.4	0.0435644	0.0435644
mutation2445	101	101	15.893	0.157356	0.157356
mutation2446	101	101	51.514	0.51004	0.51004
mutation2447	101	101	14.279	0.141376	0.141376
mutation2448	101	101	0.644	0.00637624	0.00637624
mutation2449	101	101	7.955	0.0787624	0.0787624
mutation2450	101	101	9.772	0.0967525	0.0967525
mutation2451	101	101	16.216	0.160554	0.160554
mutation2452	101	101	7.072	0.0700198	0.0700198
mutation2453	101	101	2.566	0.0254059	0.0254059
mutation2454	101	101	15.649	0.154941	0.154941
mutation2455	101	101	19.785	0.195891	0.195891
mutation2456	101	101	23.098	0.228693	0.228693
mutation2457	101	0	0	0	0
mutation2458	101	101	11.425	0.113119	0.113119
mutation2459	101	101	8.271	0.0818911	0.0818911
mutation2460	101	101	7.363	0.072901	0.072901
mutation2461	101	101	42.556	0.421347	0.421347
mutation2462	101	101	24.579	0.243356	0.243356
mutation2463	101	101	-5.022	-0.0497228	-0.0497228
mutation2464	101	101	-40.826	-0.404218	-0.404218
mutation2465	101	101	-1.371	-0.0135743	-0.0135743
mutation2466	101	101	-4.133	-0.0409208	-0.0409208
mutation2467	101	101	18.247	0.180663	0.180663
mutation2468	101	101	23.244	0.230139	0.230139
mutation2469	101	101	6.245	0.0618317	0.0618317
mutation2470	101	101	2.46	0.0243564	0.0243564
mutation2471	101	101	16.075	0.159158	0.159158
mutation2472	101	101	-35.631	-0.352782	-0.352782
mutation2473	101	101	31.221	0.309119	0.309119
mutation2474	101	101	19.413	0.192208	0.192208
mutation2475	101	101	15.337	0.151851	0.151851
mutation2476	101	101	6.714	0.0664752	0.0664752
mutation2477	101	101	-12.064	-0.119446	-0.119446
mutation2478	101	101	-4.58	-0.0453465	-0.0453465
mutation2479	101	101	19.754	0.195584	0.195584
mutation2480	101	101	-10.884	-0.107762	-0.107762
mutation2481	101	101	-20.228	-0.200277	-0.200277
mutation2482	101	101	7.757	0.076802	0.076802
mutation2483	101	101	10.182	0.100812	0.100812
mutation2484	101	101	-2.757	-0.027297	-0.027297
mutation2485	101	101	17.155	0.169851	0.169851
mutation2486	101	101	-38.505	-0.381238	-0.381238
mutation2487	101	101	-22.295	-0.220743	-0.220743
mutation2488	101	101	9.569	0.0947426	0.0947426
mutation2489	101	101	3.071	0.0304059	0.0304059
mutation2490	101	101	-25.219	-0.249693	-0.249693
mutation2491	101	101	-2.098	-0.0207723	-0.0207723
mutation2492	101	101	-9.898	-0.098	-0.098
mutation2493	101	101	14.701	0.145554	0.145554
mutation2494	101	101	10.833	0.107257	0.107257
mutation2495	101	101	21.32	0.211089	0.211089
mutation2496	101	101	1.076	0.0106535	0.0106535
mutation2497	101	101	11.757	0.116406	0.116406
mutation2498	101	101	21.667	0.214525	0.214525
mutation2499	101	101	16.922	0.167545	0.167545
mutation2500	101	101	-19.025	-0.188366	-0.188366
mutation2501	101	101	13.736	0.136	0.136
mutation2502	101	101	41.968	0.415525	0.415525
mutation2503	101	101	0.592	0.00586138	0.00586138
mutation2504	101	101	-2.73	-0.0270297	-0.0270297
mutation2505	101	101	-13.424	-0.132911	-0.132911
mutation2506	101	101	5.806	0.0574851	0.0574851
mutation2507	101	101	0.67	0.00663367	0.00663367
mutation2508	101	101	-5.842	-0.0578416	-0.0578416
mutation2509	101	101	10.311	0.102089	0.102089
mutation2510	101	101	19.189	0.18999	0.18999
mutation2511	101	101	1.047	0.0103663	0.0103663
mutation2512	101	101	13.773	0.136366	0.136366
mutation2513	101	101	-52.096	-0.515802	-0.515802
mutation2514	101	101	5.734	0.0567723	0.0567723
mutation2515	101	101	16.296	0.161347	0.161347
mutation2516	101	101	1.593	0.0157723	0.0157723
mutation2517	101	101	21.197	0.209871	0.209871
mutation2518	101	101	14.69	0.145446	0.145446
mutation2519	101	101	0.108	0.00106931	0.00106931
mutation2520	101	101	5.967	0.0590792	0.0590792
mutation2521	101	101	19.183	0.189931	0.189931
mutation2522	101	101	-0.648	-0.00641584	-0.00641584
mutation2523	101	101	-4.682	-0.0463564	-0.0463564
mutation2524	101	101	22.727	0.22502	0.22502
mutation2525	101	101	-4.933	-0.0488416	-0.0488416
mutation2526	101	101	6.454	0.063901	0.063901
mutation2527	101	101	26.547	0.262842	0.262842
mutation2528	101	101	26.8	0.265347	0.265347
mutation2529	101	101	34.111	0.337733	0.337733
mutation2530	101	101	8.716	0.086297	0.086297
mutation2531	101	101	16.003	0.158446	0.158446
mutation2532	101	101	2.378	0.0235446	0.0235446
mutation2533	101	101	32.165	0.318465	0.318465
mutation2534	101	101	11.019	0.109099	0.109099
mutation2535	101	101	9.957	0.0985842	0.0985842
mutation2536	101	101	14.963	0.148149	0.148149
mutation2537	101	101	9.745	0.0964851	0.0964851
mutation2538	101	101	21.787	0.215713	0.215713
mutation2539	101	101	10.831	0.107238	0.107238
mutation2540	101	101	35.935	0.355792	0.355792
mutation2541	101	101	7.036	0.0696634	0.0696634
mutation2542	101	101	30.69	0.303861	0.303861
mutation2543	101	101	10.907	0.10799	0.10799
mutation2544	101	101	1.238	0.0122574	0.0122574
mutation2545	101	101	8.765	0.0867822	0.0867822
mutation2546	101	101	15.075	0.149257	0.149257
mutation2547	101	101	5.785	0.0572772	0.0572772
mutation2548	101	0	0	0	0
mutation2549	101	101	11.447	0.113337	0.113337
mutation2550	101	101	8.26	0.0817822	0.0817822
mutation2551	101	101	5.652	0.0559604	0.0559604
mutation2552	101	101	16.808	0.166416	0.166416
mutation2553	101	101	15.15	0.15	0.15
mutation2554	101	101	-3.031	-0.0300099	-0.0300099
mutation2555	101	101	-4.366	-0.0432277	-0.0432277
mutation2556	101	101	-0.622001	-0.00615842	-0.00615842
mutation2557	101	101	15.869	0.157119	0.157119
mutation2558	101	101	12.014	0.118951	0.118951
mutation2559	101	101	11.272	0.111604	0.111604
mutation2560	101	101	-1.959	-0.019396	-0.019396
mutation2561	101	101	93.839	0.929099	0.929099
mutation2562	101	101	25.734	0.254792	0.254792
mutation2563	101	101	6.785	0.0671782	0.0671782
mutation2564	101	101	5.848	0.057901	0.057901
mutation2565	101	101	10.713	0.106069	0.106069
mutation2566	101	101	27.069	0.26801	0.26801
mutation2567	101	101	19.101	0.189119	0.189119
mutation2568	101	101	4.725	0.0467822	0.0467822
mutation2569	101	101	13.67	0.135347	0.135347
mutation2570	101	101	-13.37	-0.132376	-0.132376
mutation2571	101	101	14.435	0.142921	0.142921
mutation2572	101	101	77.892	0.771208	0.771208
mutation2573	101	101	32.413	0.320921	0.320921
mutation2574	101	101	14.566	0.144218	0.144218
mutation2575	101	101	-11.003	-0.108941	-0.108941
mutation2576	101	101	10.435	0.103317	0.103317
mutation2577	101	101	-2.121	-0.021	-0.021
mutation2578	101	101	25.135	0.248861	0.248861
mutation2579	101	101	1.616	0.016	0.016
mutation2580	101	101	0.300001	0.00297031	0.00297031
mutation2581	101	101	15.291	0.151396	0.151396
mutation2582	101	101	4.775	0.0472772	0.0472772
mutation2583	101	101	33.715	0.333812	0.333812
mutation2584	101	101	-32.545	-0.322228	-0.322228
mutation2585	101	101	28.522	0.282396	0.282396
mutation2586	101	101	18.162	0.179822	0.179822
mutation2587	101	101	3.088	0.0305743	0.0305743
mutation2588	101	0	0	0	0
mutation2589	101	101	-0.19	-0.00188118	-0.00188118
mutation2590	101	101	13.599	0.134644	0.134644
mutation2591	101	101	7.303	0.0723069	0.0723069
mutation2592	101	101	9.776	0.0967921	0.0967921
mutation2593	101	101	26.237	0.259772	0.259772
mutation2594	101	101	2.672	0.0264554	0.0264554
mutation2595	101	101	11.31	0.11198	0.11198
mutation2596	101	101	5.369	0.0531584	0.0531584
mutation2597	101	101	-15.931	-0.157733	-0.157733
mutation2598	101	101	5.968	0.0590891	0.0590891
mutation2599	101	101	-32.545	-0.322228	-0.322228
mutation2600	101	101	-0.678	-0.00671287	-0.00671287
mutation2601	101	101	12.202	0.120812	0.120812
mutation2602	101	101	12.554	0.124297	0.124297
mutation2603	101	101	12.295	0.121733	0.121733
mutation2604	101	101	9.545	0.094505	0.094505
mutation2605	101	101	3.156	0.0312475	0.0312475
mutation2606	101	101	12.318	0.12196	0.12196
mutation2607	101	101	-13.134	-0.13004	-0.13004
mutation2608	101	101	43.826	0.433921	0.433921
mutation2609	101	101	53.855	0.533218	0.533218
mutation2610	101	101	2.609	0.0258317	0.0258317
mutation2611	101	101	0.361	0.00357426	0.00357426
mutation2612	101	101	-3.345	-0.0331188	-0.0331188
mutation2613	101	101	15.428	0.152752	0.152752
mutation2614	101	101	1.44	0.0142574	0.0142574
mutation2615	101	101	-11.508	-0.113941	-0.113941
mutation2616	101	101	2.043	0.0202277	0.0202277
mutation2617	101	101	-17.384	-0.172119	-0.172119
mutation2618	101	101	19.01	0.188218	0.188218
mutation2619	101	101	6.373	0.063099	0.063099
mutation2620	101	101	29.969	0.296723	0.296723
mutation2621	101	101	23.416	0.231842	0.231842
mutation2622	101	101	15.996	0.158376	0.158376
mutation2623	101	101	96.708	0.957505	0.957505
mutation2624	101	0	0	0	0
mutation2625	101	101	34.991	0.346446	0.346446
mutation2626	101	101	-0.672	-0.00665347	-0.00665347
mutation2627	101	101	37.623	0.372505	0.372505
mutation2628	101	101	9.443	0.0934951	0.0934951
mutation2629	101	101	10.952	0.108436	0.108436
mutation2630	101	101	23.207	0.229772	0.229772
mutation2631	101	101	-5.89	-0.0583168	-0.0583168
mutation2632	101	101	13.719	0.135832	0.135832
mutation2633	101	101	27.979	0.27702	0.27702
mutation2634	101	101	4.897	0.0484852	0.0484852
mutation2635	101	101	-1.947	-0.0192772	-0.0192772
mutation2636	101	101	11.101	0.109911	0.109911
mutation2637	101	101	-16.731	-0.165653	-0.165653
mutation2638	101	101	78.066	0.772931	0.772931
mutation2639	101	101	23.696	0.234614	0.234614
mutation2640	101	101	9.651	0.0955545	0.0955545
mutation2641	101	101	-6.833	-0.0676535	-0.0676535
mutation2642	101	101	0.435	0.00430694	0.00430694
mutation2643	101	101	-8.689	-0.0860297	-0.0860297
mutation2644	101	101	38.873	0.384881	0.384881
mutation2645	101	101	15.51	0.153564	0.153564
mutation2646	101	101	-39.979	-0.395832	-0.395832
mutation2647	101	101	2.011	0.0199109	0.0199109
mutation2648	101	101	9.917	0.0981881	0.0981881
mutation2649	101	101	-3.25	-0.0321782	-0.0321782
mutation2650	101	101	9.067	0.0897723	0.0897723
mutation2651	101	101	3.917	0.0387822	0.0387822
mutation2652	101	101	13.91	0.137723	0.137723
mutation2653	101	101	21.062	0.208535	0.208535
mutation2654	101	101	14.343	0.14201	0.14201
mutation2655	101	101	-5.8	-0.0574257	-0.0574257
mutation2656	101	101	2.662	0.0263564	0.0263564
mutation2657	101	101	26.559	0.26296	0.26296
mutation2658	101	101	6.072	0.0601188	0.0601188
mutation2659	101	101	9.553	0.0945842	0.0945842
mutation2660	101	101	5.944	0.0588515	0.0588515
mutation2661	101	101	5.854	0.0579604	0.0579604
mutation2662	101	101	28.512	0.282297	0.282297
mutation2663	101	101	8.841	0.0875347	0.0875347
mutation2664	101	101	13.19	0.130594	0.130594
mutation2665	101	101	1.575	0.0155941	0.0155941
mutation2666	101	101	9.815	0.0971782	0.0971782
mutation2667	101	101	26.039	0.257812	0.257812
mutation2668	101	101	1.428	0.0141386	0.0141386
mutation2669	101	101	5.298	0.0524554	0.0524554
mutation2670	101	101	20.737	0.205317	0.205317
mutation2671	101	101	9.054	0.0896436	0.0896436
mutation2672	101	101	4.751	0.0470396	0.0470396
mutation2673	101	101	19.733	0.195376	0.195376
mutation2674	101	101	13.048	0.129188	0.129188
mutation2675	101	101	13.811	0.136743	0.136743
mutation2676	101	101	5.217	0.0516535	0.0516535
mutation2677	101	101	21.486	0.212733	0.212733
mutation2678	101	101	19.7	0.19505	0.19505
mutation2679	101	101	12.003	0.118842	0.118842
mutation2680	101	101	-45.854	-0.454	-0.454
mutation2681	101	101	14.262	0.141208	0.141208
mutation2682	101	101	70.644	0.699446	0.699446
mutation2683	101	101	5.643	0.0558713	0.0558713
mutation2684	101	101	-4.175	-0.0413366	-0.0413366
mutation2685	101	101	7.158	0.0708713	0.0708713
mutation2686	101	101	21.295	0.210842	0.210842
mutation2687	101	101	4.615	0.0456931	0.0456931
mutation2688	101	101	-1.485	-0.014703	-0.014703
mutation2689	101	101	22.355	0.221337	0.221337
mutation2690	101	101	21.186	0.209762	0.209762
mutation2691	101	101	11.386	0.112733	0.112733
mutation2692	101	101	-10.606	-0.10501	-0.10501
mutation2693	101	101	26.305	0.260446	0.260446
mutation2694	101	101	9.36	0.0926733	0.0926733
mutation2695	101	101	0.271	0.00268317	0.00268317
mutation2696	101	101	25.395	0.251436	0.251436
mutation2697	101	101	7.218	0.0714653	0.0714653
mutation2698	101	101	4.161	0.041198	0.041198
mutation2699	101	101	13.034	0.12905	0.12905
mutation2700	101	101	-5.062	-0.0501188	-0.0501188
mutation2701	101	101	16.591	0.164267	0.164267
mutation2702	101	101	-4.815	-0.0476733	-0.0476733
mutation2703	101	101	1.113	0.0110198	0.0110198
mutation2704	101	101	12.144	0.120238	0.120238
mutation2705	101	101	-26.112	-0.258535	-0.258535
mutation2706	101	101	-23.344	-0.231129	-0.231129
mutation2707	101	101	-12.221	-0.121	-0.121
mutation2708	101	101	1.659	0.0164257	0.0164257
mutation2709	101	101	-37.235	-0.368663	-0.368663
mutation2710	101	101	9.647	0.0955149	0.0955149
mutation2711	101	101	13.349	0.132168	0.132168
mutation2712	101	101	-5.855	-0.0579703	-0.0579703
mutation2713	101	101	2.669	0.0264257	0.0264257
mutation2714	101	101	7.556	0.0748119	0.0748119
mutation2715	101	101	5.672	0.0561584	0.0561584
mutation2716	101	101	21.162	0.209525	0.209525
mutation2717	101	101	12.618	0.124931	0.124931
mutation2718	101	101	-6.254	-0.0619208	-0.0619208
mutation2719	101	101	9.871	0.0977327	0.0977327
mutation2720	101	101	16.56	0.16396	0.16396
mutation2721	101	101	-21.924	-0.217069	-0.217069
mutation2722	101	101	-10.86	-0.107525	-0.107525
mutation2723	101	101	5.444	0.053901	0.053901
mutation2724	101	101	26.892	0.266257	0.266257
mutation2725	101	101	15.835	0.156782	0.156782
mutation2726	101	101	24.64	0.24396	0.24396
mutation2727	101	101	17.865	0.176881	0.176881
mutation2728	101	101	2.704	0.0267723	0.0267723
mutation2729	101	101	14.262	0.141208	0.141208
mutation2730	101	101	0.309	0.00305941	0.00305941
mutation2731	101	101	28.304	0.280238	0.280238
mutation2732	101	101	0.801	0.00793069	0.00793069
mutation2733	101	101	46.594	0.461327	0.461327
mutation2734	101	101	26.302	0.260416	0.260416
mutation2735	101	101	12.493	0.123693	0.123693
mutation2736	101	101	19.307	0.191158	0.191158
mutation2737	101	101	27.47	0.27198	0.27198
mutation2738	101	101	-2.164	-0.0214257	-0.0214257
mutation2739	101	101	-18.637	-0.184525	-0.184525
mutation2740	101	101	-12.53	-0.124059	-0.124059
mutation2741	101	101	9.906	0.0980792	0.0980792
mutation2742	101	101	-1.648	-0.0163168	-0.0163168
mutation2743	101	101	9.229	0.0913762	0.0913762
mutation2744	101	101	22.676	0.224515	0.224515
mutation2745	101	101	-18.641	-0.184564	-0.184564
mutation2746	101	101	56.287	0.557297	0.557297
mutation2747	101	101	-10.297	-0.10195	-0.10195
mutation2748	101	0	0	0	0
mutation2749	101	101	1.109	0.0109802	0.0109802
mutation2750	101	101	30.13	0.298317	0.298317
mutation2751	101	101	-7.685	-0.0760891	-0.0760891
mutation2752	101	101	28.405	0.281238	0.281238
mutation2753	101	101	-1.27	-0.0125743	-0.0125743
mutation2754	101	101	-27.614	-0.273406	-0.273406
mutation2755	101	101	2.922	0.0289307	0.0289307
mutation2756	101	101	12.756	0.126297	0.126297
mutation2757	101	101	18.087	0.179079	0.179079
mutation2758	101	101	20.323	0.201218	0.201218
mutation2759	101	101	-2.786	-0.0275842	-0.0275842
mutation2760	101	101	8.919	0.0883069	0.0883069
mutation2761	101	101	-10.665	-0.105594	-0.105594
mutation2762	101	101	6.798	0.0673069	0.0673069
mutation2763	101	101	-4.831	-0.0478317	-0.0478317
mutation2764	101	101	10.415	0.103119	0.103119
mutation2765	101	101	9.84	0.0974257	0.0974257
mutation2766	101	101	38.36	0.379802	0.379802
mutation2767	101	101	7.257	0.0718515	0.0718515
mutation2768	101	101	16.268	0.161069	0.161069
mutation2769	101	101	-12.365	-0.122426	-0.122426
mutation2770	101	101	15.858	0.15701	0.15701
mutation2771	101	101	8.473	0.0838911	0.0838911
mutation2772	101	101	26.176	0.259168	0.259168
mutation2773	101	101	-1.191	-0.0117921	-0.0117921
mutation2774	101	101	-1.976	-0.0195644	-0.0195644
mutation2775	101	101	29.568	0.292752	0.292752
mutation2776	101	101	6.592	0.0652673	0.0652673
mutation2777	101	101	8.152	0.0807129	0.0807129
mutation2778	101	101	-8.918	-0.088297	-0.088297
mutation2779	101	101	27.231	0.269614	0.269614
mutation2780	101	101	31.495	0.311832	0.311832
mutation2781	101	101	25.748	0.254931	0.254931
mutation2782	101	101	-1.586	-0.015703	-0.015703
mutation2783	101	101	26.963	0.26696	0.26696
mutation2784	101	101	5.673	0.0561683	0.0561683
mutation2785	101	101	11.308	0.11196	0.11196
mutation2786	101	101	10.109	0.100089	0.100089
mutation2787	101	101	-0.632999	-0.00626732	-0.00626732
mutation2788	101	101	2.293	0.022703	0.022703
mutation2789	101	101	-11.206	-0.11095	-0.11095
mutation2790	101	101	8.787	0.087	0.087
mutation2791	101	101	-11.744	-0.116277	-0.116277
mutation2792	101	101	6.539	0.0647426	0.0647426
mutation2793	101	101	-35.34	-0.349901	-0.349901
mutation2794	101	101	12.675	0.125495	0.125495
mutation2795	101	101	34.523	0.341812	0.341812
mutation2796	101	101	26.485	0.262228	0.262228
mutation2797	101	101	6.503	0.0643861	0.0643861
mutation2798	101	101	16.385	0.162228	0.162228
mutation2799	101	101	-7.405	-0.0733168	-0.0733168
mutation2800	101	101	3.349	0.0331584	0.0331584
mutation2801	101	0	0	0	0
mutation2802	101	101	1.44	0.0142574	0.0142574
mutation2803	101	0	0	0	0
mutation2804	101	101	11.309	0.11197	0.11197
mutation2805	101	101	9.771	0.0967426	0.0967426
mutation2806	101	101	3.256	0.0322376	0.0322376
mutation2807	101	101	-4.037	-0.0399703	-0.0399703
mutation2808	101	101	9.886	0.0978812	0.0978812
mutation2809	101	101	11.91	0.117921	0.117921
mutation2810	101	101	11.779	0.116624	0.116624
mutation2811	101	101	11.169	0.110584	0.110584
mutation2812	101	101	26.548	0.262851	0.262851
mutation2813	101	101	26.146	0.258871	0.258871
mutation2814	101	101	-13.196	-0.130653	-0.130653
mutation2815	101	101	-7.831	-0.0775347	-0.0775347
mutation2816	101	0	0	0	0
mutation2817	101	101	-1.474	-0.0145941	-0.0145941
mutation2818	101	101	17.148	0.169782	0.169782
mutation2819	101	101	13.456	0.133228	0.133228
mutation2820	101	101	12.073	0.119535	0.119535
mutation2821	101	101	15.835	0.156782	0.156782
mutation2822	101	101	16.869	0.16702	0.16702
mutation2823	101	101	28.49	0.282079	0.282079
mutation2824	101	101	-8.414	-0.0833069	-0.0833069
mutation2825	101	101	34.178	0.338396	0.338396
mutation2826	101	101	7.694	0.0761782	0.0761782
mutation2827	101	101	5.159	0.0510792	0.0510792
mutation2828	101	101	9.884	0.0978614	0.0978614
mutation2829	101	101	99.736	0.987485	0.987485
mutation2830	101	0	0	0	0
mutation2831	101	101	-0.861	-0.00852475	-0.00852475
mutation2832	101	101	34.115	0.337772	0.337772
mutation2833	101	101	23.06	0.228317	0.228317
mutation2834	101	101	96.747	0.957891	0.957891
mutation2835	101	101	6.586	0.0652079	0.0652079
mutation2836	101	101	10.96	0.108515	0.108515
mutation2837	101	101	4.016	0.0397624	0.0397624
mutation2838	101	101	33.211	0.328822	0.328822
mutation2839	101	101	16.921	0.167535	0.167535
mutation2840	101	101	24.179	0.239396	0.239396
mutation2841	101	101	42.867	0.424426	0.424426
mutation2842	101	101	-23.106	-0.228772	-0.228772
mutation2843	101	101	36.168	0.358099	0.358099
mutation2844	101	101	17.366	0.171941	0.171941
mutation2845	101	101	8.047	0.0796733	0.0796733
mutation2846	101	101	36.944	0.365782	0.365782
mutation2847	101	101	3.556	0.0352079	0.0352079
mutation2848	101	101	12.344	0.122218	0.122218
mutation2849	101	101	-0.656	-0.00649505	-0.00649505
mutation2850	101	101	36.571	0.362089	0.362089
mutation2851	101	101	7.881	0.0780297	0.0780297
mutation2852	101	101	3.44	0.0340594	0.0340594
mutation2853	101	101	2.894	0.0286535	0.0286535
mutation2854	101	101	5.943	0.0588416	0.0588416
mutation2855	101	101	-14.731	-0.145851	-0.145851
mutation2856	101	101	0.372001	0.00368318	0.00368318
mutation2857	101	101	11.189	0.110782	0.110782
mutation2858	101	101	22.333	0.221119	0.221119
mutation2859	101	101	-19.299	-0.191079	-0.191079
mutation2860	101	101	0.608	0.0060198	0.0060198
mutation2861	101	101	25.573	0.253198	0.253198
mutation2862	101	101	-22.525	-0.22302	-0.22302
mutation2863	101	101	-8.678	-0.0859208	-0.0859208
mutation2864	101	101	-44.361	-0.439218	-0.439218
mutation2865	101	101	5.312	0.0525941	0.0525941
mutation2866	101	101	-4.714	-0.0466733	-0.0466733
mutation2867	101	101	-42.715	-0.422921	-0.422921
