mutation1	101	101	22.957	0.227297	0.227297
mutation2	101	101	3.135	0.0310396	0.0310396
mutation3	101	101	22.125	0.219059	0.219059
mutation4	101	101	23.398	0.231663	0.231663
mutation5	101	101	19.222	0.190317	0.190317
mutation6	101	101	9.927	0.0982871	0.0982871
mutation7	101	101	9.551	0.0945644	0.0945644
mutation8	101	101	0.553	0.00547525	0.00547525
mutation9	101	101	21.277	0.210663	0.210663
mutation10	101	101	45.88	0.454257	0.454257
mutation11	101	101	0.702999	0.00696039	0.00696039
mutation12	101	101	-25.831	-0.255752	-0.255752
mutation13	101	101	22.78	0.225545	0.225545
mutation14	101	101	21.997	0.217792	0.217792
mutation15	101	101	4.95	0.0490099	0.0490099
mutation16	101	101	3.718	0.0368119	0.0368119
mutation17	101	101	70.797	0.70096	0.70096
mutation18	101	101	-4.244	-0.0420198	-0.0420198
mutation19	101	101	-9.406	-0.0931287	-0.0931287
mutation20	101	101	-3.385	-0.0335148	-0.0335148
mutation21	101	101	28.719	0.284347	0.284347
mutation22	101	101	16.916	0.167485	0.167485
mutation23	101	101	-2.695	-0.0266832	-0.0266832
mutation24	101	101	8.598	0.0851287	0.0851287
mutation25	101	101	-4.352	-0.0430891	-0.0430891
mutation26	101	101	-8.779	-0.0869208	-0.0869208
mutation27	101	101	-2.957	-0.0292772	-0.0292772
mutation28	101	101	42.223	0.41805	0.41805
mutation29	101	101	11.034	0.109248	0.109248
mutation30	101	101	2.215	0.0219307	0.0219307
mutation31	101	101	13.453	0.133198	0.133198
mutation32	101	101	19.562	0.193683	0.193683
mutation33	101	101	-6.275	-0.0621287	-0.0621287
mutation34	101	101	9.54	0.0944554	0.0944554
mutation35	101	101	34.998	0.346515	0.346515
mutation36	101	101	10.089	0.0998911	0.0998911
mutation37	101	101	6.513	0.0644851	0.0644851
mutation38	101	101	-12.122	-0.12002	-0.12002
mutation39	101	101	5.352	0.0529901	0.0529901
mutation40	101	101	26.281	0.260208	0.260208
mutation41	101	101	24.324	0.240832	0.240832
mutation42	101	101	12.835	0.127079	0.127079
mutation43	101	101	31.658	0.313446	0.313446
mutation44	101	101	23.043	0.228149	0.228149
mutation45	101	101	4.927	0.0487822	0.0487822
mutation46	101	101	-19.977	-0.197792	-0.197792
mutation47	101	101	-0.026	-0.000257425	-0.000257425
mutation48	101	101	8.639	0.0855347	0.0855347
mutation49	101	101	10.07	0.099703	0.099703
mutation50	101	101	20.88	0.206733	0.206733
mutation51	101	101	15.668	0.155129	0.155129
mutation52	101	101	0.284	0.00281188	0.00281188
mutation53	101	101	1.202	0.011901	0.011901
mutation54	101	101	15.737	0.155812	0.155812
mutation55	101	101	18.612	0.184277	0.184277
mutation56	101	101	6.567	0.0650198	0.0650198
mutation57	101	101	7.286	0.0721386	0.0721386
mutation58	101	101	3.9	0.0386139	0.0386139
mutation59	101	101	-9.225	-0.0913366	-0.0913366
mutation60	101	101	1.384	0.013703	0.013703
mutation61	101	101	-22.037	-0.218188	-0.218188
mutation62	101	101	19.761	0.195653	0.195653
mutation63	101	101	10.807	0.107	0.107
mutation64	101	101	4.797	0.047495	0.047495
mutation65	101	101	-0.43	-0.00425743	-0.00425743
mutation66	101	101	-9.5	-0.0940594	-0.0940594
mutation67	101	101	2.609	0.0258317	0.0258317
mutation68	101	101	7.991	0.0791188	0.0791188
mutation69	101	101	-4.217	-0.0417525	-0.0417525
mutation70	101	101	8.239	0.0815743	0.0815743
mutation71	101	101	5.096	0.0504554	0.0504554
mutation72	101	101	24.181	0.239416	0.239416
mutation73	101	101	5.618	0.0556238	0.0556238
mutation74	101	101	18.838	0.186515	0.186515
mutation75	101	101	3.177	0.0314554	0.0314554
mutation76	101	101	-1.057	-0.0104653	-0.0104653
mutation77	101	101	-5.478	-0.0542376	-0.0542376
mutation78	101	101	5.914	0.0585545	0.0585545
mutation79	101	101	18.757	0.185713	0.185713
mutation80	101	101	7.446	0.0737228	0.0737228
mutation81	101	101	2.377	0.0235347	0.0235347
mutation82	101	101	0.675	0.00668317	0.00668317
mutation83	101	101	-13.614	-0.134792	-0.134792
mutation84	101	101	1.159	0.0114752	0.0114752
mutation85	101	101	-4.734	-0.0468713	-0.0468713
mutation86	101	101	17.926	0.177485	0.177485
mutation87	101	101	38.001	0.376248	0.376248
mutation88	101	101	3.99	0.039505	0.039505
mutation89	101	101	-9.952	-0.0985347	-0.0985347
mutation90	101	101	3.521	0.0348614	0.0348614
mutation91	101	101	24.038	0.238	0.238
mutation92	101	101	9.23	0.0913861	0.0913861
mutation93	101	101	-17.402	-0.172297	-0.172297
mutation94	101	0	0	0	0
mutation95	101	101	35.566	0.352139	0.352139
mutation96	101	101	16.688	0.165228	0.165228
mutation97	101	101	38.554	0.381723	0.381723
mutation98	101	101	11.833	0.117158	0.117158
mutation99	101	101	19.544	0.193505	0.193505
mutation100	101	101	12.636	0.125109	0.125109
mutation101	101	101	5.066	0.0501584	0.0501584
mutation102	101	101	21.805	0.215891	0.215891
mutation103	101	101	20.816	0.206099	0.206099
mutation104	101	101	27.722	0.274475	0.274475
mutation105	101	101	25.427	0.251752	0.251752
mutation106	101	101	14.948	0.148	0.148
mutation107	101	101	-2.25	-0.0222772	-0.0222772
mutation108	101	101	39.119	0.387317	0.387317
mutation109	101	101	11.703	0.115871	0.115871
mutation110	101	101	-16.114	-0.159545	-0.159545
mutation111	101	101	13.349	0.132168	0.132168
mutation112	101	101	19.123	0.189337	0.189337
mutation113	101	101	6.62	0.0655446	0.0655446
mutation114	101	101	15.847	0.156901	0.156901
mutation115	101	101	1.011	0.0100099	0.0100099
mutation116	101	101	0.292	0.00289109	0.00289109
mutation117	101	101	-0.228	-0.00225743	-0.00225743
mutation118	101	101	15.139	0.149891	0.149891
mutation119	101	101	7.583	0.0750792	0.0750792
mutation120	101	101	-4.474	-0.044297	-0.044297
mutation121	101	101	6.614	0.0654851	0.0654851
mutation122	101	101	18.627	0.184426	0.184426
mutation123	101	101	-50.517	-0.500168	-0.500168
mutation124	101	101	-17.407	-0.172347	-0.172347
mutation125	101	101	-22.201	-0.219812	-0.219812
mutation126	101	101	-8.922	-0.0883366	-0.0883366
mutation127	101	101	-0.638	-0.00631683	-0.00631683
mutation128	101	101	-1.791	-0.0177327	-0.0177327
mutation129	101	101	0.5	0.0049505	0.0049505
mutation130	101	101	18.931	0.187436	0.187436
mutation131	101	101	1.33	0.0131683	0.0131683
mutation132	101	101	-16.633	-0.164683	-0.164683
mutation133	101	101	2.123	0.0210198	0.0210198
mutation134	101	101	-7.248	-0.0717624	-0.0717624
mutation135	101	101	17.502	0.173287	0.173287
mutation136	101	101	3.477	0.0344257	0.0344257
mutation137	101	101	14.065	0.139257	0.139257
mutation138	101	101	6.384	0.0632079	0.0632079
mutation139	101	101	-5.672	-0.0561584	-0.0561584
mutation140	101	101	-6.782	-0.0671485	-0.0671485
mutation141	101	101	-6.557	-0.0649208	-0.0649208
mutation142	101	101	6.906	0.0683762	0.0683762
mutation143	101	101	6.22	0.0615842	0.0615842
mutation144	101	101	13.596	0.134614	0.134614
mutation145	101	101	11.104	0.109941	0.109941
mutation146	101	101	13.661	0.135257	0.135257
mutation147	101	101	-4.999	-0.049495	-0.049495
mutation148	101	101	-14.47	-0.143267	-0.143267
mutation149	101	101	7.489	0.0741485	0.0741485
mutation150	101	101	43.369	0.429396	0.429396
mutation151	101	101	5.946	0.0588713	0.0588713
mutation152	101	101	22.783	0.225574	0.225574
mutation153	101	101	-24.582	-0.243386	-0.243386
mutation154	101	101	7.398	0.0732475	0.0732475
mutation155	101	101	2.595	0.0256931	0.0256931
mutation156	101	101	7.619	0.0754356	0.0754356
mutation157	101	101	10.765	0.106584	0.106584
mutation158	101	101	-8.035	-0.0795545	-0.0795545
mutation159	101	101	19.217	0.190267	0.190267
mutation160	101	101	-3.709	-0.0367228	-0.0367228
mutation161	101	101	26.148	0.258891	0.258891
mutation162	101	101	-8.45	-0.0836634	-0.0836634
mutation163	101	101	28.896	0.286099	0.286099
mutation164	101	101	15.661	0.155059	0.155059
mutation165	101	101	5.763	0.0570594	0.0570594
mutation166	101	101	3.043	0.0301287	0.0301287
mutation167	101	101	16.628	0.164634	0.164634
mutation168	101	101	-6.056	-0.0599604	-0.0599604
mutation169	101	101	6.915	0.0684654	0.0684654
mutation170	101	101	24.467	0.242248	0.242248
mutation171	101	101	7.241	0.0716931	0.0716931
mutation172	101	101	-8.727	-0.0864059	-0.0864059
mutation173	101	101	-16.461	-0.16298	-0.16298
mutation174	101	101	-3.766	-0.0372871	-0.0372871
mutation175	101	101	-6.991	-0.0692178	-0.0692178
mutation176	101	101	13.439	0.133059	0.133059
mutation177	101	101	-4.208	-0.0416634	-0.0416634
mutation178	101	101	6.665	0.0659901	0.0659901
mutation179	101	101	35.24	0.348911	0.348911
mutation180	101	101	-5.233	-0.0518119	-0.0518119
mutation181	101	101	-5.019	-0.0496931	-0.0496931
mutation182	101	101	-0.423	-0.00418812	-0.00418812
mutation183	101	101	5.008	0.0495842	0.0495842
mutation184	101	101	-16.425	-0.162624	-0.162624
mutation185	101	101	7.299	0.0722673	0.0722673
mutation186	101	101	17.436	0.172634	0.172634
mutation187	101	101	-1.24	-0.0122772	-0.0122772
mutation188	101	101	9.388	0.0929505	0.0929505
mutation189	101	101	-14.333	-0.141911	-0.141911
mutation190	101	101	7.939	0.078604	0.078604
mutation191	101	101	25.006	0.247584	0.247584
mutation192	101	101	-7.627	-0.0755149	-0.0755149
mutation193	101	101	13.932	0.137941	0.137941
mutation194	101	101	5.907	0.0584851	0.0584851
mutation195	101	101	-5.841	-0.0578317	-0.0578317
mutation196	101	101	38.675	0.382921	0.382921
mutation197	101	101	31.995	0.316782	0.316782
mutation198	101	101	-14.217	-0.140762	-0.140762
mutation199	101	101	14.772	0.146257	0.146257
mutation200	101	101	23.53	0.23297	0.23297
mutation201	101	101	-13.387	-0.132545	-0.132545
mutation202	101	101	0.583	0.00577228	0.00577228
mutation203	101	101	26.954	0.266871	0.266871
mutation204	101	101	88.863	0.879832	0.879832
mutation205	101	101	0.438001	0.00433664	0.00433664
mutation206	101	101	-12.538	-0.124139	-0.124139
mutation207	101	101	17.351	0.171792	0.171792
mutation208	101	101	4.729	0.0468218	0.0468218
mutation209	101	101	9.519	0.0942475	0.0942475
mutation210	101	101	5.38	0.0532673	0.0532673
mutation211	101	101	-20.485	-0.202822	-0.202822
mutation212	101	101	37.458	0.370871	0.370871
mutation213	101	101	-7.423	-0.0734951	-0.0734951
mutation214	101	101	0.882	0.00873267	0.00873267
mutation215	101	101	-0.982	-0.00972277	-0.00972277
mutation216	101	101	-10.95	-0.108416	-0.108416
mutation217	101	101	20.312	0.201109	0.201109
mutation218	101	101	20.541	0.203376	0.203376
mutation219	101	101	6.94	0.0687129	0.0687129
mutation220	101	101	-6.693	-0.0662673	-0.0662673
mutation221	101	101	-4.399	-0.0435545	-0.0435545
mutation222	101	101	12.61	0.124851	0.124851
mutation223	101	101	15.739	0.155832	0.155832
mutation224	101	101	22.249	0.220287	0.220287
mutation225	101	101	16.015	0.158564	0.158564
mutation226	101	101	22.486	0.222634	0.222634
mutation227	101	101	14.516	0.143723	0.143723
mutation228	101	101	3.213	0.0318119	0.0318119
mutation229	101	101	22.709	0.224842	0.224842
mutation230	101	101	17.945	0.177673	0.177673
mutation231	101	101	1.567	0.0155149	0.0155149
mutation232	101	101	25.536	0.252832	0.252832
mutation233	101	101	35.855	0.355	0.355
mutation234	101	101	25.15	0.24901	0.24901
mutation235	101	101	-45.539	-0.450881	-0.450881
mutation236	101	101	17.065	0.16896	0.16896
mutation237	101	101	10.884	0.107762	0.107762
mutation238	101	101	14.778	0.146317	0.146317
mutation239	101	101	10.505	0.10401	0.10401
mutation240	101	101	1.663	0.0164653	0.0164653
mutation241	101	101	69.788	0.69097	0.69097
mutation242	101	101	-2.951	-0.0292178	-0.0292178
mutation243	101	101	7.457	0.0738317	0.0738317
mutation244	101	101	22.105	0.218861	0.218861
mutation245	101	101	7.123	0.0705247	0.0705247
mutation246	101	101	20.922	0.207149	0.207149
mutation247	101	101	4.309	0.0426634	0.0426634
mutation248	101	101	-2.47	-0.0244554	-0.0244554
mutation249	101	101	3.288	0.0325545	0.0325545
mutation250	101	101	7.328	0.0725545	0.0725545
mutation251	101	101	-0.307	-0.0030396	-0.0030396
mutation252	101	101	12.546	0.124218	0.124218
mutation253	101	101	6.114	0.0605347	0.0605347
mutation254	101	101	16.682	0.165168	0.165168
mutation255	101	101	10.105	0.10005	0.10005
mutation256	101	101	6.887	0.0681881	0.0681881
mutation257	101	101	-17.46	-0.172871	-0.172871
mutation258	101	101	11.926	0.118079	0.118079
mutation259	101	101	8.339	0.0825644	0.0825644
mutation260	101	101	39.831	0.394366	0.394366
mutation261	101	101	59.346	0.587584	0.587584
mutation262	101	101	15.6	0.154455	0.154455
mutation263	101	101	8.537	0.0845248	0.0845248
mutation264	101	101	18.438	0.182554	0.182554
mutation265	101	101	22.01	0.217921	0.217921
mutation266	101	101	19.874	0.196772	0.196772
mutation267	101	101	-4.485	-0.0444059	-0.0444059
mutation268	101	101	19.847	0.196505	0.196505
mutation269	101	101	33.366	0.330356	0.330356
mutation270	101	101	15.209	0.150584	0.150584
mutation271	101	101	9.541	0.0944653	0.0944653
mutation272	101	101	31.939	0.316228	0.316228
mutation273	101	101	24.053	0.238149	0.238149
mutation274	101	101	25.237	0.249871	0.249871
mutation275	101	101	11.443	0.113297	0.113297
mutation276	101	101	19.341	0.191495	0.191495
mutation277	101	101	3.359	0.0332574	0.0332574
mutation278	101	101	8.162	0.0808119	0.0808119
mutation279	101	101	19.463	0.192703	0.192703
mutation280	101	101	10.772	0.106653	0.106653
mutation281	101	101	10.836	0.107287	0.107287
mutation282	101	101	0.176	0.00174257	0.00174257
mutation283	101	101	-4.108	-0.0406733	-0.0406733
mutation284	101	101	2.953	0.0292376	0.0292376
mutation285	101	101	17.777	0.17601	0.17601
mutation286	101	101	-1.544	-0.0152871	-0.0152871
mutation287	101	101	13.512	0.133782	0.133782
mutation288	101	101	8.498	0.0841386	0.0841386
mutation289	101	101	28.575	0.282921	0.282921
mutation290	101	101	18.938	0.187505	0.187505
mutation291	101	101	-12.626	-0.12501	-0.12501
mutation292	101	101	8.962	0.0887327	0.0887327
mutation293	101	101	-6.443	-0.0637921	-0.0637921
mutation294	101	101	14.883	0.147356	0.147356
mutation295	101	101	4.208	0.0416634	0.0416634
mutation296	101	101	20.199	0.19999	0.19999
mutation297	101	101	2.837	0.0280891	0.0280891
mutation298	101	101	24.581	0.243376	0.243376
mutation299	101	101	-2.002	-0.0198218	-0.0198218
mutation300	101	101	80.562	0.797644	0.797644
mutation301	101	101	5.75	0.0569307	0.0569307
mutation302	101	101	96.346	0.953921	0.953921
mutation303	101	101	14.243	0.14102	0.14102
mutation304	101	101	10.751	0.106446	0.106446
mutation305	101	101	6.958	0.0688911	0.0688911
mutation306	101	101	24.935	0.246881	0.246881
mutation307	101	101	17.684	0.175089	0.175089
mutation308	101	101	5.102	0.0505149	0.0505149
mutation309	101	101	44.925	0.444802	0.444802
mutation310	101	101	-33.158	-0.328297	-0.328297
mutation311	101	101	17.108	0.169386	0.169386
mutation312	101	101	11.613	0.11498	0.11498
mutation313	101	101	12.757	0.126307	0.126307
mutation314	101	101	3.59	0.0355446	0.0355446
mutation315	101	101	17.268	0.17097	0.17097
mutation316	101	101	0.287	0.00284159	0.00284159
mutation317	101	101	4.777	0.047297	0.047297
mutation318	101	101	13.413	0.132802	0.132802
mutation319	101	101	17.193	0.170228	0.170228
mutation320	101	101	10.998	0.108891	0.108891
mutation321	101	101	32.292	0.319723	0.319723
mutation322	101	101	6.747	0.066802	0.066802
mutation323	101	101	9.438	0.0934455	0.0934455
mutation324	101	101	32.086	0.317683	0.317683
mutation325	101	101	-1.138	-0.0112673	-0.0112673
mutation326	101	101	15.496	0.153426	0.153426
mutation327	101	101	18.841	0.186545	0.186545
mutation328	101	101	-1.075	-0.0106436	-0.0106436
mutation329	101	101	-17.158	-0.169881	-0.169881
mutation330	101	101	-32.147	-0.318287	-0.318287
mutation331	101	101	5.37	0.0531683	0.0531683
mutation332	101	101	-1.862	-0.0184356	-0.0184356
mutation333	101	101	19.299	0.191079	0.191079
mutation334	101	101	25.414	0.251624	0.251624
mutation335	101	101	1.706	0.0168911	0.0168911
mutation336	101	101	20.399	0.20197	0.20197
mutation337	101	101	-2.514	-0.0248911	-0.0248911
mutation338	101	101	0.894	0.00885149	0.00885149
mutation339	101	101	69.177	0.684921	0.684921
mutation340	101	101	11.816	0.11699	0.11699
mutation341	101	101	69.362	0.686752	0.686752
mutation342	101	101	-8.229	-0.0814752	-0.0814752
mutation343	101	101	-0.664	-0.00657425	-0.00657425
mutation344	101	101	-0.443	-0.00438614	-0.00438614
mutation345	101	101	-0.726999	-0.00719801	-0.00719801
mutation346	101	101	-17.166	-0.16996	-0.16996
mutation347	101	101	-12.664	-0.125386	-0.125386
mutation348	101	101	25.718	0.254634	0.254634
mutation349	101	101	0.713	0.00705941	0.00705941
mutation350	101	101	22.576	0.223525	0.223525
mutation351	101	101	10.996	0.108871	0.108871
mutation352	101	101	5.667	0.0561089	0.0561089
mutation353	101	101	-11.773	-0.116564	-0.116564
mutation354	101	101	31.193	0.308842	0.308842
mutation355	101	101	3.902	0.0386337	0.0386337
mutation356	101	101	18.075	0.17896	0.17896
mutation357	101	101	32.734	0.324099	0.324099
mutation358	101	101	-8.711	-0.0862475	-0.0862475
mutation359	101	101	8.726	0.086396	0.086396
mutation360	101	101	8.137	0.0805644	0.0805644
mutation361	101	101	21.912	0.21695	0.21695
mutation362	101	101	6.579	0.0651386	0.0651386
mutation363	101	101	8.43	0.0834653	0.0834653
mutation364	101	101	-12.096	-0.119762	-0.119762
mutation365	101	101	17.179	0.170089	0.170089
mutation366	101	101	-9.211	-0.091198	-0.091198
mutation367	101	101	7.095	0.0702475	0.0702475
mutation368	101	101	17.224	0.170535	0.170535
mutation369	101	101	22.726	0.22501	0.22501
mutation370	101	101	17.8	0.176238	0.176238
mutation371	101	101	0.0499997	0.000495047	0.000495047
mutation372	101	101	4.222	0.041802	0.041802
mutation373	101	101	-34.186	-0.338475	-0.338475
mutation374	101	101	15.242	0.150911	0.150911
mutation375	101	101	17.442	0.172693	0.172693
mutation376	101	101	10.378	0.102752	0.102752
mutation377	101	101	13.584	0.134495	0.134495
mutation378	101	101	28.181	0.27902	0.27902
mutation379	101	101	11.214	0.11103	0.11103
mutation380	101	101	-3.185	-0.0315347	-0.0315347
mutation381	101	101	-6.992	-0.0692277	-0.0692277
mutation382	101	101	-2.878	-0.0284951	-0.0284951
mutation383	101	101	-35.818	-0.354634	-0.354634
mutation384	101	101	10.504	0.104	0.104
mutation385	101	101	11.413	0.113	0.113
mutation386	101	101	11.181	0.110703	0.110703
mutation387	101	101	16.122	0.159624	0.159624
mutation388	101	101	5.974	0.0591485	0.0591485
mutation389	101	101	-13.002	-0.128733	-0.128733
mutation390	101	101	28.202	0.279228	0.279228
mutation391	101	101	14.206	0.140653	0.140653
mutation392	101	101	26.242	0.259822	0.259822
mutation393	101	101	12.607	0.124822	0.124822
mutation394	101	101	16.031	0.158723	0.158723
mutation395	101	101	16.206	0.160455	0.160455
mutation396	101	101	2.666	0.026396	0.026396
mutation397	101	101	8.796	0.0870891	0.0870891
mutation398	101	101	-8.586	-0.0850099	-0.0850099
mutation399	101	101	16.109	0.159495	0.159495
mutation400	101	101	10.751	0.106446	0.106446
mutation401	101	101	-3.251	-0.0321881	-0.0321881
mutation402	101	101	30.884	0.305782	0.305782
mutation403	101	101	-2.855	-0.0282673	-0.0282673
mutation404	101	101	0.87	0.00861386	0.00861386
mutation405	101	101	14.733	0.145871	0.145871
mutation406	101	101	35.562	0.352099	0.352099
mutation407	101	101	5.371	0.0531782	0.0531782
mutation408	101	101	14.353	0.142109	0.142109
mutation409	101	101	-3.239	-0.0320693	-0.0320693
mutation410	101	101	10.197	0.10096	0.10096
mutation411	101	101	22.485	0.222624	0.222624
mutation412	101	101	6.276	0.0621386	0.0621386
mutation413	101	101	14.137	0.13997	0.13997
mutation414	101	101	8.37	0.0828713	0.0828713
mutation415	101	101	-0.918	-0.00908911	-0.00908911
mutation416	101	101	32.645	0.323218	0.323218
mutation417	101	101	7.632	0.0755644	0.0755644
mutation418	101	101	17.128	0.169584	0.169584
mutation419	101	101	33.857	0.335218	0.335218
mutation420	101	101	13.084	0.129545	0.129545
mutation421	101	101	10.655	0.105495	0.105495
mutation422	101	101	-15.674	-0.155188	-0.155188
mutation423	101	101	8.933	0.0884455	0.0884455
mutation424	101	101	9.951	0.0985248	0.0985248
mutation425	101	101	21.898	0.216812	0.216812
mutation426	101	101	-4.602	-0.0455644	-0.0455644
mutation427	101	101	16.79	0.166238	0.166238
mutation428	101	101	42.492	0.420713	0.420713
mutation429	101	101	9.534	0.094396	0.094396
mutation430	101	101	69.246	0.685604	0.685604
mutation431	101	0	0	0	0
mutation432	101	101	5.987	0.0592772	0.0592772
mutation433	101	101	-7.945	-0.0786634	-0.0786634
mutation434	101	101	58.192	0.576158	0.576158
mutation435	101	101	-2.983	-0.0295347	-0.0295347
mutation436	101	101	22.016	0.21798	0.21798
mutation437	101	101	2.189	0.0216733	0.0216733
mutation438	101	101	4.335	0.0429208	0.0429208
mutation439	101	101	12.556	0.124317	0.124317
mutation440	101	101	-1.392	-0.0137822	-0.0137822
mutation441	101	101	1.467	0.0145248	0.0145248
mutation442	101	101	4.522	0.0447723	0.0447723
mutation443	101	101	2.292	0.0226931	0.0226931
mutation444	101	101	-1.36	-0.0134653	-0.0134653
mutation445	101	101	24.119	0.238802	0.238802
mutation446	101	101	8.956	0.0886733	0.0886733
mutation447	101	101	92.379	0.914644	0.914644
mutation448	101	101	1.218	0.0120594	0.0120594
mutation449	101	101	13.3	0.131683	0.131683
mutation450	101	101	38.523	0.381416	0.381416
mutation451	101	101	-5.108	-0.0505743	-0.0505743
mutation452	101	101	18.657	0.184723	0.184723
mutation453	101	101	1.622	0.0160594	0.0160594
mutation454	101	101	4.417	0.0437327	0.0437327
mutation455	101	101	9.556	0.0946139	0.0946139
mutation456	101	101	17.877	0.177	0.177
mutation457	101	101	19.547	0.193535	0.193535
mutation458	101	101	8.492	0.0840792	0.0840792
mutation459	101	101	-4.202	-0.041604	-0.041604
mutation460	101	101	9.849	0.0975148	0.0975148
mutation461	101	101	16.512	0.163485	0.163485
mutation462	101	101	10.575	0.104703	0.104703
mutation463	101	101	12.397	0.122743	0.122743
mutation464	101	101	7.191	0.071198	0.071198
mutation465	101	101	9.659	0.0956337	0.0956337
mutation466	101	101	32.74	0.324158	0.324158
mutation467	101	101	15.658	0.15503	0.15503
mutation468	101	101	-7.003	-0.0693366	-0.0693366
mutation469	101	101	10.453	0.103495	0.103495
mutation470	101	101	29.506	0.292139	0.292139
mutation471	101	101	18.371	0.181891	0.181891
mutation472	101	101	4.109	0.0406832	0.0406832
mutation473	101	101	21.609	0.213951	0.213951
mutation474	101	101	19.979	0.197812	0.197812
mutation475	101	101	29.966	0.296693	0.296693
mutation476	101	101	-2.069	-0.0204851	-0.0204851
mutation477	101	101	14.707	0.145614	0.145614
mutation478	101	101	-4.566	-0.0452079	-0.0452079
mutation479	101	101	-9.491	-0.0939703	-0.0939703
mutation480	101	101	-4.825	-0.0477723	-0.0477723
mutation481	101	101	13.256	0.131248	0.131248
mutation482	101	101	4.129	0.0408812	0.0408812
mutation483	101	101	32.725	0.32401	0.32401
mutation484	101	101	-3.512	-0.0347723	-0.0347723
mutation485	101	101	2.244	0.0222178	0.0222178
mutation486	101	101	-8.772	-0.0868515	-0.0868515
mutation487	101	101	8.571	0.0848614	0.0848614
mutation488	101	101	31.424	0.311129	0.311129
mutation489	101	101	12.307	0.121851	0.121851
mutation490	101	101	2.066	0.0204554	0.0204554
mutation491	101	101	2.617	0.0259109	0.0259109
mutation492	101	101	2.125	0.0210396	0.0210396
mutation493	101	101	-4.588	-0.0454257	-0.0454257
mutation494	101	101	4.218	0.0417624	0.0417624
mutation495	101	101	-1.173	-0.0116139	-0.0116139
mutation496	101	101	-5.34	-0.0528713	-0.0528713
mutation497	101	101	11.621	0.115059	0.115059
mutation498	101	101	21.148	0.209386	0.209386
mutation499	101	101	21.269	0.210584	0.210584
mutation500	101	101	-31.906	-0.315901	-0.315901
mutation501	101	101	2.657	0.0263069	0.0263069
mutation502	101	101	15.722	0.155663	0.155663
mutation503	101	101	4.671	0.0462475	0.0462475
mutation504	101	101	12.708	0.125822	0.125822
mutation505	101	101	-0.657	-0.00650495	-0.00650495
mutation506	101	101	-8.262	-0.081802	-0.081802
mutation507	101	101	75.623	0.748743	0.748743
mutation508	101	101	22.245	0.220248	0.220248
mutation509	101	101	7.663	0.0758713	0.0758713
mutation510	101	101	-10.751	-0.106446	-0.106446
mutation511	101	101	12.18	0.120594	0.120594
mutation512	101	101	-16.033	-0.158743	-0.158743
mutation513	101	101	18.602	0.184178	0.184178
mutation514	101	101	52.217	0.517	0.517
mutation515	101	101	65.964	0.653109	0.653109
mutation516	101	101	-7.785	-0.0770792	-0.0770792
mutation517	101	101	-8.175	-0.0809406	-0.0809406
mutation518	101	101	0.641001	0.00634654	0.00634654
mutation519	101	101	-20.717	-0.205119	-0.205119
mutation520	101	101	18.35	0.181683	0.181683
mutation521	101	101	-14.928	-0.147802	-0.147802
mutation522	101	101	3.771	0.0373366	0.0373366
mutation523	101	101	24.482	0.242396	0.242396
mutation524	101	101	0.703	0.00696039	0.00696039
mutation525	101	101	-8.631	-0.0854554	-0.0854554
mutation526	101	101	-1.307	-0.0129406	-0.0129406
mutation527	101	101	27.574	0.27301	0.27301
mutation528	101	101	24.896	0.246495	0.246495
mutation529	101	101	38.707	0.383238	0.383238
mutation530	101	101	19.27	0.190792	0.190792
mutation531	101	101	6.302	0.062396	0.062396
mutation532	101	101	-7.961	-0.0788218	-0.0788218
mutation533	101	101	53	0.524752	0.524752
mutation534	101	101	-2.712	-0.0268515	-0.0268515
mutation535	101	101	6.785	0.0671782	0.0671782
mutation536	101	101	-10.737	-0.106307	-0.106307
mutation537	101	101	17.036	0.168673	0.168673
mutation538	101	101	-4.689	-0.0464257	-0.0464257
mutation539	101	101	17.091	0.169218	0.169218
mutation540	101	101	12.229	0.121079	0.121079
mutation541	101	101	9.728	0.0963168	0.0963168
mutation542	101	101	18.454	0.182713	0.182713
mutation543	101	101	38.553	0.381713	0.381713
mutation544	101	101	16.287	0.161257	0.161257
mutation545	101	101	1.287	0.0127426	0.0127426
mutation546	101	101	18.633	0.184485	0.184485
mutation547	101	101	-4.152	-0.0411089	-0.0411089
mutation548	101	101	38.259	0.378802	0.378802
mutation549	101	101	1.628	0.0161188	0.0161188
mutation550	101	101	14.355	0.142129	0.142129
mutation551	101	101	4.94	0.0489109	0.0489109
mutation552	101	101	-5.687	-0.0563069	-0.0563069
mutation553	101	101	69.418	0.687307	0.687307
mutation554	101	101	31.518	0.312059	0.312059
mutation555	101	101	9.687	0.0959109	0.0959109
mutation556	101	101	23.76	0.235248	0.235248
mutation557	101	101	16.989	0.168208	0.168208
mutation558	101	101	11.004	0.10895	0.10895
mutation559	101	101	12.44	0.123168	0.123168
mutation560	101	101	34.154	0.338158	0.338158
mutation561	101	101	-16.855	-0.166881	-0.166881
mutation562	101	101	15.992	0.158337	0.158337
mutation563	101	101	6.733	0.0666634	0.0666634
mutation564	101	101	-16.92	-0.167525	-0.167525
mutation565	101	101	25.696	0.254416	0.254416
mutation566	101	101	6.679	0.0661287	0.0661287
mutation567	101	101	3.654	0.0361782	0.0361782
mutation568	101	101	-15.512	-0.153584	-0.153584
mutation569	101	101	33.848	0.335129	0.335129
mutation570	101	101	-2.598	-0.0257228	-0.0257228
mutation571	101	101	8.649	0.0856337	0.0856337
mutation572	101	101	27.246	0.269762	0.269762
mutation573	101	101	73.53	0.72802	0.72802
mutation574	101	0	0	0	0
mutation575	101	101	4.768	0.0472079	0.0472079
mutation576	101	101	10.797	0.106901	0.106901
mutation577	101	101	36.081	0.357238	0.357238
mutation578	101	101	12.652	0.125267	0.125267
mutation579	101	101	-61.522	-0.609129	-0.609129
mutation580	101	101	1.321	0.0130792	0.0130792
mutation581	101	101	-1.667	-0.0165049	-0.0165049
mutation582	101	101	0.0490003	0.000485151	0.000485151
mutation583	101	101	5.774	0.0571683	0.0571683
mutation584	101	101	25.541	0.252881	0.252881
mutation585	101	101	4.074	0.0403366	0.0403366
mutation586	101	101	-1.387	-0.0137327	-0.0137327
mutation587	101	101	-7.745	-0.0766832	-0.0766832
mutation588	101	101	12.578	0.124535	0.124535
mutation589	101	101	19.14	0.189505	0.189505
mutation590	101	101	-7.325	-0.0725248	-0.0725248
mutation591	101	101	-4.921	-0.0487228	-0.0487228
mutation592	101	101	5.24	0.0518812	0.0518812
mutation593	101	101	17.747	0.175713	0.175713
mutation594	101	101	-8.312	-0.082297	-0.082297
mutation595	101	101	15.54	0.153861	0.153861
mutation596	101	101	-8.19	-0.0810891	-0.0810891
mutation597	101	101	15.311	0.151594	0.151594
mutation598	101	101	23.575	0.233416	0.233416
mutation599	101	101	16.867	0.167	0.167
mutation600	101	101	4.743	0.0469604	0.0469604
mutation601	101	101	-7.972	-0.0789307	-0.0789307
mutation602	101	101	1.804	0.0178614	0.0178614
mutation603	101	101	10.988	0.108792	0.108792
mutation604	101	101	6.112	0.0605149	0.0605149
mutation605	101	101	-15.949	-0.157911	-0.157911
mutation606	101	101	-12.326	-0.12204	-0.12204
mutation607	101	101	-26.316	-0.260554	-0.260554
mutation608	101	101	-10.551	-0.104465	-0.104465
mutation609	101	101	8.464	0.083802	0.083802
mutation610	101	101	-19.032	-0.188436	-0.188436
mutation611	101	101	4.317	0.0427426	0.0427426
mutation612	101	101	18.281	0.181	0.181
mutation613	101	101	-3.717	-0.036802	-0.036802
mutation614	101	101	0.652	0.00645545	0.00645545
mutation615	101	101	16.848	0.166812	0.166812
mutation616	101	101	5.999	0.059396	0.059396
mutation617	101	101	-7.318	-0.0724554	-0.0724554
mutation618	101	101	74.163	0.734287	0.734287
mutation619	101	101	-5.151	-0.051	-0.051
mutation620	101	101	16.561	0.16397	0.16397
mutation621	101	101	-11.557	-0.114426	-0.114426
mutation622	101	101	-6.271	-0.0620891	-0.0620891
mutation623	101	101	5.501	0.0544653	0.0544653
mutation624	101	101	4.838	0.047901	0.047901
mutation625	101	101	24.618	0.243743	0.243743
mutation626	101	101	11.7	0.115842	0.115842
mutation627	101	101	-16.405	-0.162426	-0.162426
mutation628	101	101	30.161	0.298624	0.298624
mutation629	101	101	-0.137	-0.00135643	-0.00135643
mutation630	101	101	-14.078	-0.139386	-0.139386
mutation631	101	101	27.386	0.271149	0.271149
mutation632	101	101	-1.633	-0.0161683	-0.0161683
mutation633	101	101	-6.706	-0.066396	-0.066396
mutation634	101	101	0.497	0.00492079	0.00492079
mutation635	101	101	38.469	0.380881	0.380881
mutation636	101	101	-4.232	-0.041901	-0.041901
mutation637	101	101	44.534	0.440931	0.440931
mutation638	101	101	-3.16	-0.0312871	-0.0312871
mutation639	101	101	7.805	0.0772772	0.0772772
mutation640	101	101	-14.902	-0.147545	-0.147545
mutation641	101	101	14.588	0.144436	0.144436
mutation642	101	101	0.288	0.00285149	0.00285149
mutation643	101	101	2.196	0.0217426	0.0217426
mutation644	101	101	14.541	0.14397	0.14397
mutation645	101	101	27.847	0.275713	0.275713
mutation646	101	101	0.896	0.00887129	0.00887129
mutation647	101	101	-21.33	-0.211188	-0.211188
mutation648	101	101	24.445	0.24203	0.24203
mutation649	101	101	20.793	0.205871	0.205871
mutation650	101	101	-2.475	-0.024505	-0.024505
mutation651	101	101	18.657	0.184723	0.184723
mutation652	101	101	7.446	0.0737228	0.0737228
mutation653	101	101	0.698	0.00691089	0.00691089
mutation654	101	101	12.963	0.128347	0.128347
mutation655	101	101	18.904	0.187168	0.187168
mutation656	101	101	5.742	0.0568515	0.0568515
mutation657	101	101	59.092	0.585069	0.585069
mutation658	101	101	13.968	0.138297	0.138297
mutation659	101	101	20.05	0.198515	0.198515
mutation660	101	101	8.433	0.0834951	0.0834951
mutation661	101	101	10.975	0.108663	0.108663
mutation662	101	101	-14.559	-0.144149	-0.144149
mutation663	101	101	0.454	0.00449505	0.00449505
mutation664	101	101	8.562	0.0847723	0.0847723
mutation665	101	101	47.133	0.466663	0.466663
mutation666	101	101	18.561	0.183772	0.183772
mutation667	101	101	29.416	0.291248	0.291248
mutation668	101	101	5.901	0.0584257	0.0584257
mutation669	101	0	0	0	0
mutation670	101	101	6.525	0.064604	0.064604
mutation671	101	101	18.852	0.186653	0.186653
mutation672	101	101	0.578	0.00572277	0.00572277
mutation673	101	101	4.133	0.0409208	0.0409208
mutation674	101	101	8.84	0.0875248	0.0875248
mutation675	101	101	9.293	0.0920099	0.0920099
mutation676	101	101	23.06	0.228317	0.228317
mutation677	101	101	-15.213	-0.150624	-0.150624
mutation678	101	101	9.404	0.0931089	0.0931089
mutation679	101	101	12.891	0.127634	0.127634
mutation680	101	101	5.667	0.0561089	0.0561089
mutation681	101	101	-2.047	-0.0202673	-0.0202673
mutation682	101	101	-7.956	-0.0787723	-0.0787723
mutation683	101	101	11.664	0.115485	0.115485
mutation684	101	101	5.994	0.0593465	0.0593465
mutation685	101	101	21.658	0.214436	0.214436
mutation686	101	101	2.834	0.0280594	0.0280594
mutation687	101	101	-20.968	-0.207604	-0.207604
mutation688	101	101	0.945	0.00935644	0.00935644
mutation689	101	101	5.934	0.0587525	0.0587525
mutation690	101	101	11.731	0.116149	0.116149
mutation691	101	101	10.734	0.106277	0.106277
mutation692	101	101	2.604	0.0257822	0.0257822
mutation693	101	101	8.979	0.088901	0.088901
mutation694	101	101	12.814	0.126871	0.126871
mutation695	101	101	10.544	0.104396	0.104396
mutation696	101	101	-19.874	-0.196772	-0.196772
mutation697	101	101	6.832	0.0676436	0.0676436
mutation698	101	101	16.036	0.158772	0.158772
mutation699	101	101	71.7	0.709901	0.709901
mutation700	101	101	-3.791	-0.0375347	-0.0375347
mutation701	101	101	1.378	0.0136436	0.0136436
mutation702	101	101	22.099	0.218802	0.218802
mutation703	101	101	73.853	0.731218	0.731218
mutation704	101	101	36.509	0.361475	0.361475
mutation705	101	101	-2.998	-0.0296832	-0.0296832
mutation706	101	101	12.293	0.121713	0.121713
mutation707	101	101	5.714	0.0565743	0.0565743
mutation708	101	101	1.349	0.0133564	0.0133564
mutation709	101	101	18.369	0.181871	0.181871
mutation710	101	101	19.97	0.197723	0.197723
mutation711	101	101	16.077	0.159178	0.159178
mutation712	101	101	22.802	0.225762	0.225762
mutation713	101	101	26.324	0.260634	0.260634
mutation714	101	101	39.703	0.393099	0.393099
mutation715	101	101	-0.125	-0.00123763	-0.00123763
mutation716	101	101	8.923	0.0883465	0.0883465
mutation717	101	101	49.747	0.492545	0.492545
mutation718	101	101	-30.489	-0.301871	-0.301871
mutation719	101	101	-25.304	-0.250535	-0.250535
mutation720	101	101	3.228	0.0319604	0.0319604
mutation721	101	101	22.138	0.219188	0.219188
mutation722	101	101	18.794	0.186079	0.186079
mutation723	101	101	27.743	0.274683	0.274683
mutation724	101	101	40.569	0.401673	0.401673
mutation725	101	101	29.594	0.29301	0.29301
mutation726	101	101	-8.833	-0.0874554	-0.0874554
mutation727	101	101	8.907	0.0881881	0.0881881
mutation728	101	101	15.487	0.153337	0.153337
mutation729	101	101	10.593	0.104881	0.104881
mutation730	101	101	12.911	0.127832	0.127832
mutation731	101	101	3.229	0.0319703	0.0319703
mutation732	101	101	65.426	0.647782	0.647782
mutation733	101	101	3.238	0.0320594	0.0320594
mutation734	101	101	24.273	0.240327	0.240327
mutation735	101	101	-4.19	-0.0414851	-0.0414851
mutation736	101	101	-4.427	-0.0438317	-0.0438317
mutation737	101	101	-1.197	-0.0118515	-0.0118515
mutation738	101	101	10.344	0.102416	0.102416
mutation739	101	101	8.89	0.0880198	0.0880198
mutation740	101	101	-0.343	-0.00339604	-0.00339604
mutation741	101	101	9.057	0.0896733	0.0896733
mutation742	101	101	15.16	0.150099	0.150099
mutation743	101	101	-27.708	-0.274337	-0.274337
mutation744	101	101	20.52	0.203168	0.203168
mutation745	101	101	27.591	0.273178	0.273178
mutation746	101	101	-6.709	-0.0664257	-0.0664257
mutation747	101	101	-48.682	-0.482	-0.482
mutation748	101	101	-9.98	-0.0988119	-0.0988119
mutation749	101	101	6.702	0.0663564	0.0663564
mutation750	101	101	-3.645	-0.0360891	-0.0360891
mutation751	101	101	9.227	0.0913564	0.0913564
mutation752	101	101	3.493	0.0345842	0.0345842
mutation753	101	101	-11.932	-0.118139	-0.118139
mutation754	101	101	5.927	0.0586832	0.0586832
mutation755	101	101	-23.055	-0.228267	-0.228267
mutation756	101	101	6.78	0.0671287	0.0671287
mutation757	101	101	15.715	0.155594	0.155594
mutation758	101	101	-20.72	-0.205149	-0.205149
mutation759	101	101	66.946	0.662832	0.662832
mutation760	101	101	23.631	0.23397	0.23397
mutation761	101	101	-22.23	-0.220099	-0.220099
mutation762	101	101	-25.038	-0.247901	-0.247901
mutation763	101	101	-21.872	-0.216554	-0.216554
mutation764	101	101	11.339	0.112267	0.112267
mutation765	101	101	-10.561	-0.104564	-0.104564
mutation766	101	101	-4.558	-0.0451287	-0.0451287
mutation767	101	101	34.416	0.340752	0.340752
mutation768	101	101	4.58	0.0453465	0.0453465
mutation769	101	101	6.649	0.0658317	0.0658317
mutation770	101	101	19.177	0.189871	0.189871
mutation771	101	101	12.055	0.119356	0.119356
mutation772	101	101	-20.165	-0.199653	-0.199653
mutation773	101	101	1.06	0.0104951	0.0104951
mutation774	101	101	78.721	0.779416	0.779416
mutation775	101	101	10.293	0.101911	0.101911
mutation776	101	101	4.574	0.0452871	0.0452871
mutation777	101	101	11.043	0.109337	0.109337
mutation778	101	101	10.48	0.103762	0.103762
mutation779	101	101	7.886	0.0780792	0.0780792
mutation780	101	101	10.475	0.103713	0.103713
mutation781	101	101	22.568	0.223446	0.223446
mutation782	101	101	13.622	0.134871	0.134871
mutation783	101	101	0.741	0.00733664	0.00733664
mutation784	101	101	13.51	0.133762	0.133762
mutation785	101	101	-27.696	-0.274218	-0.274218
mutation786	101	101	2.879	0.028505	0.028505
mutation787	101	101	9.932	0.0983366	0.0983366
mutation788	101	101	13.81	0.136733	0.136733
mutation789	101	101	12.34	0.122178	0.122178
mutation790	101	101	17.806	0.176297	0.176297
mutation791	101	101	13.379	0.132465	0.132465
mutation792	101	101	-2.588	-0.0256238	-0.0256238
mutation793	101	101	4.53	0.0448515	0.0448515
mutation794	101	101	-0.0620002	-0.000613864	-0.000613864
mutation795	101	101	18.773	0.185871	0.185871
mutation796	101	101	11.892	0.117743	0.117743
mutation797	101	101	9.953	0.0985446	0.0985446
mutation798	101	101	-12.181	-0.120604	-0.120604
mutation799	101	101	-27.161	-0.268921	-0.268921
mutation800	101	101	8.5	0.0841584	0.0841584
mutation801	101	101	3.685	0.0364851	0.0364851
mutation802	101	101	11.855	0.117376	0.117376
mutation803	101	101	-1.073	-0.0106238	-0.0106238
mutation804	101	101	21.196	0.209861	0.209861
mutation805	101	101	-9.371	-0.0927822	-0.0927822
mutation806	101	101	7.012	0.0694257	0.0694257
mutation807	101	101	-5.63	-0.0557426	-0.0557426
mutation808	101	101	12.141	0.120208	0.120208
mutation809	101	101	-10.815	-0.107079	-0.107079
mutation810	101	101	17.059	0.168901	0.168901
mutation811	101	101	30.141	0.298426	0.298426
mutation812	101	101	-4.157	-0.0411584	-0.0411584
mutation813	101	101	-6.7	-0.0663366	-0.0663366
mutation814	101	101	21.466	0.212535	0.212535
mutation815	101	101	-17.578	-0.17404	-0.17404
mutation816	101	101	10.846	0.107386	0.107386
mutation817	101	101	16.649	0.164842	0.164842
mutation818	101	101	-56.238	-0.556812	-0.556812
mutation819	101	101	20.54	0.203366	0.203366
mutation820	101	101	13.198	0.130673	0.130673
mutation821	101	101	16.451	0.162881	0.162881
mutation822	101	0	0	0	0
mutation823	101	101	20.065	0.198663	0.198663
mutation824	101	101	51.891	0.513772	0.513772
mutation825	101	101	-2.721	-0.0269406	-0.0269406
mutation826	101	101	28.736	0.284515	0.284515
mutation827	101	101	28.958	0.286713	0.286713
mutation828	101	101	15.215	0.150644	0.150644
mutation829	101	101	2.011	0.0199109	0.0199109
mutation830	101	101	20.165	0.199653	0.199653
mutation831	101	101	10.207	0.101059	0.101059
mutation832	101	101	6.866	0.0679802	0.0679802
mutation833	101	101	14.224	0.140832	0.140832
mutation834	101	101	18.089	0.179099	0.179099
mutation835	101	101	28.479	0.28197	0.28197
mutation836	101	101	-1.502	-0.0148713	-0.0148713
mutation837	101	101	-6.813	-0.0674554	-0.0674554
mutation838	101	101	13.007	0.128782	0.128782
mutation839	101	101	6.082	0.0602178	0.0602178
mutation840	101	101	-1.195	-0.0118317	-0.0118317
mutation841	101	101	1.28	0.0126733	0.0126733
mutation842	101	101	0.86	0.00851485	0.00851485
mutation843	101	101	18.674	0.184891	0.184891
mutation844	101	101	-5.685	-0.0562871	-0.0562871
mutation845	101	101	16.953	0.167851	0.167851
mutation846	101	101	13.278	0.131465	0.131465
mutation847	101	101	11.284	0.111723	0.111723
mutation848	101	101	2.645	0.0261881	0.0261881
mutation849	101	101	-26.967	-0.267	-0.267
mutation850	101	101	0.136	0.00134653	0.00134653
mutation851	101	101	40.77	0.403663	0.403663
mutation852	101	101	13.656	0.135208	0.135208
mutation853	101	101	15.425	0.152723	0.152723
mutation854	101	101	38.184	0.378059	0.378059
mutation855	101	101	15.368	0.152158	0.152158
mutation856	101	101	-1.878	-0.0185941	-0.0185941
mutation857	101	101	10.07	0.099703	0.099703
mutation858	101	101	-7.875	-0.0779703	-0.0779703
mutation859	101	101	-19.486	-0.192931	-0.192931
mutation860	101	101	23.506	0.232733	0.232733
mutation861	101	101	16.588	0.164238	0.164238
mutation862	101	101	35.854	0.35499	0.35499
mutation863	101	101	20.645	0.204406	0.204406
mutation864	101	101	0.0400002	0.000396041	0.000396041
mutation865	101	101	5.251	0.0519901	0.0519901
mutation866	101	101	2.313	0.022901	0.022901
mutation867	101	101	2.86	0.0283168	0.0283168
mutation868	101	101	22.644	0.224198	0.224198
mutation869	101	101	-2.983	-0.0295347	-0.0295347
mutation870	101	101	10.887	0.107792	0.107792
mutation871	101	101	-8.157	-0.0807624	-0.0807624
mutation872	101	101	7.221	0.071495	0.071495
mutation873	101	101	-0.536	-0.00530693	-0.00530693
mutation874	101	101	10.357	0.102545	0.102545
mutation875	101	101	-31.34	-0.310297	-0.310297
mutation876	101	101	1.78	0.0176238	0.0176238
mutation877	101	101	-13.704	-0.135683	-0.135683
mutation878	101	101	5.195	0.0514356	0.0514356
mutation879	101	101	4.866	0.0481782	0.0481782
mutation880	101	101	3.367	0.0333366	0.0333366
mutation881	101	101	12.396	0.122733	0.122733
mutation882	101	101	12.416	0.122931	0.122931
mutation883	101	0	0	0	0
mutation884	101	101	23.587	0.233535	0.233535
mutation885	101	101	38.897	0.385119	0.385119
mutation886	101	101	8.762	0.0867525	0.0867525
mutation887	101	101	9.251	0.0915941	0.0915941
mutation888	101	101	15.782	0.156257	0.156257
mutation889	101	101	4.699	0.0465248	0.0465248
mutation890	101	101	-14.714	-0.145683	-0.145683
mutation891	101	101	25.809	0.255535	0.255535
mutation892	101	101	14.436	0.142931	0.142931
mutation893	101	101	17.372	0.172	0.172
mutation894	101	101	9.439	0.0934554	0.0934554
mutation895	101	101	-10.898	-0.107901	-0.107901
mutation896	101	101	-1.47	-0.0145545	-0.0145545
mutation897	101	101	30.464	0.301624	0.301624
mutation898	101	101	12.991	0.128624	0.128624
mutation899	101	101	0.0289998	0.000287126	0.000287126
mutation900	101	101	31.465	0.311535	0.311535
mutation901	101	101	-18.849	-0.186624	-0.186624
mutation902	101	101	20.891	0.206842	0.206842
mutation903	101	101	-8.094	-0.0801386	-0.0801386
mutation904	101	101	13.844	0.137069	0.137069
mutation905	101	101	39.118	0.387307	0.387307
mutation906	101	101	12.273	0.121515	0.121515
mutation907	101	0	0	0	0
mutation908	101	101	20.726	0.205208	0.205208
mutation909	101	101	14.062	0.139228	0.139228
mutation910	101	101	1.111	0.011	0.011
mutation911	101	101	-1.703	-0.0168614	-0.0168614
mutation912	101	101	31.284	0.309743	0.309743
mutation913	101	101	13.705	0.135693	0.135693
mutation914	101	101	12.349	0.122267	0.122267
mutation915	101	101	3.631	0.0359505	0.0359505
mutation916	101	101	8.558	0.0847327	0.0847327
mutation917	101	101	14.644	0.14499	0.14499
mutation918	101	101	33.298	0.329683	0.329683
mutation919	101	101	-11.882	-0.117644	-0.117644
mutation920	101	101	22.821	0.22595	0.22595
mutation921	101	101	-3.892	-0.0385347	-0.0385347
mutation922	101	101	4.546	0.0450099	0.0450099
mutation923	101	101	-3.376	-0.0334257	-0.0334257
mutation924	101	101	5.39	0.0533663	0.0533663
mutation925	101	101	16.256	0.16095	0.16095
mutation926	101	101	29.677	0.293832	0.293832
mutation927	101	101	-8.088	-0.0800792	-0.0800792
mutation928	101	101	17.164	0.169941	0.169941
mutation929	101	101	17.51	0.173366	0.173366
mutation930	101	101	27.376	0.27105	0.27105
mutation931	101	101	6.736	0.0666931	0.0666931
mutation932	101	101	15.876	0.157188	0.157188
mutation933	101	101	-5.852	-0.0579406	-0.0579406
mutation934	101	101	21.553	0.213396	0.213396
mutation935	101	101	11.14	0.110297	0.110297
mutation936	101	101	5.928	0.0586931	0.0586931
mutation937	101	101	0.128	0.00126733	0.00126733
mutation938	101	101	3.928	0.0388911	0.0388911
mutation939	101	101	-0.62	-0.00613861	-0.00613861
mutation940	101	101	-11.873	-0.117554	-0.117554
mutation941	101	101	9.11	0.090198	0.090198
mutation942	101	101	28.652	0.283683	0.283683
mutation943	101	101	0.318	0.00314851	0.00314851
mutation944	101	101	13.843	0.137059	0.137059
mutation945	101	101	8.169	0.0808812	0.0808812
mutation946	101	101	13.172	0.130416	0.130416
mutation947	101	101	14.049	0.139099	0.139099
mutation948	101	101	13.7	0.135644	0.135644
mutation949	101	101	11.979	0.118604	0.118604
mutation950	101	101	11.153	0.110426	0.110426
mutation951	101	101	35.702	0.353485	0.353485
mutation952	101	101	14.649	0.14504	0.14504
mutation953	101	101	4.909	0.048604	0.048604
mutation954	101	101	23.557	0.233238	0.233238
mutation955	101	101	-1.784	-0.0176634	-0.0176634
mutation956	101	101	-5.266	-0.0521386	-0.0521386
mutation957	101	101	26.211	0.259515	0.259515
mutation958	101	101	16.213	0.160525	0.160525
mutation959	101	101	16.328	0.161663	0.161663
mutation960	101	101	77.411	0.766446	0.766446
mutation961	101	101	10.954	0.108455	0.108455
mutation962	101	101	8.59	0.0850495	0.0850495
mutation963	101	101	16.13	0.159703	0.159703
mutation964	101	101	3.425	0.0339109	0.0339109
mutation965	101	101	-9.335	-0.0924257	-0.0924257
mutation966	101	101	0.619	0.00612871	0.00612871
mutation967	101	101	30.12	0.298218	0.298218
mutation968	101	101	-36.775	-0.364109	-0.364109
mutation969	101	101	2.243	0.0222079	0.0222079
mutation970	101	101	18.193	0.180129	0.180129
mutation971	101	101	8.793	0.0870594	0.0870594
mutation972	101	101	11.916	0.11798	0.11798
mutation973	101	101	5.361	0.0530792	0.0530792
mutation974	101	101	-1.069	-0.0105842	-0.0105842
mutation975	101	101	15.398	0.152455	0.152455
mutation976	101	101	4.486	0.0444158	0.0444158
mutation977	101	101	16.027	0.158683	0.158683
mutation978	101	101	-1.57	-0.0155446	-0.0155446
mutation979	101	101	-11.413	-0.113	-0.113
mutation980	101	101	10.643	0.105376	0.105376
mutation981	101	101	20.953	0.207455	0.207455
mutation982	101	101	13.289	0.131574	0.131574
mutation983	101	101	15.522	0.153683	0.153683
mutation984	101	101	35.314	0.349644	0.349644
mutation985	101	0	0	0	0
mutation986	101	0	0	0	0
mutation987	101	101	12.721	0.12595	0.12595
mutation988	101	101	20.299	0.20098	0.20098
mutation989	101	101	8.257	0.0817525	0.0817525
mutation990	101	101	4.617	0.0457129	0.0457129
mutation991	101	101	1.925	0.0190594	0.0190594
mutation992	101	101	4.272	0.042297	0.042297
mutation993	101	101	8.83	0.0874257	0.0874257
mutation994	101	101	5.495	0.0544059	0.0544059
mutation995	101	101	9.343	0.092505	0.092505
mutation996	101	101	-14.426	-0.142832	-0.142832
mutation997	101	101	0.148	0.00146535	0.00146535
mutation998	101	101	34.582	0.342396	0.342396
mutation999	101	101	31.378	0.310673	0.310673
mutation1000	101	101	22.849	0.226228	0.226228
mutation1001	101	101	16.634	0.164693	0.164693
mutation1002	101	101	-21.775	-0.215594	-0.215594
mutation1003	101	101	3.741	0.0370396	0.0370396
mutation1004	101	101	-7.135	-0.0706436	-0.0706436
mutation1005	101	101	37.297	0.369277	0.369277
mutation1006	101	101	14.563	0.144188	0.144188
mutation1007	101	101	1.414	0.014	0.014
mutation1008	101	101	-1.941	-0.0192178	-0.0192178
mutation1009	101	101	7.276	0.0720396	0.0720396
mutation1010	101	101	7.541	0.0746634	0.0746634
mutation1011	101	101	-4.926	-0.0487723	-0.0487723
mutation1012	101	101	8.221	0.081396	0.081396
mutation1013	101	101	-0.902	-0.00893069	-0.00893069
mutation1014	101	101	23.605	0.233713	0.233713
mutation1015	101	101	-4.997	-0.0494752	-0.0494752
mutation1016	101	101	25.704	0.254495	0.254495
mutation1017	101	101	6.972	0.0690297	0.0690297
mutation1018	101	101	-79.933	-0.791416	-0.791416
mutation1019	101	101	25.802	0.255465	0.255465
mutation1020	101	101	-0.847999	-0.00839603	-0.00839603
mutation1021	101	101	56.926	0.563624	0.563624
mutation1022	101	101	3.761	0.0372376	0.0372376
mutation1023	101	101	20.579	0.203752	0.203752
mutation1024	101	101	98.572	0.97596	0.97596
mutation1025	101	101	17.985	0.178069	0.178069
mutation1026	101	101	9.082	0.0899208	0.0899208
mutation1027	101	101	16.889	0.167218	0.167218
mutation1028	101	101	27.406	0.271347	0.271347
mutation1029	101	101	28.951	0.286644	0.286644
mutation1030	101	101	5.006	0.0495644	0.0495644
mutation1031	101	101	4.636	0.045901	0.045901
mutation1032	101	101	10.655	0.105495	0.105495
mutation1033	101	101	0.57	0.00564356	0.00564356
mutation1034	101	101	32.229	0.319099	0.319099
mutation1035	101	101	-1.319	-0.0130594	-0.0130594
mutation1036	101	101	-6.149	-0.0608812	-0.0608812
mutation1037	101	101	-3.951	-0.0391188	-0.0391188
mutation1038	101	101	6.663	0.0659703	0.0659703
mutation1039	101	101	11.455	0.113416	0.113416
mutation1040	101	101	-4.375	-0.0433168	-0.0433168
mutation1041	101	101	21.759	0.215436	0.215436
mutation1042	101	101	12.06	0.119406	0.119406
mutation1043	101	101	5.926	0.0586733	0.0586733
mutation1044	101	101	-4.449	-0.0440495	-0.0440495
mutation1045	101	101	-24.766	-0.245208	-0.245208
mutation1046	101	101	-7.669	-0.0759307	-0.0759307
mutation1047	101	101	-13.505	-0.133713	-0.133713
mutation1048	101	101	13.197	0.130663	0.130663
mutation1049	101	101	11.864	0.117465	0.117465
mutation1050	101	101	24.371	0.241297	0.241297
mutation1051	101	101	3.624	0.0358812	0.0358812
mutation1052	101	101	16.332	0.161703	0.161703
mutation1053	101	101	1.375	0.0136139	0.0136139
mutation1054	101	101	-26.471	-0.262089	-0.262089
mutation1055	101	101	5.851	0.0579307	0.0579307
mutation1056	101	101	22.324	0.22103	0.22103
mutation1057	101	101	-1.296	-0.0128317	-0.0128317
mutation1058	101	101	-4.557	-0.0451188	-0.0451188
mutation1059	101	101	1.065	0.0105446	0.0105446
mutation1060	101	101	-4.527	-0.0448218	-0.0448218
mutation1061	101	101	2.124	0.0210297	0.0210297
mutation1062	101	101	8.097	0.0801683	0.0801683
mutation1063	101	101	12.654	0.125287	0.125287
mutation1064	101	101	12.25	0.121287	0.121287
mutation1065	101	101	-9.63	-0.0953465	-0.0953465
mutation1066	101	101	22.312	0.220911	0.220911
mutation1067	101	101	5.967	0.0590792	0.0590792
mutation1068	101	101	12.289	0.121673	0.121673
mutation1069	101	101	22.221	0.22001	0.22001
mutation1070	101	101	6.123	0.0606238	0.0606238
mutation1071	101	101	-1.583	-0.0156733	-0.0156733
mutation1072	101	101	-1.055	-0.0104455	-0.0104455
mutation1073	101	101	-15.568	-0.154139	-0.154139
mutation1074	101	101	19.545	0.193515	0.193515
mutation1075	101	101	9.818	0.0972079	0.0972079
mutation1076	101	101	4.132	0.0409109	0.0409109
mutation1077	101	101	13.133	0.13003	0.13003
mutation1078	101	101	-2.8	-0.0277228	-0.0277228
mutation1079	101	101	17.69	0.175149	0.175149
mutation1080	101	101	16.085	0.159257	0.159257
mutation1081	101	101	15.617	0.154624	0.154624
mutation1082	101	101	4.836	0.0478812	0.0478812
mutation1083	101	101	7.866	0.0778812	0.0778812
mutation1084	101	101	13.807	0.136703	0.136703
mutation1085	101	101	1.043	0.0103267	0.0103267
mutation1086	101	101	12.189	0.120683	0.120683
mutation1087	101	101	1.585	0.0156931	0.0156931
mutation1088	101	101	8.691	0.0860495	0.0860495
mutation1089	101	101	15.514	0.153604	0.153604
mutation1090	101	101	-13.133	-0.13003	-0.13003
mutation1091	101	101	-5.962	-0.0590297	-0.0590297
mutation1092	101	101	17.08	0.169109	0.169109
mutation1093	101	101	56.828	0.562653	0.562653
mutation1094	101	101	3.104	0.0307327	0.0307327
mutation1095	101	101	-0.458	-0.00453465	-0.00453465
mutation1096	101	101	43.962	0.435267	0.435267
mutation1097	101	101	6.405	0.0634158	0.0634158
mutation1098	101	101	13.316	0.131842	0.131842
mutation1099	101	101	1.935	0.0191584	0.0191584
mutation1100	101	101	-34.854	-0.345089	-0.345089
mutation1101	101	101	11.078	0.109683	0.109683
mutation1102	101	101	27.112	0.268436	0.268436
mutation1103	101	101	-16.355	-0.161931	-0.161931
mutation1104	101	101	-6.93	-0.0686139	-0.0686139
mutation1105	101	101	-7.553	-0.0747822	-0.0747822
mutation1106	101	101	-4.658	-0.0461188	-0.0461188
mutation1107	101	101	5.746	0.0568911	0.0568911
mutation1108	101	101	14.981	0.148327	0.148327
mutation1109	101	101	-2.437	-0.0241287	-0.0241287
mutation1110	101	101	15.695	0.155396	0.155396
mutation1111	101	101	6.373	0.063099	0.063099
mutation1112	101	101	8.479	0.0839505	0.0839505
mutation1113	101	101	-4.166	-0.0412475	-0.0412475
mutation1114	101	101	9.573	0.0947822	0.0947822
mutation1115	101	101	15.186	0.150356	0.150356
mutation1116	101	101	9.388	0.0929505	0.0929505
mutation1117	101	101	1.375	0.0136139	0.0136139
mutation1118	101	101	-7.604	-0.0752871	-0.0752871
mutation1119	101	101	12.166	0.120455	0.120455
mutation1120	101	101	-2.069	-0.0204851	-0.0204851
mutation1121	101	101	35.86	0.35505	0.35505
mutation1122	101	101	13.559	0.134248	0.134248
mutation1123	101	101	7.013	0.0694356	0.0694356
mutation1124	101	101	-1.233	-0.0122079	-0.0122079
mutation1125	101	101	1.59	0.0157426	0.0157426
mutation1126	101	101	17.869	0.176921	0.176921
mutation1127	101	101	29.514	0.292218	0.292218
mutation1128	101	101	7.259	0.0718713	0.0718713
mutation1129	101	101	7.366	0.0729307	0.0729307
mutation1130	101	101	22.66	0.224356	0.224356
mutation1131	101	101	23.988	0.237505	0.237505
mutation1132	101	101	15.977	0.158188	0.158188
mutation1133	101	101	-5.127	-0.0507624	-0.0507624
mutation1134	101	101	63.935	0.63302	0.63302
mutation1135	101	101	10.395	0.102921	0.102921
mutation1136	101	101	15.508	0.153545	0.153545
mutation1137	101	101	17.155	0.169851	0.169851
mutation1138	101	101	-21.26	-0.210495	-0.210495
mutation1139	101	101	21.759	0.215436	0.215436
mutation1140	101	101	3.607	0.0357129	0.0357129
mutation1141	101	101	5.881	0.0582277	0.0582277
mutation1142	101	101	20.142	0.199426	0.199426
mutation1143	101	101	12.18	0.120594	0.120594
mutation1144	101	101	-5.253	-0.0520099	-0.0520099
mutation1145	101	101	-6.587	-0.0652178	-0.0652178
mutation1146	101	101	7.751	0.0767426	0.0767426
mutation1147	101	101	5.028	0.0497822	0.0497822
mutation1148	101	101	8.498	0.0841386	0.0841386
mutation1149	101	101	21.241	0.210307	0.210307
mutation1150	101	101	13.438	0.13305	0.13305
mutation1151	101	101	22.379	0.221574	0.221574
mutation1152	101	101	18.327	0.181455	0.181455
mutation1153	101	101	-1.623	-0.0160693	-0.0160693
mutation1154	101	101	2.405	0.0238119	0.0238119
mutation1155	101	101	1.307	0.0129406	0.0129406
mutation1156	101	101	20.237	0.200366	0.200366
mutation1157	101	101	11.309	0.11197	0.11197
mutation1158	101	101	10.342	0.102396	0.102396
mutation1159	101	101	1.425	0.0141089	0.0141089
mutation1160	101	0	0	0	0
mutation1161	101	101	29.448	0.291564	0.291564
mutation1162	101	101	5.454	0.054	0.054
mutation1163	101	101	7.567	0.0749208	0.0749208
mutation1164	101	101	-0.67	-0.00663366	-0.00663366
mutation1165	101	101	3.386	0.0335248	0.0335248
mutation1166	101	101	5.333	0.052802	0.052802
mutation1167	101	101	5.422	0.0536832	0.0536832
mutation1168	101	101	23.402	0.231703	0.231703
mutation1169	101	101	14.492	0.143485	0.143485
mutation1170	101	101	7.534	0.0745941	0.0745941
mutation1171	101	101	0.787	0.00779207	0.00779207
mutation1172	101	101	7.997	0.0791782	0.0791782
mutation1173	101	101	-15.728	-0.155723	-0.155723
mutation1174	101	101	23.855	0.236188	0.236188
mutation1175	101	101	-3.424	-0.033901	-0.033901
mutation1176	101	101	8.191	0.081099	0.081099
mutation1177	101	101	15.845	0.156881	0.156881
mutation1178	101	101	10.356	0.102535	0.102535
mutation1179	101	101	11.134	0.110238	0.110238
mutation1180	101	101	4.792	0.0474455	0.0474455
mutation1181	101	101	5.148	0.0509703	0.0509703
mutation1182	101	101	23.255	0.230248	0.230248
mutation1183	101	101	13.635	0.135	0.135
mutation1184	101	101	-26.824	-0.265584	-0.265584
mutation1185	101	101	-39.384	-0.389941	-0.389941
mutation1186	101	101	24.374	0.241327	0.241327
mutation1187	101	101	-3.146	-0.0311485	-0.0311485
mutation1188	101	101	4.825	0.0477723	0.0477723
mutation1189	101	101	18.42	0.182376	0.182376
mutation1190	101	101	7.115	0.0704456	0.0704456
mutation1191	101	101	-2.943	-0.0291386	-0.0291386
mutation1192	101	101	23.951	0.237139	0.237139
mutation1193	101	101	10.687	0.105812	0.105812
mutation1194	101	101	44.56	0.441188	0.441188
mutation1195	101	101	3.858	0.038198	0.038198
mutation1196	101	101	-0.0519999	-0.000514851	-0.000514851
mutation1197	101	101	-0.629	-0.00622772	-0.00622772
mutation1198	101	101	-11.582	-0.114673	-0.114673
mutation1199	101	101	-2.081	-0.020604	-0.020604
mutation1200	101	101	11.546	0.114317	0.114317
mutation1201	101	101	-6.16	-0.0609901	-0.0609901
mutation1202	101	101	8.978	0.0888911	0.0888911
mutation1203	101	101	74.349	0.736129	0.736129
mutation1204	101	101	18.475	0.182921	0.182921
mutation1205	101	101	-0.331	-0.00327723	-0.00327723
mutation1206	101	101	22.97	0.227426	0.227426
mutation1207	101	101	20.116	0.199168	0.199168
mutation1208	101	101	-7.669	-0.0759307	-0.0759307
mutation1209	101	101	11.257	0.111455	0.111455
mutation1210	101	101	-6.877	-0.0680891	-0.0680891
mutation1211	101	101	10.835	0.107277	0.107277
mutation1212	101	101	12.594	0.124693	0.124693
mutation1213	101	101	-12.626	-0.12501	-0.12501
mutation1214	101	101	-5.431	-0.0537723	-0.0537723
mutation1215	101	101	10.662	0.105564	0.105564
mutation1216	101	101	10.237	0.101356	0.101356
mutation1217	101	101	7.658	0.0758218	0.0758218
mutation1218	101	101	9.475	0.0938119	0.0938119
mutation1219	101	101	-4.292	-0.0424951	-0.0424951
mutation1220	101	101	-22.861	-0.226347	-0.226347
mutation1221	101	101	14.78	0.146337	0.146337
mutation1222	101	101	20.342	0.201406	0.201406
mutation1223	101	101	7.292	0.072198	0.072198
mutation1224	101	101	9.703	0.0960693	0.0960693
mutation1225	101	101	9.73	0.0963366	0.0963366
mutation1226	101	101	-7.895	-0.0781683	-0.0781683
mutation1227	101	101	5.648	0.0559208	0.0559208
mutation1228	101	101	8.27	0.0818812	0.0818812
mutation1229	101	101	13.151	0.130208	0.130208
mutation1230	101	101	-0.631999	-0.00625742	-0.00625742
mutation1231	101	101	11.903	0.117851	0.117851
mutation1232	101	101	11.809	0.116921	0.116921
mutation1233	101	101	45.387	0.449376	0.449376
mutation1234	101	101	-29.423	-0.291317	-0.291317
mutation1235	101	101	25.176	0.249267	0.249267
mutation1236	101	101	18.457	0.182743	0.182743
mutation1237	101	101	8.474	0.083901	0.083901
mutation1238	101	101	31.867	0.315515	0.315515
mutation1239	101	101	9.373	0.092802	0.092802
mutation1240	101	101	23.578	0.233446	0.233446
mutation1241	101	101	-18.768	-0.185822	-0.185822
mutation1242	101	101	5.34	0.0528713	0.0528713
mutation1243	101	101	-16.612	-0.164475	-0.164475
mutation1244	101	101	-5.934	-0.0587525	-0.0587525
mutation1245	101	101	15.96	0.15802	0.15802
mutation1246	101	101	-0.0660003	-0.000653468	-0.000653468
mutation1247	101	101	5.822	0.0576436	0.0576436
mutation1248	101	101	6.041	0.0598119	0.0598119
mutation1249	101	101	14.973	0.148248	0.148248
mutation1250	101	101	7.728	0.0765149	0.0765149
mutation1251	101	101	1.935	0.0191584	0.0191584
mutation1252	101	101	16.685	0.165198	0.165198
mutation1253	101	0	0	0	0
mutation1254	101	101	61.773	0.611614	0.611614
mutation1255	101	101	-38.469	-0.380881	-0.380881
mutation1256	101	101	1.219	0.0120693	0.0120693
mutation1257	101	101	16.175	0.160149	0.160149
mutation1258	101	101	2.233	0.0221089	0.0221089
mutation1259	101	101	27.87	0.275941	0.275941
mutation1260	101	101	4.03	0.039901	0.039901
mutation1261	101	101	5.923	0.0586436	0.0586436
mutation1262	101	101	8.232	0.081505	0.081505
mutation1263	101	101	6.23	0.0616832	0.0616832
mutation1264	101	101	10.191	0.100901	0.100901
mutation1265	101	101	10.336	0.102337	0.102337
mutation1266	101	0	0	0	0
mutation1267	101	101	37.545	0.371733	0.371733
mutation1268	101	101	-4.693	-0.0464653	-0.0464653
mutation1269	101	101	14.537	0.143931	0.143931
mutation1270	101	101	17.19	0.170198	0.170198
mutation1271	101	101	25.105	0.248564	0.248564
mutation1272	101	101	16.692	0.165267	0.165267
mutation1273	101	101	20.161	0.199614	0.199614
mutation1274	101	101	24.15	0.239109	0.239109
mutation1275	101	101	1	0.00990099	0.00990099
mutation1276	101	101	36.338	0.359782	0.359782
mutation1277	101	101	13.479	0.133455	0.133455
mutation1278	101	101	-8.843	-0.0875545	-0.0875545
mutation1279	101	101	3.278	0.0324554	0.0324554
mutation1280	101	101	4.211	0.0416931	0.0416931
mutation1281	101	101	18.134	0.179545	0.179545
mutation1282	101	101	12.186	0.120653	0.120653
mutation1283	101	101	40.667	0.402644	0.402644
mutation1284	101	101	1.954	0.0193465	0.0193465
mutation1285	101	101	4.364	0.0432079	0.0432079
mutation1286	101	101	20.273	0.200723	0.200723
mutation1287	101	101	38.128	0.377505	0.377505
mutation1288	101	101	12.387	0.122644	0.122644
mutation1289	101	101	-1.056	-0.0104554	-0.0104554
mutation1290	101	101	10.551	0.104465	0.104465
mutation1291	101	101	30.447	0.301455	0.301455
mutation1292	101	101	24.404	0.241624	0.241624
mutation1293	101	101	25.648	0.253941	0.253941
mutation1294	101	101	13.84	0.13703	0.13703
mutation1295	101	101	24.768	0.245228	0.245228
mutation1296	101	101	24.805	0.245594	0.245594
mutation1297	101	101	5.414	0.053604	0.053604
mutation1298	101	101	-6.067	-0.0600693	-0.0600693
mutation1299	101	101	4.219	0.0417723	0.0417723
mutation1300	101	101	3.512	0.0347723	0.0347723
mutation1301	101	101	4.645	0.0459901	0.0459901
mutation1302	101	101	12.643	0.125178	0.125178
mutation1303	101	101	-3.357	-0.0332376	-0.0332376
mutation1304	101	101	8.559	0.0847426	0.0847426
mutation1305	101	101	-9.761	-0.0966436	-0.0966436
mutation1306	101	101	21.122	0.209129	0.209129
mutation1307	101	101	4.278	0.0423564	0.0423564
mutation1308	101	101	35.793	0.354386	0.354386
mutation1309	101	101	42.596	0.421743	0.421743
mutation1310	101	101	-7.758	-0.0768119	-0.0768119
mutation1311	101	101	-0.778	-0.00770297	-0.00770297
mutation1312	101	101	-6.771	-0.0670396	-0.0670396
mutation1313	101	101	-46.639	-0.461772	-0.461772
mutation1314	101	101	34.718	0.343743	0.343743
mutation1315	101	101	10.369	0.102663	0.102663
mutation1316	101	101	53.279	0.527515	0.527515
mutation1317	101	101	11.072	0.109624	0.109624
mutation1318	101	101	12.864	0.127366	0.127366
mutation1319	101	101	2.09	0.0206931	0.0206931
mutation1320	101	101	-7.435	-0.0736139	-0.0736139
mutation1321	101	101	10.716	0.106099	0.106099
mutation1322	101	101	-9.694	-0.0959802	-0.0959802
mutation1323	101	101	-6.202	-0.0614059	-0.0614059
mutation1324	101	101	52.389	0.518703	0.518703
mutation1325	101	101	0.257	0.00254455	0.00254455
mutation1326	101	101	-3.833	-0.0379505	-0.0379505
mutation1327	101	101	3.875	0.0383663	0.0383663
mutation1328	101	101	-12.095	-0.119752	-0.119752
mutation1329	101	101	19.938	0.197406	0.197406
mutation1330	101	101	4.146	0.0410495	0.0410495
mutation1331	101	101	-0.686	-0.00679208	-0.00679208
mutation1332	101	101	41.849	0.414347	0.414347
mutation1333	101	101	58.402	0.578238	0.578238
mutation1334	101	101	5.139	0.0508812	0.0508812
mutation1335	101	101	2.563	0.0253762	0.0253762
mutation1336	101	101	-4.937	-0.0488812	-0.0488812
mutation1337	101	101	6.923	0.0685446	0.0685446
mutation1338	101	101	-10.076	-0.0997624	-0.0997624
mutation1339	101	101	13.157	0.130267	0.130267
mutation1340	101	101	18.333	0.181515	0.181515
mutation1341	101	101	43.431	0.43001	0.43001
mutation1342	101	101	-5.544	-0.0548911	-0.0548911
mutation1343	101	101	-21.407	-0.21195	-0.21195
mutation1344	101	101	19.831	0.196347	0.196347
mutation1345	101	101	11.07	0.109604	0.109604
mutation1346	101	101	-0.776	-0.00768317	-0.00768317
mutation1347	101	101	-1.911	-0.0189208	-0.0189208
mutation1348	101	101	24.05	0.238119	0.238119
mutation1349	101	101	-5.879	-0.0582079	-0.0582079
mutation1350	101	101	6.912	0.0684356	0.0684356
mutation1351	101	101	9.777	0.096802	0.096802
mutation1352	101	101	-19.644	-0.194495	-0.194495
mutation1353	101	101	66.709	0.660485	0.660485
mutation1354	101	101	10.139	0.100386	0.100386
mutation1355	101	101	2.703	0.0267624	0.0267624
mutation1356	101	101	11.773	0.116564	0.116564
mutation1357	101	101	13.108	0.129782	0.129782
mutation1358	101	101	6.874	0.0680594	0.0680594
mutation1359	101	101	36.622	0.362594	0.362594
mutation1360	101	101	76.707	0.759475	0.759475
mutation1361	101	101	5.341	0.0528812	0.0528812
mutation1362	101	101	10.11	0.100099	0.100099
mutation1363	101	101	-0.482	-0.00477228	-0.00477228
mutation1364	101	101	2.774	0.0274653	0.0274653
mutation1365	101	101	10.161	0.100604	0.100604
mutation1366	101	101	32.099	0.317812	0.317812
mutation1367	101	101	20.978	0.207703	0.207703
mutation1368	101	101	-7.003	-0.0693366	-0.0693366
mutation1369	101	101	-4.529	-0.0448416	-0.0448416
mutation1370	101	101	14.658	0.145129	0.145129
mutation1371	101	101	-14.677	-0.145317	-0.145317
mutation1372	101	101	9.905	0.0980693	0.0980693
mutation1373	101	101	-1.409	-0.0139505	-0.0139505
mutation1374	101	101	32.169	0.318505	0.318505
mutation1375	101	101	4.962	0.0491287	0.0491287
mutation1376	101	101	77.535	0.767673	0.767673
mutation1377	101	101	5.092	0.0504158	0.0504158
mutation1378	101	101	13.612	0.134772	0.134772
mutation1379	101	101	16.311	0.161495	0.161495
mutation1380	101	101	5.832	0.0577426	0.0577426
mutation1381	101	101	10.305	0.10203	0.10203
mutation1382	101	101	10.884	0.107762	0.107762
mutation1383	101	101	14.952	0.14804	0.14804
mutation1384	101	101	22.646	0.224218	0.224218
mutation1385	101	101	17.372	0.172	0.172
mutation1386	101	101	6.344	0.0628119	0.0628119
mutation1387	101	101	7.733	0.0765644	0.0765644
mutation1388	101	101	6.194	0.0613267	0.0613267
mutation1389	101	101	24.049	0.238109	0.238109
mutation1390	101	101	16.835	0.166683	0.166683
mutation1391	101	101	17.653	0.174782	0.174782
mutation1392	101	101	-28.878	-0.285921	-0.285921
mutation1393	101	101	-5.188	-0.0513663	-0.0513663
mutation1394	101	101	5.126	0.0507525	0.0507525
mutation1395	101	101	-7.237	-0.0716535	-0.0716535
mutation1396	101	101	18.711	0.185257	0.185257
mutation1397	101	101	-4.418	-0.0437426	-0.0437426
mutation1398	101	101	27.271	0.27001	0.27001
mutation1399	101	101	22.185	0.219653	0.219653
mutation1400	101	101	1.039	0.0102871	0.0102871
mutation1401	101	101	-2.167	-0.0214554	-0.0214554
mutation1402	101	101	2.462	0.0243762	0.0243762
mutation1403	101	101	10.329	0.102267	0.102267
mutation1404	101	101	9.445	0.0935149	0.0935149
mutation1405	101	101	-49.491	-0.49001	-0.49001
mutation1406	101	101	-0.956	-0.00946535	-0.00946535
mutation1407	101	101	9.459	0.0936535	0.0936535
mutation1408	101	101	-15.761	-0.15605	-0.15605
mutation1409	101	101	-12.714	-0.125881	-0.125881
mutation1410	101	101	14.097	0.139574	0.139574
mutation1411	101	101	-7.587	-0.0751188	-0.0751188
mutation1412	101	101	-15.525	-0.153713	-0.153713
mutation1413	101	101	1.513	0.0149802	0.0149802
mutation1414	101	101	5.986	0.0592673	0.0592673
mutation1415	101	101	13.786	0.136495	0.136495
mutation1416	101	101	1.163	0.0115149	0.0115149
mutation1417	101	101	0.342	0.00338614	0.00338614
mutation1418	101	101	-0.178	-0.00176238	-0.00176238
mutation1419	101	101	55.212	0.546653	0.546653
mutation1420	101	101	19.855	0.196584	0.196584
mutation1421	101	101	59.389	0.58801	0.58801
mutation1422	101	101	-4.789	-0.0474158	-0.0474158
mutation1423	101	101	17.884	0.177069	0.177069
mutation1424	101	101	27.546	0.272733	0.272733
mutation1425	101	101	-3.533	-0.0349802	-0.0349802
mutation1426	101	101	-11.876	-0.117584	-0.117584
mutation1427	101	101	-3.726	-0.0368911	-0.0368911
mutation1428	101	101	-7.915	-0.0783663	-0.0783663
mutation1429	101	101	7.445	0.0737129	0.0737129
mutation1430	101	101	-2.322	-0.0229901	-0.0229901
mutation1431	101	101	17.592	0.174178	0.174178
mutation1432	101	101	34.237	0.33898	0.33898
mutation1433	101	101	25.661	0.254069	0.254069
mutation1434	101	101	21.79	0.215743	0.215743
mutation1435	101	101	11.476	0.113624	0.113624
mutation1436	101	101	3.724	0.0368713	0.0368713
mutation1437	101	101	-7.417	-0.0734356	-0.0734356
mutation1438	101	101	14.389	0.142465	0.142465
mutation1439	101	101	-6.609	-0.0654356	-0.0654356
mutation1440	101	101	-0.635	-0.00628713	-0.00628713
mutation1441	101	101	59.213	0.586267	0.586267
mutation1442	101	101	17.515	0.173416	0.173416
mutation1443	101	101	1.202	0.011901	0.011901
mutation1444	101	101	8.397	0.0831386	0.0831386
mutation1445	101	101	11.355	0.112426	0.112426
mutation1446	101	101	17.297	0.171257	0.171257
mutation1447	101	101	5.2	0.0514851	0.0514851
mutation1448	101	101	13.266	0.131347	0.131347
mutation1449	101	101	3.406	0.0337228	0.0337228
mutation1450	101	101	-1.218	-0.0120594	-0.0120594
mutation1451	101	101	2.778	0.027505	0.027505
mutation1452	101	101	9.316	0.0922376	0.0922376
mutation1453	101	101	16.657	0.164921	0.164921
mutation1454	101	101	-4.045	-0.0400495	-0.0400495
mutation1455	101	101	13.458	0.133248	0.133248
mutation1456	101	101	8.286	0.0820396	0.0820396
mutation1457	101	101	1.786	0.0176832	0.0176832
mutation1458	101	101	-4.311	-0.0426832	-0.0426832
mutation1459	101	101	-1.461	-0.0144653	-0.0144653
mutation1460	101	101	4.631	0.0458515	0.0458515
mutation1461	101	101	-12.435	-0.123119	-0.123119
mutation1462	101	0	0	0	0
mutation1463	101	101	3.038	0.0300792	0.0300792
mutation1464	101	101	55.688	0.551366	0.551366
mutation1465	101	101	11.541	0.114267	0.114267
mutation1466	101	101	47.964	0.474891	0.474891
mutation1467	101	101	-11.748	-0.116317	-0.116317
mutation1468	101	101	10.909	0.10801	0.10801
mutation1469	101	101	2.8	0.0277228	0.0277228
mutation1470	101	101	2.174	0.0215248	0.0215248
mutation1471	101	101	-31.056	-0.307485	-0.307485
mutation1472	101	101	-38.583	-0.38201	-0.38201
mutation1473	101	101	8.106	0.0802574	0.0802574
mutation1474	101	101	19.748	0.195525	0.195525
mutation1475	101	101	18.766	0.185802	0.185802
mutation1476	101	101	3.898	0.0385941	0.0385941
mutation1477	101	101	13.924	0.137861	0.137861
mutation1478	101	101	9.645	0.0954951	0.0954951
mutation1479	101	101	22.493	0.222703	0.222703
mutation1480	101	101	1.129	0.0111782	0.0111782
mutation1481	101	101	13.337	0.13205	0.13205
mutation1482	101	101	-10.5	-0.10396	-0.10396
mutation1483	101	101	12.743	0.126168	0.126168
mutation1484	101	101	1.972	0.0195248	0.0195248
mutation1485	101	101	3.144	0.0311287	0.0311287
mutation1486	101	101	4.612	0.0456634	0.0456634
mutation1487	101	101	-5.519	-0.0546436	-0.0546436
mutation1488	101	101	0.0679996	0.000673264	0.000673264
mutation1489	101	101	3.566	0.0353069	0.0353069
mutation1490	101	101	11.41	0.11297	0.11297
mutation1491	101	101	67.047	0.663832	0.663832
mutation1492	101	101	19.956	0.197584	0.197584
mutation1493	101	101	36.163	0.358049	0.358049
mutation1494	101	101	2.46	0.0243564	0.0243564
mutation1495	101	101	13.45	0.133168	0.133168
mutation1496	101	101	-23.913	-0.236762	-0.236762
mutation1497	101	101	-19.253	-0.190624	-0.190624
mutation1498	101	101	-9.647	-0.0955148	-0.0955148
mutation1499	101	101	-14.454	-0.143109	-0.143109
mutation1500	101	101	1.556	0.0154059	0.0154059
mutation1501	101	101	18.749	0.185634	0.185634
mutation1502	101	101	10.487	0.103832	0.103832
mutation1503	101	101	17.311	0.171396	0.171396
mutation1504	101	101	15.573	0.154188	0.154188
mutation1505	101	101	7.162	0.0709109	0.0709109
mutation1506	101	101	27.699	0.274248	0.274248
mutation1507	101	101	20.863	0.206564	0.206564
mutation1508	101	101	-6.521	-0.0645644	-0.0645644
mutation1509	101	101	-10.671	-0.105653	-0.105653
mutation1510	101	101	7.113	0.0704257	0.0704257
mutation1511	101	101	5.791	0.0573366	0.0573366
mutation1512	101	101	4.691	0.0464455	0.0464455
mutation1513	101	101	8.021	0.0794158	0.0794158
mutation1514	101	101	-12.375	-0.122525	-0.122525
mutation1515	101	101	11.673	0.115574	0.115574
mutation1516	101	101	-7.437	-0.0736337	-0.0736337
mutation1517	101	101	12.311	0.121891	0.121891
mutation1518	101	101	38.072	0.376951	0.376951
mutation1519	101	101	5.357	0.0530396	0.0530396
mutation1520	101	101	-10.964	-0.108554	-0.108554
mutation1521	101	101	26.038	0.257802	0.257802
mutation1522	101	101	17.148	0.169782	0.169782
mutation1523	101	101	2.682	0.0265545	0.0265545
mutation1524	101	101	-1.717	-0.017	-0.017
mutation1525	101	101	3.041	0.0301089	0.0301089
mutation1526	101	101	17.044	0.168752	0.168752
mutation1527	101	101	2.333	0.023099	0.023099
mutation1528	101	101	-19.542	-0.193485	-0.193485
mutation1529	101	101	-10.903	-0.10795	-0.10795
mutation1530	101	101	20.888	0.206812	0.206812
mutation1531	101	101	-5.949	-0.058901	-0.058901
mutation1532	101	101	13.885	0.137475	0.137475
mutation1533	101	101	16.654	0.164891	0.164891
mutation1534	101	101	8.972	0.0888317	0.0888317
mutation1535	101	101	14.381	0.142386	0.142386
mutation1536	101	101	-4.599	-0.0455347	-0.0455347
mutation1537	101	101	61.757	0.611455	0.611455
mutation1538	101	101	72.428	0.717109	0.717109
mutation1539	101	101	65.817	0.651653	0.651653
mutation1540	101	101	10.242	0.101406	0.101406
mutation1541	101	101	-60.626	-0.600257	-0.600257
mutation1542	101	101	27.033	0.267653	0.267653
mutation1543	101	101	7.075	0.0700495	0.0700495
mutation1544	101	101	5.139	0.0508812	0.0508812
mutation1545	101	101	15.619	0.154644	0.154644
mutation1546	101	101	-25.567	-0.253139	-0.253139
mutation1547	101	101	-26.511	-0.262485	-0.262485
mutation1548	101	101	17.355	0.171832	0.171832
mutation1549	101	101	7.993	0.0791386	0.0791386
mutation1550	101	101	6.747	0.066802	0.066802
mutation1551	101	101	40.181	0.397832	0.397832
mutation1552	101	101	-1.604	-0.0158812	-0.0158812
mutation1553	101	101	-3.012	-0.0298218	-0.0298218
mutation1554	101	78	-7.201	-0.071297	-0.0923205
mutation1555	101	101	74.412	0.736752	0.736752
mutation1556	101	101	-4.031	-0.0399109	-0.0399109
mutation1557	101	101	11.634	0.115188	0.115188
mutation1558	101	101	7.981	0.0790198	0.0790198
mutation1559	101	101	-3.891	-0.0385248	-0.0385248
mutation1560	101	101	17.666	0.174911	0.174911
mutation1561	101	101	-3.899	-0.038604	-0.038604
mutation1562	101	101	7.282	0.072099	0.072099
mutation1563	101	101	-5.359	-0.0530594	-0.0530594
mutation1564	101	101	-30.989	-0.306822	-0.306822
mutation1565	101	101	-15.317	-0.151653	-0.151653
mutation1566	101	101	6.522	0.0645743	0.0645743
mutation1567	101	101	3.8	0.0376238	0.0376238
mutation1568	101	101	-1.665	-0.0164851	-0.0164851
mutation1569	101	101	32.238	0.319188	0.319188
mutation1570	101	101	5.019	0.0496931	0.0496931
mutation1571	101	101	7.171	0.071	0.071
mutation1572	101	101	2.545	0.025198	0.025198
mutation1573	101	101	-10.895	-0.107871	-0.107871
mutation1574	101	101	9.123	0.0903267	0.0903267
mutation1575	101	101	20.436	0.202337	0.202337
mutation1576	101	101	-17.839	-0.176624	-0.176624
mutation1577	101	101	8.761	0.0867426	0.0867426
mutation1578	101	101	-4.041	-0.0400099	-0.0400099
mutation1579	101	101	-3.153	-0.0312178	-0.0312178
mutation1580	101	101	8.002	0.0792277	0.0792277
mutation1581	101	101	12.791	0.126644	0.126644
mutation1582	101	101	-5.344	-0.0529109	-0.0529109
mutation1583	101	101	4.798	0.047505	0.047505
mutation1584	101	101	45.379	0.449297	0.449297
mutation1585	101	101	32.451	0.321297	0.321297
mutation1586	101	101	10.274	0.101723	0.101723
mutation1587	101	101	-0.869	-0.00860396	-0.00860396
mutation1588	101	101	25.8	0.255446	0.255446
mutation1589	101	101	4.332	0.0428911	0.0428911
mutation1590	101	101	-2.635	-0.0260891	-0.0260891
mutation1591	101	101	2.251	0.0222871	0.0222871
mutation1592	101	101	55.367	0.548188	0.548188
mutation1593	101	101	22.961	0.227337	0.227337
mutation1594	101	101	13.608	0.134733	0.134733
mutation1595	101	101	0.333	0.00329703	0.00329703
mutation1596	101	101	7.437	0.0736337	0.0736337
mutation1597	101	101	9.577	0.0948218	0.0948218
mutation1598	101	101	1.292	0.0127921	0.0127921
mutation1599	101	101	2.475	0.024505	0.024505
mutation1600	101	101	17.411	0.172386	0.172386
mutation1601	101	101	8.018	0.0793861	0.0793861
mutation1602	101	101	8.752	0.0866535	0.0866535
mutation1603	101	101	15.358	0.152059	0.152059
mutation1604	101	101	8.938	0.0884951	0.0884951
mutation1605	101	101	9.698	0.0960198	0.0960198
mutation1606	101	101	9.389	0.0929604	0.0929604
mutation1607	101	101	21.727	0.215119	0.215119
mutation1608	101	101	9.809	0.0971188	0.0971188
mutation1609	101	101	10.813	0.107059	0.107059
mutation1610	101	101	22.585	0.223614	0.223614
mutation1611	101	101	21.648	0.214337	0.214337
mutation1612	101	101	11.05	0.109406	0.109406
mutation1613	101	101	9.375	0.0928218	0.0928218
mutation1614	101	101	-13.633	-0.13498	-0.13498
mutation1615	101	101	-5.486	-0.0543168	-0.0543168
mutation1616	101	101	6.034	0.0597426	0.0597426
mutation1617	101	101	16.033	0.158743	0.158743
mutation1618	101	101	53.75	0.532178	0.532178
mutation1619	101	101	-4.075	-0.0403465	-0.0403465
mutation1620	101	101	-8.086	-0.0800594	-0.0800594
mutation1621	101	101	7.979	0.079	0.079
mutation1622	101	101	5.435	0.0538119	0.0538119
mutation1623	101	101	6.789	0.0672178	0.0672178
mutation1624	101	101	-17.682	-0.175069	-0.175069
mutation1625	101	101	-1.751	-0.0173366	-0.0173366
mutation1626	101	101	9.975	0.0987624	0.0987624
mutation1627	101	101	17.812	0.176356	0.176356
mutation1628	101	101	16.761	0.16595	0.16595
mutation1629	101	101	-24.087	-0.238485	-0.238485
mutation1630	101	101	-1.154	-0.0114257	-0.0114257
mutation1631	101	101	15.79	0.156337	0.156337
mutation1632	101	101	-8.808	-0.0872079	-0.0872079
mutation1633	101	101	15.774	0.156178	0.156178
mutation1634	101	101	21.88	0.216634	0.216634
mutation1635	101	101	1.404	0.013901	0.013901
mutation1636	101	101	11.079	0.109693	0.109693
mutation1637	101	101	4.703	0.0465644	0.0465644
mutation1638	101	101	7.475	0.0740099	0.0740099
mutation1639	101	101	10.894	0.107861	0.107861
mutation1640	101	101	7.096	0.0702574	0.0702574
mutation1641	101	101	19.466	0.192733	0.192733
mutation1642	101	101	24.241	0.24001	0.24001
mutation1643	101	101	-5.337	-0.0528416	-0.0528416
mutation1644	101	101	-3.244	-0.0321188	-0.0321188
mutation1645	101	101	16.401	0.162386	0.162386
mutation1646	101	101	10.807	0.107	0.107
mutation1647	101	101	28.201	0.279218	0.279218
mutation1648	101	101	43.158	0.427307	0.427307
mutation1649	101	101	30.781	0.304762	0.304762
mutation1650	101	101	2.335	0.0231188	0.0231188
mutation1651	101	101	7.747	0.076703	0.076703
mutation1652	101	101	-6.096	-0.0603564	-0.0603564
mutation1653	101	101	42.254	0.418356	0.418356
mutation1654	101	101	17.895	0.177178	0.177178
mutation1655	101	101	2.006	0.0198614	0.0198614
mutation1656	101	101	18.852	0.186653	0.186653
mutation1657	101	101	-27.362	-0.270911	-0.270911
mutation1658	101	101	-12.136	-0.120158	-0.120158
mutation1659	101	101	12.46	0.123366	0.123366
mutation1660	101	101	2.465	0.0244059	0.0244059
mutation1661	101	101	-9.013	-0.0892376	-0.0892376
mutation1662	101	101	-9.689	-0.0959307	-0.0959307
mutation1663	101	101	14.328	0.141861	0.141861
mutation1664	101	101	21.342	0.211307	0.211307
mutation1665	101	101	7.09	0.070198	0.070198
mutation1666	101	101	15.891	0.157337	0.157337
mutation1667	101	101	12.864	0.127366	0.127366
mutation1668	101	101	39.73	0.393366	0.393366
mutation1669	101	101	6.597	0.0653168	0.0653168
mutation1670	101	101	2.853	0.0282475	0.0282475
mutation1671	101	101	2.074	0.0205347	0.0205347
mutation1672	101	101	-4.556	-0.0451089	-0.0451089
mutation1673	101	101	1.627	0.0161089	0.0161089
mutation1674	101	101	11.806	0.116891	0.116891
mutation1675	101	101	-13.801	-0.136644	-0.136644
mutation1676	101	101	9.781	0.0968416	0.0968416
mutation1677	101	101	-25.351	-0.251	-0.251
mutation1678	101	101	-25.477	-0.252248	-0.252248
mutation1679	101	101	12.994	0.128653	0.128653
mutation1680	101	101	-15.036	-0.148871	-0.148871
mutation1681	101	101	-0.0359999	-0.000356434	-0.000356434
mutation1682	101	101	0.388	0.00384158	0.00384158
mutation1683	101	101	58.917	0.583337	0.583337
mutation1684	101	101	4.235	0.0419307	0.0419307
mutation1685	101	101	6.774	0.0670693	0.0670693
mutation1686	101	101	40.922	0.405168	0.405168
mutation1687	101	101	12.071	0.119515	0.119515
mutation1688	101	101	15.729	0.155733	0.155733
mutation1689	101	101	-0.271	-0.00268316	-0.00268316
mutation1690	101	101	7.819	0.0774158	0.0774158
mutation1691	101	101	18.552	0.183683	0.183683
mutation1692	101	101	5.427	0.0537327	0.0537327
mutation1693	101	101	7.264	0.0719208	0.0719208
mutation1694	101	101	8.773	0.0868614	0.0868614
mutation1695	101	101	-3.608	-0.0357228	-0.0357228
mutation1696	101	101	13.411	0.132782	0.132782
mutation1697	101	101	34.377	0.340366	0.340366
mutation1698	101	101	4.656	0.046099	0.046099
mutation1699	101	101	7.455	0.0738119	0.0738119
mutation1700	101	101	19.426	0.192337	0.192337
mutation1701	101	101	15.32	0.151683	0.151683
mutation1702	101	101	21.378	0.211663	0.211663
mutation1703	101	101	37.728	0.373545	0.373545
mutation1704	101	101	-5.764	-0.0570693	-0.0570693
mutation1705	101	101	-0.934	-0.00924753	-0.00924753
mutation1706	101	101	8.551	0.0846634	0.0846634
mutation1707	101	101	11.901	0.117832	0.117832
mutation1708	101	101	25.246	0.24996	0.24996
mutation1709	101	101	21.445	0.212327	0.212327
mutation1710	101	101	-1.953	-0.0193366	-0.0193366
mutation1711	101	101	15.907	0.157495	0.157495
mutation1712	101	101	7.791	0.0771386	0.0771386
mutation1713	101	101	-11.734	-0.116178	-0.116178
mutation1714	101	101	26.471	0.262089	0.262089
mutation1715	101	101	17.74	0.175644	0.175644
mutation1716	101	101	3.658	0.0362178	0.0362178
mutation1717	101	101	13.162	0.130317	0.130317
mutation1718	101	101	65.119	0.644743	0.644743
mutation1719	101	101	-18.886	-0.18699	-0.18699
mutation1720	101	101	-18.063	-0.178842	-0.178842
mutation1721	101	101	19.309	0.191178	0.191178
mutation1722	101	101	-2.685	-0.0265842	-0.0265842
mutation1723	101	101	-1.308	-0.0129505	-0.0129505
mutation1724	101	101	-13.042	-0.129129	-0.129129
mutation1725	101	101	23.224	0.229941	0.229941
mutation1726	101	101	-1.713	-0.0169604	-0.0169604
mutation1727	101	101	2.848	0.028198	0.028198
mutation1728	101	101	-22.214	-0.219941	-0.219941
mutation1729	101	101	-2.669	-0.0264257	-0.0264257
mutation1730	101	101	27.002	0.267347	0.267347
mutation1731	101	101	8.438	0.0835446	0.0835446
mutation1732	101	101	-13.859	-0.137218	-0.137218
mutation1733	101	101	12.277	0.121554	0.121554
mutation1734	101	101	-1.152	-0.0114059	-0.0114059
mutation1735	101	101	24.107	0.238683	0.238683
mutation1736	101	101	33.639	0.333059	0.333059
mutation1737	101	101	10.717	0.106109	0.106109
mutation1738	101	101	6.031	0.0597129	0.0597129
mutation1739	101	101	60.608	0.600079	0.600079
mutation1740	101	101	49.22	0.487327	0.487327
mutation1741	101	101	2.216	0.0219406	0.0219406
mutation1742	101	101	8.716	0.086297	0.086297
mutation1743	101	101	7.281	0.0720891	0.0720891
mutation1744	101	101	14.595	0.144505	0.144505
mutation1745	101	101	78.897	0.781158	0.781158
mutation1746	101	101	84.377	0.835416	0.835416
mutation1747	101	101	-14.773	-0.146267	-0.146267
mutation1748	101	101	2.782	0.0275446	0.0275446
mutation1749	101	101	2.669	0.0264257	0.0264257
mutation1750	101	101	-10.235	-0.101337	-0.101337
mutation1751	101	101	14.573	0.144287	0.144287
mutation1752	101	101	-17.672	-0.17497	-0.17497
mutation1753	101	101	16.172	0.160119	0.160119
mutation1754	101	101	-6.51	-0.0644554	-0.0644554
mutation1755	101	101	37.326	0.369564	0.369564
mutation1756	101	101	7.756	0.0767921	0.0767921
mutation1757	101	101	2.704	0.0267723	0.0267723
mutation1758	101	101	-0.128	-0.00126732	-0.00126732
mutation1759	101	101	-2.824	-0.0279604	-0.0279604
mutation1760	101	101	14.038	0.13899	0.13899
mutation1761	101	101	0.994	0.00984158	0.00984158
mutation1762	101	101	9.687	0.0959109	0.0959109
mutation1763	101	101	5.243	0.0519109	0.0519109
mutation1764	101	101	5.06	0.050099	0.050099
mutation1765	101	101	-2.294	-0.0227129	-0.0227129
mutation1766	101	101	-1.057	-0.0104653	-0.0104653
mutation1767	101	101	11.503	0.113891	0.113891
mutation1768	101	101	26.557	0.262941	0.262941
mutation1769	101	101	25.65	0.25396	0.25396
mutation1770	101	101	4.051	0.0401089	0.0401089
mutation1771	101	101	10.726	0.106198	0.106198
mutation1772	101	101	20.536	0.203327	0.203327
mutation1773	101	101	30.673	0.303693	0.303693
mutation1774	101	101	2.493	0.0246832	0.0246832
mutation1775	101	101	12.316	0.121941	0.121941
mutation1776	101	101	15.834	0.156772	0.156772
mutation1777	101	101	15.95	0.157921	0.157921
mutation1778	101	101	-4.126	-0.0408515	-0.0408515
mutation1779	101	101	9.008	0.0891881	0.0891881
mutation1780	101	101	14.808	0.146614	0.146614
mutation1781	101	101	21.758	0.215426	0.215426
mutation1782	101	101	13.519	0.133851	0.133851
mutation1783	101	101	12.256	0.121347	0.121347
mutation1784	101	101	6.519	0.0645446	0.0645446
mutation1785	101	101	-5.377	-0.0532376	-0.0532376
mutation1786	101	101	12.749	0.126228	0.126228
mutation1787	101	101	-13.051	-0.129218	-0.129218
mutation1788	101	101	-31.888	-0.315723	-0.315723
mutation1789	101	101	26.082	0.258238	0.258238
mutation1790	101	101	0.179	0.00177228	0.00177228
mutation1791	101	101	28.012	0.277347	0.277347
mutation1792	101	101	-6.514	-0.064495	-0.064495
mutation1793	101	101	11.26	0.111485	0.111485
mutation1794	101	101	6.857	0.0678911	0.0678911
mutation1795	101	101	20.622	0.204178	0.204178
mutation1796	101	101	8.086	0.0800594	0.0800594
mutation1797	101	101	26.894	0.266277	0.266277
mutation1798	101	101	14.763	0.146168	0.146168
mutation1799	101	101	17.968	0.177901	0.177901
mutation1800	101	101	17.76	0.175842	0.175842
mutation1801	101	101	10.16	0.100594	0.100594
mutation1802	101	101	15.441	0.152881	0.152881
mutation1803	101	101	17.775	0.17599	0.17599
mutation1804	101	101	17.006	0.168376	0.168376
mutation1805	101	101	8.137	0.0805644	0.0805644
mutation1806	101	101	0.195999	0.00194059	0.00194059
mutation1807	101	101	-45.163	-0.447158	-0.447158
mutation1808	101	101	-7.995	-0.0791584	-0.0791584
mutation1809	101	101	19.183	0.189931	0.189931
mutation1810	101	101	9.547	0.0945248	0.0945248
mutation1811	101	101	29.577	0.292842	0.292842
mutation1812	101	101	8.788	0.0870099	0.0870099
mutation1813	101	101	17.875	0.17698	0.17698
mutation1814	101	101	21.148	0.209386	0.209386
mutation1815	101	101	55.132	0.545861	0.545861
mutation1816	101	101	17.688	0.175129	0.175129
mutation1817	101	101	15.909	0.157515	0.157515
mutation1818	101	101	31	0.306931	0.306931
mutation1819	101	101	-1.123	-0.0111188	-0.0111188
mutation1820	101	101	32.324	0.32004	0.32004
mutation1821	101	101	14.509	0.143653	0.143653
mutation1822	101	101	24.872	0.246257	0.246257
mutation1823	101	101	13.557	0.134228	0.134228
mutation1824	101	101	7.244	0.0717228	0.0717228
mutation1825	101	101	8.347	0.0826436	0.0826436
mutation1826	101	101	19.553	0.193594	0.193594
mutation1827	101	101	5.142	0.0509109	0.0509109
mutation1828	101	101	109.79	1.08703	1.08703
mutation1829	101	101	0.363	0.00359406	0.00359406
mutation1830	101	101	5.051	0.0500099	0.0500099
mutation1831	101	101	3.579	0.0354356	0.0354356
mutation1832	101	101	8.435	0.0835148	0.0835148
mutation1833	101	101	5.637	0.0558119	0.0558119
mutation1834	101	101	16.715	0.165495	0.165495
mutation1835	101	101	20.88	0.206733	0.206733
mutation1836	101	101	2.342	0.0231881	0.0231881
mutation1837	101	101	19.992	0.197941	0.197941
mutation1838	101	101	5.622	0.0556634	0.0556634
mutation1839	101	101	7.148	0.0707723	0.0707723
mutation1840	101	101	1.601	0.0158515	0.0158515
mutation1841	101	101	7.75	0.0767327	0.0767327
mutation1842	101	101	-5.129	-0.0507822	-0.0507822
mutation1843	101	101	15.047	0.14898	0.14898
mutation1844	101	101	11.349	0.112366	0.112366
mutation1845	101	101	5.537	0.0548218	0.0548218
mutation1846	101	101	9.89	0.0979208	0.0979208
mutation1847	101	101	25.951	0.256941	0.256941
mutation1848	101	101	6.306	0.0624356	0.0624356
mutation1849	101	101	-9.893	-0.0979505	-0.0979505
mutation1850	101	101	-27.033	-0.267653	-0.267653
mutation1851	101	101	12.829	0.12702	0.12702
mutation1852	101	101	84.541	0.83704	0.83704
mutation1853	101	101	20.366	0.201644	0.201644
mutation1854	101	101	15.926	0.157683	0.157683
mutation1855	101	101	-51.911	-0.51397	-0.51397
mutation1856	101	101	19.441	0.192485	0.192485
mutation1857	101	101	10.444	0.103406	0.103406
mutation1858	101	101	-0.779	-0.00771287	-0.00771287
mutation1859	101	101	28.113	0.278347	0.278347
mutation1860	101	101	19.033	0.188446	0.188446
mutation1861	101	101	7.384	0.0731089	0.0731089
mutation1862	101	101	34.576	0.342337	0.342337
mutation1863	101	101	-5.864	-0.0580594	-0.0580594
mutation1864	101	101	2.145	0.0212376	0.0212376
mutation1865	101	101	2.409	0.0238515	0.0238515
mutation1866	101	101	7.823	0.0774554	0.0774554
mutation1867	101	101	8.756	0.0866931	0.0866931
mutation1868	101	101	12.685	0.125594	0.125594
mutation1869	101	101	28.627	0.283436	0.283436
mutation1870	101	101	0.43	0.00425743	0.00425743
mutation1871	101	101	25.186	0.249366	0.249366
mutation1872	101	101	33.75	0.334158	0.334158
mutation1873	101	101	51.264	0.507564	0.507564
mutation1874	101	101	5.452	0.0539802	0.0539802
mutation1875	101	101	23.293	0.230624	0.230624
mutation1876	101	101	-1.574	-0.0155842	-0.0155842
mutation1877	101	101	-7.717	-0.0764059	-0.0764059
mutation1878	101	101	45.253	0.44805	0.44805
mutation1879	101	101	79.777	0.789871	0.789871
mutation1880	101	101	-9.112	-0.0902178	-0.0902178
mutation1881	101	101	-6.144	-0.0608317	-0.0608317
mutation1882	101	101	17.458	0.172851	0.172851
mutation1883	101	101	9.67	0.0957426	0.0957426
mutation1884	101	101	49.832	0.493386	0.493386
mutation1885	101	101	-26.262	-0.26002	-0.26002
mutation1886	101	101	3.641	0.0360495	0.0360495
mutation1887	101	101	10.376	0.102733	0.102733
mutation1888	101	101	27.387	0.271158	0.271158
mutation1889	101	101	8.755	0.0866832	0.0866832
mutation1890	101	101	9.518	0.0942376	0.0942376
mutation1891	101	101	-0.0300006	-0.000297035	-0.000297035
mutation1892	101	101	10.635	0.105297	0.105297
mutation1893	101	101	-3.858	-0.038198	-0.038198
mutation1894	101	101	17.819	0.176426	0.176426
mutation1895	101	101	-5.448	-0.0539406	-0.0539406
mutation1896	101	101	40.279	0.398802	0.398802
mutation1897	101	101	16.304	0.161426	0.161426
mutation1898	101	101	-1.442	-0.0142772	-0.0142772
mutation1899	101	101	0.913	0.0090396	0.0090396
mutation1900	101	101	15.894	0.157366	0.157366
mutation1901	101	101	50.023	0.495277	0.495277
mutation1902	101	101	0.563	0.00557426	0.00557426
mutation1903	101	101	29.801	0.295059	0.295059
mutation1904	101	101	-1.933	-0.0191386	-0.0191386
mutation1905	101	101	14.276	0.141347	0.141347
mutation1906	101	101	3.938	0.0389901	0.0389901
mutation1907	101	101	21.192	0.209822	0.209822
mutation1908	101	101	-5.029	-0.0497921	-0.0497921
mutation1909	101	101	7.263	0.0719109	0.0719109
mutation1910	101	101	15.241	0.150901	0.150901
mutation1911	101	101	-1.049	-0.0103861	-0.0103861
mutation1912	101	101	9.114	0.0902376	0.0902376
mutation1913	101	101	3.62	0.0358416	0.0358416
mutation1914	101	101	-3.399	-0.0336535	-0.0336535
mutation1915	101	101	12.677	0.125515	0.125515
mutation1916	101	101	0.871	0.00862377	0.00862377
mutation1917	101	101	-8.829	-0.0874158	-0.0874158
mutation1918	101	101	6.384	0.0632079	0.0632079
mutation1919	101	101	10.749	0.106426	0.106426
mutation1920	101	101	3.572	0.0353663	0.0353663
mutation1921	101	101	3.349	0.0331584	0.0331584
mutation1922	101	101	16.865	0.16698	0.16698
mutation1923	101	101	29.234	0.289446	0.289446
mutation1924	101	101	-16.716	-0.165505	-0.165505
mutation1925	101	101	-1.017	-0.0100693	-0.0100693
mutation1926	101	101	-4.688	-0.0464158	-0.0464158
mutation1927	101	101	12.593	0.124683	0.124683
mutation1928	101	101	5.913	0.0585446	0.0585446
mutation1929	101	101	11.35	0.112376	0.112376
mutation1930	101	101	13.969	0.138307	0.138307
mutation1931	101	101	26.323	0.260624	0.260624
mutation1932	101	101	6.801	0.0673366	0.0673366
mutation1933	101	101	16.582	0.164178	0.164178
mutation1934	101	101	-12.949	-0.128208	-0.128208
mutation1935	101	101	17.631	0.174564	0.174564
mutation1936	101	101	13.986	0.138475	0.138475
mutation1937	101	101	11.128	0.110178	0.110178
mutation1938	101	101	26.706	0.264416	0.264416
mutation1939	101	101	16.583	0.164188	0.164188
mutation1940	101	101	4.809	0.0476139	0.0476139
mutation1941	101	101	13.69	0.135545	0.135545
mutation1942	101	101	-2.704	-0.0267723	-0.0267723
mutation1943	101	101	5.391	0.0533762	0.0533762
mutation1944	101	101	-12.265	-0.121436	-0.121436
mutation1945	101	101	3.787	0.037495	0.037495
mutation1946	101	101	8.175	0.0809406	0.0809406
mutation1947	101	101	-4.126	-0.0408515	-0.0408515
mutation1948	101	101	28.093	0.278149	0.278149
mutation1949	101	101	-0.986	-0.00976237	-0.00976237
mutation1950	101	101	23.817	0.235812	0.235812
mutation1951	101	101	-5.175	-0.0512376	-0.0512376
mutation1952	101	101	2.402	0.0237822	0.0237822
mutation1953	101	101	-22.921	-0.226941	-0.226941
mutation1954	101	101	-7.023	-0.0695347	-0.0695347
mutation1955	101	101	93.897	0.929673	0.929673
mutation1956	101	101	11.168	0.110574	0.110574
mutation1957	101	101	-15.655	-0.155	-0.155
mutation1958	101	101	3.94	0.0390099	0.0390099
mutation1959	101	101	5.231	0.0517921	0.0517921
mutation1960	101	101	7.102	0.0703168	0.0703168
mutation1961	101	101	7.158	0.0708713	0.0708713
mutation1962	101	101	1.05	0.010396	0.010396
mutation1963	101	101	29.993	0.29696	0.29696
mutation1964	101	101	23.386	0.231545	0.231545
mutation1965	101	101	4.793	0.0474554	0.0474554
mutation1966	101	101	-3.648	-0.0361188	-0.0361188
mutation1967	101	101	-13.776	-0.136396	-0.136396
mutation1968	101	101	12.254	0.121327	0.121327
mutation1969	101	101	15.028	0.148792	0.148792
mutation1970	101	101	11.428	0.113149	0.113149
mutation1971	101	101	-0.377	-0.00373267	-0.00373267
mutation1972	101	101	33.962	0.336257	0.336257
mutation1973	101	101	26.474	0.262119	0.262119
mutation1974	101	101	-5.668	-0.0561188	-0.0561188
mutation1975	101	101	16.586	0.164218	0.164218
mutation1976	101	101	13.183	0.130525	0.130525
mutation1977	101	101	-6.814	-0.0674653	-0.0674653
mutation1978	101	101	15.415	0.152624	0.152624
mutation1979	101	101	2.276	0.0225347	0.0225347
mutation1980	101	101	90.718	0.898198	0.898198
mutation1981	101	101	26.768	0.26503	0.26503
mutation1982	101	101	20.776	0.205703	0.205703
mutation1983	101	101	44.108	0.436713	0.436713
mutation1984	101	101	19.391	0.19199	0.19199
mutation1985	101	101	-7.198	-0.0712673	-0.0712673
mutation1986	101	101	74.592	0.738535	0.738535
mutation1987	101	101	13.654	0.135188	0.135188
mutation1988	101	101	78.593	0.778149	0.778149
mutation1989	101	0	0	0	0
mutation1990	101	101	14.983	0.148347	0.148347
mutation1991	101	101	15.797	0.156406	0.156406
mutation1992	101	101	8.476	0.0839208	0.0839208
mutation1993	101	101	-11.047	-0.109376	-0.109376
mutation1994	101	101	1.335	0.0132178	0.0132178
mutation1995	101	101	6.454	0.063901	0.063901
mutation1996	101	101	6.822	0.0675446	0.0675446
mutation1997	101	101	45.823	0.453693	0.453693
mutation1998	101	101	-9.196	-0.0910495	-0.0910495
mutation1999	101	101	47.831	0.473574	0.473574
mutation2000	101	101	-36.913	-0.365475	-0.365475
mutation2001	101	101	-12.462	-0.123386	-0.123386
mutation2002	101	101	-37.972	-0.37596	-0.37596
mutation2003	101	101	7.322	0.0724951	0.0724951
mutation2004	101	101	-1.904	-0.0188515	-0.0188515
mutation2005	101	101	-22.928	-0.22701	-0.22701
mutation2006	101	101	15.157	0.150069	0.150069
mutation2007	101	101	7.8	0.0772277	0.0772277
mutation2008	101	101	3.186	0.0315446	0.0315446
mutation2009	101	101	12.711	0.125851	0.125851
mutation2010	101	101	-0.948	-0.00938614	-0.00938614
mutation2011	101	101	-4.778	-0.0473069	-0.0473069
mutation2012	101	101	17.12	0.169505	0.169505
mutation2013	101	101	22.086	0.218673	0.218673
mutation2014	101	101	6.23	0.0616832	0.0616832
mutation2015	101	101	-13.372	-0.132396	-0.132396
mutation2016	101	101	-40.671	-0.402683	-0.402683
mutation2017	101	101	-4.434	-0.043901	-0.043901
mutation2018	101	101	5.734	0.0567723	0.0567723
mutation2019	101	101	37.368	0.36998	0.36998
mutation2020	101	101	-19.111	-0.189218	-0.189218
mutation2021	101	101	23.698	0.234634	0.234634
mutation2022	101	101	6.099	0.0603861	0.0603861
mutation2023	101	101	18.057	0.178782	0.178782
mutation2024	101	101	1.286	0.0127327	0.0127327
mutation2025	101	87	-49.891	-0.49397	-0.57346
mutation2026	101	101	4.767	0.047198	0.047198
mutation2027	101	101	-34.827	-0.344822	-0.344822
mutation2028	101	101	-0.861	-0.00852475	-0.00852475
mutation2029	101	101	8.35	0.0826733	0.0826733
mutation2030	101	101	-5.78	-0.0572277	-0.0572277
mutation2031	101	101	6.298	0.0623564	0.0623564
mutation2032	101	101	29.651	0.293574	0.293574
mutation2033	101	101	13.542	0.134079	0.134079
mutation2034	101	101	6.753	0.0668614	0.0668614
mutation2035	101	101	46.065	0.456089	0.456089
mutation2036	101	101	12.861	0.127337	0.127337
mutation2037	101	101	21.85	0.216337	0.216337
mutation2038	101	101	25.662	0.254079	0.254079
mutation2039	101	101	1.037	0.0102673	0.0102673
mutation2040	101	101	21.57	0.213564	0.213564
mutation2041	101	101	15.713	0.155574	0.155574
mutation2042	101	101	5.64	0.0558416	0.0558416
mutation2043	101	101	54.017	0.534822	0.534822
mutation2044	101	101	-11.04	-0.109307	-0.109307
mutation2045	101	101	5.528	0.0547327	0.0547327
mutation2046	101	101	-9.882	-0.0978416	-0.0978416
mutation2047	101	101	14.455	0.143119	0.143119
mutation2048	101	101	12.76	0.126337	0.126337
mutation2049	101	101	22.335	0.221139	0.221139
mutation2050	101	101	-1.286	-0.0127327	-0.0127327
mutation2051	101	101	2.71	0.0268317	0.0268317
mutation2052	101	101	12.692	0.125663	0.125663
mutation2053	101	101	5.504	0.0544951	0.0544951
mutation2054	101	101	21.155	0.209455	0.209455
mutation2055	101	101	15.471	0.153178	0.153178
mutation2056	101	101	-13.016	-0.128871	-0.128871
mutation2057	101	101	28.879	0.285931	0.285931
mutation2058	101	101	9.624	0.0952871	0.0952871
mutation2059	101	101	7.902	0.0782376	0.0782376
mutation2060	101	101	-16.815	-0.166485	-0.166485
mutation2061	101	101	50.271	0.497733	0.497733
mutation2062	101	101	-1.209	-0.0119703	-0.0119703
mutation2063	101	101	24.372	0.241307	0.241307
mutation2064	101	101	1.26	0.0124752	0.0124752
mutation2065	101	101	34.38	0.340396	0.340396
mutation2066	101	101	0.536	0.00530693	0.00530693
mutation2067	101	101	-3.285	-0.0325248	-0.0325248
mutation2068	101	101	-2.397	-0.0237327	-0.0237327
mutation2069	101	101	-7.735	-0.0765842	-0.0765842
mutation2070	101	101	21.156	0.209465	0.209465
mutation2071	101	101	23.937	0.237	0.237
mutation2072	101	101	12.886	0.127584	0.127584
mutation2073	101	101	0.514001	0.00508912	0.00508912
mutation2074	101	101	7.024	0.0695446	0.0695446
mutation2075	101	101	19.863	0.196663	0.196663
mutation2076	101	101	19.287	0.19096	0.19096
mutation2077	101	101	14.097	0.139574	0.139574
mutation2078	101	101	0.305	0.0030198	0.0030198
mutation2079	101	101	0.935	0.00925743	0.00925743
mutation2080	101	0	0	0	0
mutation2081	101	101	-10.165	-0.100644	-0.100644
mutation2082	101	101	11.423	0.113099	0.113099
mutation2083	101	101	36.104	0.357465	0.357465
mutation2084	101	101	-17.408	-0.172356	-0.172356
mutation2085	101	27	1.768	0.017505	0.0654815
mutation2086	101	101	11.253	0.111416	0.111416
mutation2087	101	101	8.61	0.0852475	0.0852475
mutation2088	101	101	26.541	0.262782	0.262782
mutation2089	101	101	13.705	0.135693	0.135693
mutation2090	101	101	41.543	0.411317	0.411317
mutation2091	101	101	4.695	0.0464852	0.0464852
mutation2092	101	101	10.526	0.104218	0.104218
mutation2093	101	101	72.981	0.722584	0.722584
mutation2094	101	101	-0.593	-0.00587129	-0.00587129
mutation2095	101	101	13.99	0.138515	0.138515
mutation2096	101	101	1.23	0.0121782	0.0121782
mutation2097	101	101	15.372	0.152198	0.152198
mutation2098	101	101	13.284	0.131525	0.131525
mutation2099	101	101	5.887	0.0582871	0.0582871
mutation2100	101	101	46.392	0.459327	0.459327
mutation2101	101	101	6.188	0.0612673	0.0612673
mutation2102	101	101	1.707	0.016901	0.016901
mutation2103	101	101	13.474	0.133406	0.133406
mutation2104	101	101	0.97	0.00960396	0.00960396
mutation2105	101	101	4.387	0.0434356	0.0434356
mutation2106	101	101	8.592	0.0850693	0.0850693
mutation2107	101	101	-2.801	-0.0277327	-0.0277327
mutation2108	101	101	10.499	0.10395	0.10395
mutation2109	101	101	-14.933	-0.147851	-0.147851
mutation2110	101	101	-16.091	-0.159317	-0.159317
mutation2111	101	101	-16.131	-0.159713	-0.159713
mutation2112	101	101	-33.844	-0.335089	-0.335089
mutation2113	101	101	14.795	0.146485	0.146485
mutation2114	101	101	28.184	0.27905	0.27905
mutation2115	101	101	18.784	0.18598	0.18598
mutation2116	101	101	8.111	0.0803069	0.0803069
mutation2117	101	101	44.99	0.445446	0.445446
mutation2118	101	101	25.791	0.255356	0.255356
mutation2119	101	101	74.941	0.74199	0.74199
mutation2120	101	101	21.275	0.210644	0.210644
mutation2121	101	101	7.266	0.0719406	0.0719406
mutation2122	101	101	7.177	0.0710594	0.0710594
mutation2123	101	101	8.772	0.0868515	0.0868515
mutation2124	101	101	1.456	0.0144158	0.0144158
mutation2125	101	101	-1.665	-0.0164851	-0.0164851
mutation2126	101	101	-25.058	-0.248099	-0.248099
mutation2127	101	101	9.852	0.0975446	0.0975446
mutation2128	101	101	19.33	0.191386	0.191386
mutation2129	101	101	3.288	0.0325545	0.0325545
mutation2130	101	101	12.487	0.123634	0.123634
mutation2131	101	101	13.799	0.136624	0.136624
mutation2132	101	101	23.541	0.233079	0.233079
mutation2133	101	101	12.78	0.126535	0.126535
mutation2134	101	101	75.156	0.744119	0.744119
mutation2135	101	101	-9.867	-0.0976931	-0.0976931
mutation2136	101	101	15.889	0.157317	0.157317
mutation2137	101	101	0.0440003	0.000435646	0.000435646
mutation2138	101	101	13.34	0.132079	0.132079
mutation2139	101	101	17.483	0.173099	0.173099
mutation2140	101	101	32.161	0.318426	0.318426
mutation2141	101	101	36.538	0.361762	0.361762
mutation2142	101	101	8.132	0.0805149	0.0805149
mutation2143	101	101	9.688	0.0959208	0.0959208
mutation2144	101	101	9.068	0.0897822	0.0897822
mutation2145	101	101	22.657	0.224327	0.224327
mutation2146	101	101	15.434	0.152812	0.152812
mutation2147	101	101	23.366	0.231347	0.231347
mutation2148	101	101	22.011	0.217931	0.217931
mutation2149	101	101	43.147	0.427198	0.427198
mutation2150	101	101	-1.528	-0.0151287	-0.0151287
mutation2151	101	101	-1.521	-0.0150594	-0.0150594
mutation2152	101	101	16.228	0.160673	0.160673
mutation2153	101	101	27.442	0.271703	0.271703
mutation2154	101	101	1.718	0.0170099	0.0170099
mutation2155	101	101	2.205	0.0218317	0.0218317
mutation2156	101	101	-3.991	-0.0395149	-0.0395149
mutation2157	101	101	-16.822	-0.166554	-0.166554
mutation2158	101	101	17.399	0.172267	0.172267
mutation2159	101	101	29.692	0.29398	0.29398
mutation2160	101	101	8.887	0.0879901	0.0879901
mutation2161	101	101	32.925	0.32599	0.32599
mutation2162	101	101	-7.991	-0.0791188	-0.0791188
mutation2163	101	101	28.294	0.280139	0.280139
mutation2164	101	101	4.092	0.0405149	0.0405149
mutation2165	101	101	-21.773	-0.215574	-0.215574
mutation2166	101	101	4.626	0.045802	0.045802
mutation2167	101	101	-3.225	-0.0319307	-0.0319307
mutation2168	101	101	3.879	0.0384059	0.0384059
mutation2169	101	101	19.441	0.192485	0.192485
mutation2170	101	101	24.981	0.247337	0.247337
mutation2171	101	101	-14.591	-0.144465	-0.144465
mutation2172	101	101	1.172	0.011604	0.011604
mutation2173	101	101	10.547	0.104426	0.104426
mutation2174	101	101	10.323	0.102208	0.102208
mutation2175	101	101	28.625	0.283416	0.283416
mutation2176	101	101	13.35	0.132178	0.132178
mutation2177	101	101	38.012	0.376356	0.376356
mutation2178	101	101	29.326	0.290356	0.290356
mutation2179	101	101	26.734	0.264693	0.264693
mutation2180	101	101	18.563	0.183792	0.183792
mutation2181	101	101	26.638	0.263743	0.263743
mutation2182	101	101	13.563	0.134287	0.134287
mutation2183	101	101	6.433	0.0636931	0.0636931
mutation2184	101	101	15.834	0.156772	0.156772
mutation2185	101	101	12.638	0.125129	0.125129
mutation2186	101	101	11.881	0.117634	0.117634
mutation2187	101	101	-15.245	-0.150941	-0.150941
mutation2188	101	101	1.429	0.0141485	0.0141485
mutation2189	101	101	20.302	0.20101	0.20101
mutation2190	101	101	4.859	0.0481089	0.0481089
mutation2191	101	101	101.18	1.00178	1.00178
mutation2192	101	101	20.492	0.202891	0.202891
mutation2193	101	101	-0.0929993	-0.000920785	-0.000920785
mutation2194	101	101	8.827	0.087396	0.087396
mutation2195	101	101	-12.063	-0.119436	-0.119436
mutation2196	101	101	13.432	0.13299	0.13299
mutation2197	101	101	16.493	0.163297	0.163297
mutation2198	101	101	5.913	0.0585446	0.0585446
mutation2199	101	101	30.131	0.298327	0.298327
mutation2200	101	101	-7.29	-0.0721782	-0.0721782
mutation2201	101	101	8.26	0.0817822	0.0817822
mutation2202	101	101	61.767	0.611554	0.611554
mutation2203	101	101	-19.924	-0.197267	-0.197267
mutation2204	101	101	-13.76	-0.136238	-0.136238
mutation2205	101	101	11.81	0.116931	0.116931
mutation2206	101	101	2.69	0.0266337	0.0266337
mutation2207	101	101	53.549	0.530188	0.530188
mutation2208	101	101	1.739	0.0172178	0.0172178
mutation2209	101	101	-7.494	-0.074198	-0.074198
mutation2210	101	101	-8.884	-0.0879604	-0.0879604
mutation2211	101	101	21.8	0.215842	0.215842
mutation2212	101	101	3.316	0.0328317	0.0328317
mutation2213	101	101	9.383	0.092901	0.092901
mutation2214	101	101	20.979	0.207713	0.207713
mutation2215	101	101	18.323	0.181416	0.181416
mutation2216	101	101	24.5	0.242574	0.242574
mutation2217	101	101	-2.949	-0.029198	-0.029198
mutation2218	101	101	-7.688	-0.0761188	-0.0761188
mutation2219	101	101	12.345	0.122228	0.122228
mutation2220	101	101	22.103	0.218842	0.218842
mutation2221	101	101	10.626	0.105208	0.105208
mutation2222	101	101	12.207	0.120861	0.120861
mutation2223	101	101	2.203	0.0218119	0.0218119
mutation2224	101	101	22.396	0.221743	0.221743
mutation2225	101	101	29.097	0.288089	0.288089
mutation2226	101	101	-7.117	-0.0704653	-0.0704653
mutation2227	101	101	20.622	0.204178	0.204178
mutation2228	101	101	2.887	0.0285842	0.0285842
mutation2229	101	101	26.899	0.266327	0.266327
mutation2230	101	101	-0.401	-0.0039703	-0.0039703
mutation2231	101	101	20.62	0.204158	0.204158
mutation2232	101	101	6.922	0.0685347	0.0685347
mutation2233	101	101	-18.551	-0.183673	-0.183673
mutation2234	101	101	19.663	0.194683	0.194683
mutation2235	101	101	-2.98	-0.0295049	-0.0295049
mutation2236	101	101	21.608	0.213941	0.213941
mutation2237	101	101	4.465	0.0442079	0.0442079
mutation2238	101	101	9.943	0.0984455	0.0984455
mutation2239	101	101	19.242	0.190515	0.190515
mutation2240	101	101	31.251	0.309416	0.309416
mutation2241	101	101	14.68	0.145347	0.145347
mutation2242	101	101	11.786	0.116693	0.116693
mutation2243	101	101	26.031	0.257733	0.257733
mutation2244	101	101	9.355	0.0926238	0.0926238
mutation2245	101	101	4.137	0.0409604	0.0409604
mutation2246	101	101	24.858	0.246119	0.246119
mutation2247	101	101	8.271	0.0818911	0.0818911
mutation2248	101	101	38.052	0.376752	0.376752
mutation2249	101	101	29.04	0.287525	0.287525
mutation2250	101	101	-5.988	-0.0592871	-0.0592871
mutation2251	101	101	10.041	0.0994158	0.0994158
mutation2252	101	101	-14.314	-0.141723	-0.141723
mutation2253	101	101	-73.33	-0.72604	-0.72604
mutation2254	101	101	6.41	0.0634653	0.0634653
mutation2255	101	101	49.278	0.487901	0.487901
mutation2256	101	101	22.045	0.218267	0.218267
mutation2257	101	101	7.357	0.0728416	0.0728416
mutation2258	101	101	33.805	0.334703	0.334703
mutation2259	101	101	32.796	0.324713	0.324713
mutation2260	101	101	35.202	0.348535	0.348535
mutation2261	101	101	7.41	0.0733663	0.0733663
mutation2262	101	101	8.955	0.0886634	0.0886634
mutation2263	101	101	-6.184	-0.0612277	-0.0612277
mutation2264	101	101	19.248	0.190574	0.190574
mutation2265	101	101	14.369	0.142267	0.142267
mutation2266	101	101	-0.972	-0.00962376	-0.00962376
mutation2267	101	101	5.322	0.0526931	0.0526931
mutation2268	101	101	10.168	0.100673	0.100673
mutation2269	101	101	9.516	0.0942178	0.0942178
mutation2270	101	101	11.563	0.114485	0.114485
mutation2271	101	101	9.971	0.0987228	0.0987228
mutation2272	101	101	3.075	0.0304455	0.0304455
mutation2273	101	101	9.893	0.0979505	0.0979505
mutation2274	101	101	64.295	0.636584	0.636584
mutation2275	101	101	9.617	0.0952178	0.0952178
mutation2276	101	101	7.006	0.0693663	0.0693663
mutation2277	101	101	-16.009	-0.158505	-0.158505
mutation2278	101	101	0.942	0.00932674	0.00932674
mutation2279	101	101	1.737	0.017198	0.017198
mutation2280	101	101	5.357	0.0530396	0.0530396
mutation2281	101	101	9.989	0.098901	0.098901
mutation2282	101	101	-0.316	-0.00312871	-0.00312871
mutation2283	101	101	18.582	0.18398	0.18398
mutation2284	101	101	-4.713	-0.0466634	-0.0466634
mutation2285	101	101	-2.27	-0.0224752	-0.0224752
mutation2286	101	101	8.024	0.0794455	0.0794455
mutation2287	101	101	0.954001	0.00944555	0.00944555
mutation2288	101	101	-15.202	-0.150515	-0.150515
mutation2289	101	101	-3.071	-0.0304059	-0.0304059
mutation2290	101	101	7.573	0.0749802	0.0749802
mutation2291	101	101	9.778	0.0968119	0.0968119
mutation2292	101	101	1.066	0.0105545	0.0105545
mutation2293	101	101	-28.393	-0.281119	-0.281119
mutation2294	101	101	10.887	0.107792	0.107792
mutation2295	101	101	27.917	0.276406	0.276406
mutation2296	101	101	8.265	0.0818317	0.0818317
mutation2297	101	101	5.782	0.0572475	0.0572475
mutation2298	101	101	9.613	0.0951782	0.0951782
mutation2299	101	101	13.908	0.137703	0.137703
mutation2300	101	101	5.112	0.0506139	0.0506139
mutation2301	101	101	26.733	0.264683	0.264683
mutation2302	101	101	23.934	0.23697	0.23697
mutation2303	101	101	20.38	0.201782	0.201782
mutation2304	101	101	10.786	0.106792	0.106792
mutation2305	101	101	3.178	0.0314653	0.0314653
mutation2306	101	101	14.12	0.139802	0.139802
mutation2307	101	101	16.788	0.166218	0.166218
mutation2308	101	101	13.097	0.129673	0.129673
mutation2309	101	101	19.478	0.192851	0.192851
mutation2310	101	101	38.169	0.377911	0.377911
mutation2311	101	101	25.882	0.256257	0.256257
mutation2312	101	101	2.422	0.0239802	0.0239802
mutation2313	101	101	11.012	0.10903	0.10903
mutation2314	101	101	-9.997	-0.0989802	-0.0989802
mutation2315	101	101	8.126	0.0804555	0.0804555
mutation2316	101	101	3.231	0.0319901	0.0319901
mutation2317	101	101	12.01	0.118911	0.118911
mutation2318	101	101	8.104	0.0802376	0.0802376
mutation2319	101	101	-19.688	-0.194931	-0.194931
mutation2320	101	101	-0.0539998	-0.000534652	-0.000534652
mutation2321	101	101	9.737	0.0964059	0.0964059
mutation2322	101	101	1.113	0.0110198	0.0110198
mutation2323	101	101	54.015	0.534802	0.534802
mutation2324	101	101	17.091	0.169218	0.169218
mutation2325	101	101	27.176	0.269069	0.269069
mutation2326	101	101	20.818	0.206119	0.206119
mutation2327	101	101	0.427	0.00422772	0.00422772
mutation2328	101	101	64.526	0.638871	0.638871
mutation2329	101	101	74.554	0.738158	0.738158
mutation2330	101	101	4.84	0.0479208	0.0479208
mutation2331	101	101	0.996	0.00986138	0.00986138
mutation2332	101	101	24.436	0.241941	0.241941
mutation2333	101	101	2.179	0.0215743	0.0215743
mutation2334	101	101	7.887	0.0780891	0.0780891
mutation2335	101	101	33.144	0.328158	0.328158
mutation2336	101	101	-5.594	-0.0553861	-0.0553861
mutation2337	101	101	10.507	0.10403	0.10403
mutation2338	101	101	11.154	0.110436	0.110436
mutation2339	101	101	16.83	0.166634	0.166634
mutation2340	101	101	-0.776	-0.00768317	-0.00768317
mutation2341	101	101	2.046	0.0202574	0.0202574
mutation2342	101	101	6.906	0.0683762	0.0683762
mutation2343	101	101	5.496	0.0544158	0.0544158
mutation2344	101	101	13.269	0.131376	0.131376
mutation2345	101	101	-2.6	-0.0257426	-0.0257426
mutation2346	101	101	13.121	0.129911	0.129911
mutation2347	101	101	34.521	0.341792	0.341792
mutation2348	101	101	6.733	0.0666634	0.0666634
mutation2349	101	101	18.245	0.180644	0.180644
mutation2350	101	101	5.425	0.0537129	0.0537129
mutation2351	101	101	17.801	0.176248	0.176248
mutation2352	101	101	13.611	0.134762	0.134762
mutation2353	101	101	10.746	0.106396	0.106396
mutation2354	101	101	55.922	0.553683	0.553683
mutation2355	101	101	12.134	0.120139	0.120139
mutation2356	101	101	-5.349	-0.0529604	-0.0529604
mutation2357	101	101	7.578	0.0750297	0.0750297
mutation2358	101	101	-0.855	-0.00846534	-0.00846534
mutation2359	101	101	-25.081	-0.248327	-0.248327
mutation2360	101	101	-0.327	-0.00323762	-0.00323762
mutation2361	101	101	4.985	0.0493564	0.0493564
mutation2362	101	101	0.605	0.0059901	0.0059901
mutation2363	101	101	17.462	0.172891	0.172891
mutation2364	101	101	10.266	0.101644	0.101644
mutation2365	101	101	6.482	0.0641782	0.0641782
mutation2366	101	101	9.492	0.0939802	0.0939802
mutation2367	101	101	26.635	0.263713	0.263713
mutation2368	101	101	7.383	0.073099	0.073099
mutation2369	101	101	-1.633	-0.0161683	-0.0161683
mutation2370	101	101	-21.731	-0.215158	-0.215158
mutation2371	101	101	8.01	0.0793069	0.0793069
mutation2372	101	101	-2.987	-0.0295743	-0.0295743
mutation2373	101	101	4.861	0.0481287	0.0481287
mutation2374	101	101	7.153	0.0708218	0.0708218
mutation2375	101	101	-2.408	-0.0238416	-0.0238416
mutation2376	101	101	11.249	0.111376	0.111376
mutation2377	101	101	9.118	0.0902772	0.0902772
mutation2378	101	101	14.255	0.141139	0.141139
mutation2379	101	101	14.971	0.148228	0.148228
mutation2380	101	101	17.679	0.17504	0.17504
mutation2381	101	101	6.368	0.0630495	0.0630495
mutation2382	101	101	10.964	0.108554	0.108554
mutation2383	101	101	26.429	0.261673	0.261673
mutation2384	101	101	9.261	0.0916931	0.0916931
mutation2385	101	101	19.938	0.197406	0.197406
mutation2386	101	101	-2.164	-0.0214257	-0.0214257
mutation2387	101	101	14.904	0.147564	0.147564
mutation2388	101	101	-1.531	-0.0151584	-0.0151584
mutation2389	101	101	2.987	0.0295743	0.0295743
mutation2390	101	101	14.657	0.145119	0.145119
mutation2391	101	101	17.277	0.171059	0.171059
mutation2392	101	101	33.51	0.331782	0.331782
mutation2393	101	101	1.739	0.0172178	0.0172178
mutation2394	101	101	12.158	0.120376	0.120376
mutation2395	101	101	7.699	0.0762277	0.0762277
mutation2396	101	101	2.982	0.0295248	0.0295248
mutation2397	101	101	11.255	0.111436	0.111436
mutation2398	101	101	-36.784	-0.364198	-0.364198
mutation2399	101	101	1.22	0.0120792	0.0120792
mutation2400	101	101	-6.414	-0.0635049	-0.0635049
mutation2401	101	101	-5.05	-0.05	-0.05
mutation2402	101	101	11.064	0.109545	0.109545
mutation2403	101	101	-1.002	-0.0099208	-0.0099208
mutation2404	101	101	16.368	0.162059	0.162059
mutation2405	101	101	12.089	0.119693	0.119693
mutation2406	101	101	41.316	0.409069	0.409069
mutation2407	101	101	31.844	0.315287	0.315287
mutation2408	101	101	-5.881	-0.0582277	-0.0582277
mutation2409	101	101	-56.775	-0.562129	-0.562129
mutation2410	101	101	6.838	0.067703	0.067703
mutation2411	101	0	0	0	0
mutation2412	101	101	35.947	0.355911	0.355911
mutation2413	101	101	23.492	0.232594	0.232594
mutation2414	101	101	5.55	0.0549505	0.0549505
mutation2415	101	101	11.403	0.112901	0.112901
mutation2416	101	101	18.293	0.181119	0.181119
mutation2417	101	101	-4.616	-0.045703	-0.045703
mutation2418	101	101	11.298	0.111861	0.111861
mutation2419	101	101	31.264	0.309545	0.309545
mutation2420	101	101	34.984	0.346376	0.346376
mutation2421	101	101	8.313	0.0823069	0.0823069
mutation2422	101	101	28.013	0.277356	0.277356
mutation2423	101	101	3.921	0.0388218	0.0388218
mutation2424	101	101	20.845	0.206386	0.206386
mutation2425	101	101	3.451	0.0341683	0.0341683
mutation2426	101	101	5.527	0.0547228	0.0547228
mutation2427	101	101	59.457	0.588683	0.588683
mutation2428	101	101	7.964	0.0788515	0.0788515
mutation2429	101	101	-36.228	-0.358693	-0.358693
mutation2430	101	101	-14.1	-0.139604	-0.139604
mutation2431	101	101	7.87	0.0779208	0.0779208
mutation2432	101	101	17.936	0.177584	0.177584
mutation2433	101	101	13.551	0.134168	0.134168
mutation2434	101	101	7.484	0.074099	0.074099
mutation2435	101	101	-12.24	-0.121188	-0.121188
mutation2436	101	101	-0.895	-0.00886139	-0.00886139
mutation2437	101	101	7.075	0.0700495	0.0700495
mutation2438	101	101	16.642	0.164772	0.164772
mutation2439	101	101	-6.765	-0.0669802	-0.0669802
mutation2440	101	101	-18.14	-0.179604	-0.179604
mutation2441	101	101	1.899	0.018802	0.018802
mutation2442	101	101	-2.117	-0.0209604	-0.0209604
mutation2443	101	101	25.086	0.248376	0.248376
mutation2444	101	101	-0.451	-0.00446535	-0.00446535
mutation2445	101	101	28.269	0.279891	0.279891
mutation2446	101	101	14.378	0.142356	0.142356
mutation2447	101	101	-18.057	-0.178782	-0.178782
mutation2448	101	101	19.322	0.191307	0.191307
mutation2449	101	101	-2.946	-0.0291683	-0.0291683
mutation2450	101	101	45.891	0.454366	0.454366
mutation2451	101	101	10.958	0.108495	0.108495
mutation2452	101	101	14.97	0.148218	0.148218
mutation2453	101	101	47.472	0.47002	0.47002
mutation2454	101	101	12.269	0.121475	0.121475
mutation2455	101	101	36.434	0.360733	0.360733
mutation2456	101	101	12.967	0.128386	0.128386
mutation2457	101	101	1.746	0.0172871	0.0172871
mutation2458	101	101	22.295	0.220743	0.220743
mutation2459	101	101	37.891	0.375158	0.375158
mutation2460	101	101	6.875	0.0680693	0.0680693
mutation2461	101	101	8.307	0.0822475	0.0822475
mutation2462	101	101	-4.673	-0.0462673	-0.0462673
mutation2463	101	101	-2.155	-0.0213366	-0.0213366
mutation2464	101	101	3.757	0.037198	0.037198
mutation2465	101	101	10.49	0.103861	0.103861
mutation2466	101	101	16.03	0.158713	0.158713
mutation2467	101	101	4.327	0.0428416	0.0428416
mutation2468	101	101	-11.202	-0.110911	-0.110911
mutation2469	101	101	19.337	0.191455	0.191455
mutation2470	101	101	-1.756	-0.0173861	-0.0173861
mutation2471	101	101	56.607	0.560465	0.560465
mutation2472	101	101	-0.469	-0.00464357	-0.00464357
mutation2473	101	101	61.674	0.610634	0.610634
mutation2474	101	101	20.544	0.203406	0.203406
mutation2475	101	101	21.817	0.21601	0.21601
mutation2476	101	101	9.664	0.0956832	0.0956832
mutation2477	101	101	-5.795	-0.0573762	-0.0573762
mutation2478	101	101	57.945	0.573713	0.573713
mutation2479	101	101	2.369	0.0234554	0.0234554
mutation2480	101	101	3.183	0.0315149	0.0315149
mutation2481	101	101	13.287	0.131554	0.131554
mutation2482	101	101	-1.173	-0.0116139	-0.0116139
mutation2483	101	101	0.795	0.00787129	0.00787129
mutation2484	101	101	4.576	0.0453069	0.0453069
mutation2485	101	101	-7.179	-0.0710792	-0.0710792
mutation2486	101	101	-1.75	-0.0173267	-0.0173267
mutation2487	101	101	-6.414	-0.0635049	-0.0635049
mutation2488	101	101	32.838	0.325129	0.325129
mutation2489	101	101	22.437	0.222149	0.222149
mutation2490	101	101	8.217	0.0813564	0.0813564
mutation2491	101	101	12.098	0.119782	0.119782
mutation2492	101	101	6.106	0.0604554	0.0604554
mutation2493	101	101	16.659	0.164941	0.164941
mutation2494	101	101	-22.148	-0.219287	-0.219287
mutation2495	101	101	-10.065	-0.0996535	-0.0996535
mutation2496	101	101	0.284	0.00281188	0.00281188
mutation2497	101	101	18.782	0.18596	0.18596
mutation2498	101	101	10.998	0.108891	0.108891
mutation2499	101	101	2.908	0.0287921	0.0287921
mutation2500	101	101	20.763	0.205574	0.205574
mutation2501	101	101	1.876	0.0185743	0.0185743
mutation2502	101	101	6.782	0.0671485	0.0671485
mutation2503	101	101	-35.518	-0.351663	-0.351663
mutation2504	101	101	14.744	0.14598	0.14598
mutation2505	101	101	12.856	0.127287	0.127287
mutation2506	101	101	6.985	0.0691584	0.0691584
mutation2507	101	101	7.329	0.0725644	0.0725644
mutation2508	101	101	40.993	0.405871	0.405871
mutation2509	101	101	-0.543	-0.00537623	-0.00537623
mutation2510	101	101	13.766	0.136297	0.136297
mutation2511	101	31	-7.02	-0.0695049	-0.226452
mutation2512	101	101	13.078	0.129485	0.129485
mutation2513	101	101	1.136	0.0112475	0.0112475
mutation2514	101	101	8.123	0.0804257	0.0804257
mutation2515	101	101	13.916	0.137782	0.137782
mutation2516	101	101	1.377	0.0136337	0.0136337
mutation2517	101	101	12.915	0.127871	0.127871
mutation2518	101	0	0	0	0
mutation2519	101	101	21.968	0.217505	0.217505
mutation2520	101	101	19.901	0.19704	0.19704
mutation2521	101	101	-6.077	-0.0601683	-0.0601683
mutation2522	101	101	7.184	0.0711287	0.0711287
mutation2523	101	101	-3.321	-0.0328812	-0.0328812
mutation2524	101	101	70.871	0.701693	0.701693
mutation2525	101	101	7.408	0.0733465	0.0733465
mutation2526	101	101	-0.245	-0.00242574	-0.00242574
mutation2527	101	101	6.61	0.0654455	0.0654455
mutation2528	101	101	20.162	0.199624	0.199624
mutation2529	101	101	73.802	0.730713	0.730713
mutation2530	101	101	29.461	0.291693	0.291693
mutation2531	101	101	18.309	0.181277	0.181277
mutation2532	101	101	30.595	0.302921	0.302921
mutation2533	101	101	12.396	0.122733	0.122733
mutation2534	101	101	11.436	0.113228	0.113228
mutation2535	101	101	15.939	0.157812	0.157812
mutation2536	101	101	8.602	0.0851683	0.0851683
mutation2537	101	101	-8.075	-0.0799505	-0.0799505
mutation2538	101	101	-3.76	-0.0372277	-0.0372277
mutation2539	101	101	12.867	0.127396	0.127396
mutation2540	101	101	7.789	0.0771188	0.0771188
mutation2541	101	101	15.74	0.155842	0.155842
mutation2542	101	101	47.325	0.468564	0.468564
mutation2543	101	101	14.794	0.146475	0.146475
mutation2544	101	101	2.221	0.0219901	0.0219901
mutation2545	101	101	17.202	0.170317	0.170317
mutation2546	101	101	31.017	0.307099	0.307099
mutation2547	101	101	8.392	0.0830891	0.0830891
mutation2548	101	101	18.474	0.182911	0.182911
mutation2549	101	101	23.909	0.236723	0.236723
mutation2550	101	101	31.387	0.310762	0.310762
mutation2551	101	101	-0.442	-0.00437624	-0.00437624
mutation2552	101	101	11.156	0.110455	0.110455
mutation2553	101	101	18.93	0.187426	0.187426
mutation2554	101	101	0.701	0.00694059	0.00694059
mutation2555	101	101	-6.726	-0.0665941	-0.0665941
mutation2556	101	101	19.781	0.195851	0.195851
mutation2557	101	101	11.521	0.114069	0.114069
mutation2558	101	101	-1.737	-0.017198	-0.017198
mutation2559	101	101	15.553	0.15399	0.15399
mutation2560	101	101	-15.124	-0.149743	-0.149743
mutation2561	101	101	8.835	0.0874753	0.0874753
mutation2562	101	101	14.371	0.142287	0.142287
mutation2563	101	101	3.452	0.0341782	0.0341782
mutation2564	101	101	-4.837	-0.0478911	-0.0478911
mutation2565	101	101	-10.134	-0.100337	-0.100337
mutation2566	101	101	11.244	0.111327	0.111327
mutation2567	101	101	13.694	0.135584	0.135584
mutation2568	101	101	46.385	0.459257	0.459257
mutation2569	101	101	-20.505	-0.20302	-0.20302
mutation2570	101	101	-2.858	-0.028297	-0.028297
mutation2571	101	101	2.563	0.0253762	0.0253762
mutation2572	101	101	4.083	0.0404257	0.0404257
mutation2573	101	101	46.632	0.461703	0.461703
mutation2574	101	101	26.435	0.261733	0.261733
mutation2575	101	101	-7.584	-0.0750891	-0.0750891
mutation2576	101	101	0.964	0.00954455	0.00954455
mutation2577	101	101	10.212	0.101109	0.101109
mutation2578	101	101	4.727	0.046802	0.046802
mutation2579	101	101	13.169	0.130386	0.130386
mutation2580	101	101	8.993	0.0890396	0.0890396
mutation2581	101	101	10.568	0.104634	0.104634
mutation2582	101	101	-3.917	-0.0387822	-0.0387822
mutation2583	101	101	5.667	0.0561089	0.0561089
mutation2584	101	101	42.536	0.421149	0.421149
mutation2585	101	101	-0.955	-0.00945545	-0.00945545
mutation2586	101	101	3.833	0.0379505	0.0379505
mutation2587	101	101	-5.752	-0.0569505	-0.0569505
mutation2588	101	101	4.685	0.0463861	0.0463861
mutation2589	101	101	1.052	0.0104158	0.0104158
mutation2590	101	101	-8.716	-0.086297	-0.086297
mutation2591	101	101	29.576	0.292832	0.292832
mutation2592	101	101	2.368	0.0234455	0.0234455
mutation2593	101	101	19.885	0.196881	0.196881
mutation2594	101	101	12.202	0.120812	0.120812
mutation2595	101	101	-2.112	-0.0209109	-0.0209109
mutation2596	101	101	30.015	0.297178	0.297178
mutation2597	101	101	-4.888	-0.048396	-0.048396
mutation2598	101	101	9.654	0.0955842	0.0955842
mutation2599	101	101	20.774	0.205683	0.205683
mutation2600	101	101	8.264	0.0818218	0.0818218
mutation2601	101	101	6.056	0.0599604	0.0599604
mutation2602	101	101	-3.548	-0.0351287	-0.0351287
mutation2603	101	101	3.138	0.0310693	0.0310693
mutation2604	101	101	2.361	0.0233762	0.0233762
mutation2605	101	101	17.141	0.169713	0.169713
mutation2606	101	101	46.046	0.455901	0.455901
mutation2607	101	101	12.152	0.120317	0.120317
mutation2608	101	101	7.976	0.0789703	0.0789703
mutation2609	101	101	13.546	0.134119	0.134119
mutation2610	101	101	20.493	0.202901	0.202901
mutation2611	101	101	46.989	0.465238	0.465238
mutation2612	101	101	7.839	0.0776139	0.0776139
mutation2613	101	101	9.752	0.0965545	0.0965545
mutation2614	101	101	-0.495	-0.00490099	-0.00490099
mutation2615	101	101	8.705	0.0861881	0.0861881
mutation2616	101	101	2.72	0.0269307	0.0269307
mutation2617	101	101	0.728001	0.00720793	0.00720793
mutation2618	101	101	14.754	0.146079	0.146079
mutation2619	101	101	14.068	0.139287	0.139287
mutation2620	101	101	20.493	0.202901	0.202901
mutation2621	101	101	15.293	0.151416	0.151416
mutation2622	101	101	2.78	0.0275247	0.0275247
mutation2623	101	101	14.189	0.140485	0.140485
mutation2624	101	101	5.76	0.0570297	0.0570297
mutation2625	101	101	27.18	0.269109	0.269109
mutation2626	101	101	8.17	0.0808911	0.0808911
mutation2627	101	101	-23.195	-0.229653	-0.229653
mutation2628	101	101	-5.775	-0.0571782	-0.0571782
mutation2629	101	101	-18.346	-0.181644	-0.181644
mutation2630	101	101	-20.32	-0.201188	-0.201188
mutation2631	101	101	-10.354	-0.102515	-0.102515
mutation2632	101	101	-12.336	-0.122139	-0.122139
mutation2633	101	101	16.377	0.162149	0.162149
mutation2634	101	101	-1.953	-0.0193366	-0.0193366
mutation2635	101	101	11.016	0.109069	0.109069
mutation2636	101	101	16.221	0.160604	0.160604
mutation2637	101	101	4.041	0.0400099	0.0400099
mutation2638	101	101	-9.608	-0.0951287	-0.0951287
mutation2639	101	101	13.722	0.135861	0.135861
mutation2640	101	101	32.19	0.318713	0.318713
mutation2641	101	101	70.788	0.700871	0.700871
mutation2642	101	101	2.253	0.0223069	0.0223069
mutation2643	101	101	30.183	0.298842	0.298842
mutation2644	101	101	10.458	0.103545	0.103545
mutation2645	101	101	3.078	0.0304752	0.0304752
mutation2646	101	101	13.194	0.130634	0.130634
mutation2647	101	101	7.95	0.0787129	0.0787129
mutation2648	101	101	20.597	0.203931	0.203931
mutation2649	101	101	-7.667	-0.0759109	-0.0759109
mutation2650	101	101	8.2	0.0811881	0.0811881
mutation2651	101	101	70.256	0.695604	0.695604
mutation2652	101	101	13.443	0.133099	0.133099
mutation2653	101	101	21.103	0.208941	0.208941
mutation2654	101	101	2.79	0.0276238	0.0276238
mutation2655	101	101	33.609	0.332762	0.332762
mutation2656	101	101	20.594	0.203901	0.203901
mutation2657	101	101	14.432	0.142891	0.142891
mutation2658	101	101	1.149	0.0113762	0.0113762
mutation2659	101	101	28.006	0.277287	0.277287
mutation2660	101	101	59.01	0.584257	0.584257
mutation2661	101	101	12.52	0.12396	0.12396
mutation2662	101	101	-2.437	-0.0241287	-0.0241287
mutation2663	101	101	4.925	0.0487624	0.0487624
mutation2664	101	101	14.832	0.146851	0.146851
mutation2665	101	101	0.369	0.00365346	0.00365346
mutation2666	101	101	10.477	0.103733	0.103733
mutation2667	101	101	13.84	0.13703	0.13703
mutation2668	101	101	1.221	0.0120891	0.0120891
mutation2669	101	101	12.117	0.11997	0.11997
mutation2670	101	101	-21.082	-0.208733	-0.208733
mutation2671	101	101	2.117	0.0209604	0.0209604
mutation2672	101	101	-38.832	-0.384475	-0.384475
mutation2673	101	101	30.123	0.298248	0.298248
mutation2674	101	101	-3.75	-0.0371287	-0.0371287
mutation2675	101	101	-15.188	-0.150376	-0.150376
mutation2676	101	101	5.361	0.0530792	0.0530792
mutation2677	101	101	25.35	0.25099	0.25099
mutation2678	101	101	58.416	0.578376	0.578376
mutation2679	101	101	-1.805	-0.0178713	-0.0178713
mutation2680	101	101	12.241	0.121198	0.121198
mutation2681	101	101	13.735	0.13599	0.13599
mutation2682	101	101	15.528	0.153743	0.153743
mutation2683	101	101	-8.501	-0.0841683	-0.0841683
mutation2684	101	101	17.895	0.177178	0.177178
mutation2685	101	101	6.908	0.068396	0.068396
mutation2686	101	101	16.799	0.166327	0.166327
mutation2687	101	101	15.344	0.151921	0.151921
mutation2688	101	101	18.765	0.185792	0.185792
mutation2689	101	101	3.953	0.0391386	0.0391386
mutation2690	101	101	5.693	0.0563663	0.0563663
mutation2691	101	101	14.512	0.143683	0.143683
mutation2692	101	101	13.923	0.137851	0.137851
mutation2693	101	101	0.792	0.00784159	0.00784159
mutation2694	101	101	13.028	0.12899	0.12899
mutation2695	101	101	-15.954	-0.15796	-0.15796
mutation2696	101	101	13.345	0.132129	0.132129
mutation2697	101	101	20.588	0.203842	0.203842
mutation2698	101	101	9.911	0.0981287	0.0981287
mutation2699	101	101	7.392	0.0731881	0.0731881
mutation2700	101	101	2.459	0.0243465	0.0243465
mutation2701	101	101	-0.362	-0.00358416	-0.00358416
mutation2702	101	101	4.533	0.0448812	0.0448812
mutation2703	101	101	-17.302	-0.171307	-0.171307
mutation2704	101	101	9.577	0.0948218	0.0948218
mutation2705	101	101	15.376	0.152238	0.152238
mutation2706	101	101	15.596	0.154416	0.154416
mutation2707	101	101	-21.942	-0.217248	-0.217248
mutation2708	101	101	1.237	0.0122475	0.0122475
mutation2709	101	101	29.05	0.287624	0.287624
mutation2710	101	101	13.743	0.136069	0.136069
mutation2711	101	101	20.038	0.198396	0.198396
mutation2712	101	101	-12.772	-0.126455	-0.126455
mutation2713	101	101	-7.455	-0.0738119	-0.0738119
mutation2714	101	101	2.045	0.0202475	0.0202475
mutation2715	101	101	4.68	0.0463366	0.0463366
mutation2716	101	101	26.785	0.265198	0.265198
mutation2717	101	101	6.584	0.0651881	0.0651881
mutation2718	101	101	12.976	0.128475	0.128475
mutation2719	101	101	6.209	0.0614752	0.0614752
mutation2720	101	101	6.791	0.0672376	0.0672376
mutation2721	101	101	11.412	0.11299	0.11299
mutation2722	101	101	25.894	0.256376	0.256376
mutation2723	101	101	35.104	0.347564	0.347564
mutation2724	101	101	13.835	0.13698	0.13698
mutation2725	101	101	16.127	0.159673	0.159673
mutation2726	101	101	18.669	0.184842	0.184842
mutation2727	101	101	4.237	0.0419505	0.0419505
mutation2728	101	101	12.4	0.122772	0.122772
mutation2729	101	101	63.416	0.627881	0.627881
mutation2730	101	101	-7.479	-0.0740495	-0.0740495
mutation2731	101	101	-7.656	-0.075802	-0.075802
mutation2732	101	101	17.169	0.16999	0.16999
mutation2733	101	101	14.948	0.148	0.148
mutation2734	101	101	9.543	0.0944852	0.0944852
mutation2735	101	101	7.834	0.0775644	0.0775644
mutation2736	101	101	16.183	0.160228	0.160228
mutation2737	101	101	12.277	0.121554	0.121554
mutation2738	101	0	0	0	0
mutation2739	101	101	-17.982	-0.17804	-0.17804
mutation2740	101	101	-7.304	-0.0723168	-0.0723168
mutation2741	101	101	23.566	0.233327	0.233327
mutation2742	101	101	10.701	0.10595	0.10595
mutation2743	101	101	62.099	0.614842	0.614842
mutation2744	101	101	60.294	0.59697	0.59697
mutation2745	101	101	-6.711	-0.0664455	-0.0664455
mutation2746	101	101	13.998	0.138594	0.138594
mutation2747	101	101	-10.113	-0.100129	-0.100129
mutation2748	101	101	-8.134	-0.0805347	-0.0805347
mutation2749	101	101	5.236	0.0518416	0.0518416
mutation2750	101	101	0.805	0.0079703	0.0079703
mutation2751	101	101	15.594	0.154396	0.154396
mutation2752	101	101	2.5	0.0247525	0.0247525
mutation2753	101	101	2.943	0.0291386	0.0291386
mutation2754	101	101	7.437	0.0736337	0.0736337
mutation2755	101	101	10.703	0.10597	0.10597
mutation2756	101	101	23.422	0.231901	0.231901
mutation2757	101	101	11.507	0.113931	0.113931
mutation2758	101	101	8.784	0.0869703	0.0869703
mutation2759	101	101	5.627	0.0557129	0.0557129
mutation2760	101	101	9.635	0.095396	0.095396
mutation2761	101	101	13.371	0.132386	0.132386
mutation2762	101	101	4.814	0.0476634	0.0476634
mutation2763	101	101	9.037	0.0894752	0.0894752
mutation2764	101	101	22.677	0.224525	0.224525
mutation2765	101	101	20.615	0.204109	0.204109
mutation2766	101	101	2.689	0.0266238	0.0266238
mutation2767	101	101	44.485	0.440446	0.440446
mutation2768	101	101	-7.305	-0.0723267	-0.0723267
mutation2769	101	101	11.94	0.118218	0.118218
mutation2770	101	101	27.475	0.27203	0.27203
mutation2771	101	101	5.695	0.0563861	0.0563861
mutation2772	101	101	25.325	0.250743	0.250743
mutation2773	101	101	5.269	0.0521683	0.0521683
mutation2774	101	101	9.355	0.0926238	0.0926238
mutation2775	101	101	19.859	0.196624	0.196624
mutation2776	101	101	-47.361	-0.468921	-0.468921
mutation2777	101	101	21.336	0.211248	0.211248
mutation2778	101	101	3.206	0.0317426	0.0317426
mutation2779	101	101	11.908	0.117901	0.117901
mutation2780	101	101	14.242	0.14101	0.14101
mutation2781	101	101	36.787	0.364228	0.364228
mutation2782	101	101	-18.785	-0.18599	-0.18599
mutation2783	101	101	11.472	0.113584	0.113584
mutation2784	101	101	7.31	0.0723762	0.0723762
mutation2785	101	101	0.371	0.00367327	0.00367327
mutation2786	101	101	7.255	0.0718317	0.0718317
mutation2787	101	101	8.584	0.0849901	0.0849901
mutation2788	101	101	22.801	0.225752	0.225752
mutation2789	101	101	14.19	0.140495	0.140495
mutation2790	101	101	18.105	0.179257	0.179257
mutation2791	101	101	-4.483	-0.0443861	-0.0443861
mutation2792	101	101	15.428	0.152752	0.152752
mutation2793	101	101	12.71	0.125842	0.125842
mutation2794	101	101	26.039	0.257812	0.257812
mutation2795	101	101	21.918	0.21701	0.21701
mutation2796	101	101	15.942	0.157842	0.157842
mutation2797	101	101	-5.912	-0.0585347	-0.0585347
mutation2798	101	101	36.264	0.35905	0.35905
mutation2799	101	101	10.879	0.107713	0.107713
mutation2800	101	101	7.198	0.0712673	0.0712673
mutation2801	101	101	4.191	0.041495	0.041495
mutation2802	101	101	14.763	0.146168	0.146168
mutation2803	101	101	-6.148	-0.0608713	-0.0608713
mutation2804	101	101	17.62	0.174455	0.174455
mutation2805	101	101	11.305	0.111931	0.111931
mutation2806	101	101	5.698	0.0564158	0.0564158
mutation2807	101	101	13.524	0.133901	0.133901
mutation2808	101	101	8.111	0.0803069	0.0803069
mutation2809	101	101	-2.021	-0.0200099	-0.0200099
mutation2810	101	101	9.832	0.0973465	0.0973465
mutation2811	101	101	-2.481	-0.0245644	-0.0245644
mutation2812	101	101	7.509	0.0743465	0.0743465
mutation2813	101	101	31.384	0.310733	0.310733
mutation2814	101	101	2.056	0.0203564	0.0203564
mutation2815	101	101	22.225	0.22005	0.22005
mutation2816	101	101	-5.919	-0.058604	-0.058604
mutation2817	101	101	27.634	0.273604	0.273604
mutation2818	101	101	5.667	0.0561089	0.0561089
mutation2819	101	101	18.541	0.183574	0.183574
mutation2820	101	101	4.901	0.0485248	0.0485248
mutation2821	101	101	17.438	0.172653	0.172653
mutation2822	101	0	0	0	0
mutation2823	101	101	31.284	0.309743	0.309743
mutation2824	101	101	8.384	0.0830099	0.0830099
mutation2825	101	101	-8.101	-0.0802079	-0.0802079
mutation2826	101	101	-0.0959995	-0.00095049	-0.00095049
mutation2827	101	101	15.062	0.149129	0.149129
mutation2828	101	101	2.511	0.0248614	0.0248614
mutation2829	101	101	6.384	0.0632079	0.0632079
mutation2830	101	101	-2.875	-0.0284653	-0.0284653
mutation2831	101	101	2.109	0.0208812	0.0208812
mutation2832	101	101	30.438	0.301366	0.301366
mutation2833	101	101	46.106	0.456495	0.456495
mutation2834	101	101	0.936	0.00926733	0.00926733
mutation2835	101	101	36.01	0.356535	0.356535
mutation2836	101	101	3.936	0.0389703	0.0389703
mutation2837	101	101	11.455	0.113416	0.113416
mutation2838	101	101	4.487	0.0444257	0.0444257
mutation2839	101	101	18.731	0.185455	0.185455
mutation2840	101	101	22.335	0.221139	0.221139
mutation2841	101	101	25.004	0.247564	0.247564
mutation2842	101	101	11.604	0.114891	0.114891
mutation2843	101	101	16.615	0.164505	0.164505
mutation2844	101	101	4.086	0.0404554	0.0404554
mutation2845	101	101	-1.556	-0.0154059	-0.0154059
mutation2846	101	101	6.284	0.0622178	0.0622178
mutation2847	101	101	17.879	0.17702	0.17702
mutation2848	101	101	25.404	0.251525	0.251525
mutation2849	101	101	-5.372	-0.0531881	-0.0531881
mutation2850	101	101	-11.176	-0.110653	-0.110653
mutation2851	101	101	15.791	0.156347	0.156347
mutation2852	101	101	14.435	0.142921	0.142921
mutation2853	101	101	-17.146	-0.169762	-0.169762
mutation2854	101	101	10.549	0.104446	0.104446
mutation2855	101	101	-10.895	-0.107871	-0.107871
mutation2856	101	101	-1.956	-0.0193663	-0.0193663
mutation2857	101	101	1.902	0.0188317	0.0188317
mutation2858	101	101	7.632	0.0755644	0.0755644
mutation2859	101	101	12.081	0.119614	0.119614
mutation2860	101	101	0.673	0.00666336	0.00666336
mutation2861	101	101	10.728	0.106218	0.106218
mutation2862	101	101	-23.766	-0.235307	-0.235307
mutation2863	101	101	-0.0730005	-0.000722777	-0.000722777
mutation2864	101	101	49.762	0.492693	0.492693
mutation2865	101	101	18.109	0.179297	0.179297
mutation2866	101	101	11.919	0.11801	0.11801
mutation2867	101	101	15.459	0.153059	0.153059
